date,Consumer price index
2015-01-01,94.643
2015-01-02,94.643
2015-01-03,94.643
2015-01-04,94.643
2015-01-05,94.643
2015-01-06,94.643
2015-01-07,94.643
2015-01-08,94.643
2015-01-09,94.643
2015-01-10,94.643
2015-01-11,94.643
2015-01-12,94.643
2015-01-13,94.643
2015-01-14,94.643
2015-01-15,94.643
2015-01-16,94.643
2015-01-17,94.643
2015-01-18,94.643
2015-01-19,94.643
2015-01-20,94.643
2015-01-21,94.643
2015-01-22,94.643
2015-01-23,94.643
2015-01-24,94.643
2015-01-25,94.643
2015-01-26,94.643
2015-01-27,94.643
2015-01-28,94.643
2015-01-29,94.643
2015-01-30,94.643
2015-01-31,94.643
2015-02-01,94.587
2015-02-02,94.587
2015-02-03,94.587
2015-02-04,94.587
2015-02-05,94.587
2015-02-06,94.587
2015-02-07,94.587
2015-02-08,94.587
2015-02-09,94.587
2015-02-10,94.587
2015-02-11,94.587
2015-02-12,94.587
2015-02-13,94.587
2015-02-14,94.587
2015-02-15,94.587
2015-02-16,94.587
2015-02-17,94.587
2015-02-18,94.587
2015-02-19,94.587
2015-02-20,94.587
2015-02-21,94.587
2015-02-22,94.587
2015-02-23,94.587
2015-02-24,94.587
2015-02-25,94.587
2015-02-26,94.587
2015-02-27,94.587
2015-02-28,94.587
2015-03-01,94.596
2015-03-02,94.596
2015-03-03,94.596
2015-03-04,94.596
2015-03-05,94.596
2015-03-06,94.596
2015-03-07,94.596
2015-03-08,94.596
2015-03-09,94.596
2015-03-10,94.596
2015-03-11,94.596
2015-03-12,94.596
2015-03-13,94.596
2015-03-14,94.596
2015-03-15,94.596
2015-03-16,94.596
2015-03-17,94.596
2015-03-18,94.596
2015-03-19,94.596
2015-03-20,94.596
2015-03-21,94.596
2015-03-22,94.596
2015-03-23,94.596
2015-03-24,94.596
2015-03-25,94.596
2015-03-26,94.596
2015-03-27,94.596
2015-03-28,94.596
2015-03-29,94.596
2015-03-30,94.596
2015-03-31,94.596
2015-04-01,94.625
2015-04-02,94.625
2015-04-03,94.625
2015-04-04,94.625
2015-04-05,94.625
2015-04-06,94.625
2015-04-07,94.625
2015-04-08,94.625
2015-04-09,94.625
2015-04-10,94.625
2015-04-11,94.625
2015-04-12,94.625
2015-04-13,94.625
2015-04-14,94.625
2015-04-15,94.625
2015-04-16,94.625
2015-04-17,94.625
2015-04-18,94.625
2015-04-19,94.625
2015-04-20,94.625
2015-04-21,94.625
2015-04-22,94.625
2015-04-23,94.625
2015-04-24,94.625
2015-04-25,94.625
2015-04-26,94.625
2015-04-27,94.625
2015-04-28,94.625
2015-04-29,94.625
2015-04-30,94.625
2015-05-01,94.89
2015-05-02,94.89
2015-05-03,94.89
2015-05-04,94.89
2015-05-05,94.89
2015-05-06,94.89
2015-05-07,94.89
2015-05-08,94.89
2015-05-09,94.89
2015-05-10,94.89
2015-05-11,94.89
2015-05-12,94.89
2015-05-13,94.89
2015-05-14,94.89
2015-05-15,94.89
2015-05-16,94.89
2015-05-17,94.89
2015-05-18,94.89
2015-05-19,94.89
2015-05-20,94.89
2015-05-21,94.89
2015-05-22,94.89
2015-05-23,94.89
2015-05-24,94.89
2015-05-25,94.89
2015-05-26,94.89
2015-05-27,94.89
2015-05-28,94.89
2015-05-29,94.89
2015-05-30,94.89
2015-05-31,94.89
2015-06-01,94.909
2015-06-02,94.909
2015-06-03,94.909
2015-06-04,94.909
2015-06-05,94.909
2015-06-06,94.909
2015-06-07,94.909
2015-06-08,94.909
2015-06-09,94.909
2015-06-10,94.909
2015-06-11,94.909
2015-06-12,94.909
2015-06-13,94.909
2015-06-14,94.909
2015-06-15,94.909
2015-06-16,94.909
2015-06-17,94.909
2015-06-18,94.909
2015-06-19,94.909
2015-06-20,94.909
2015-06-21,94.909
2015-06-22,94.909
2015-06-23,94.909
2015-06-24,94.909
2015-06-25,94.909
2015-06-26,94.909
2015-06-27,94.909
2015-06-28,94.909
2015-06-29,94.909
2015-06-30,94.909
2015-07-01,95.08
2015-07-02,95.08
2015-07-03,95.08
2015-07-04,95.08
2015-07-05,95.08
2015-07-06,95.08
2015-07-07,95.08
2015-07-08,95.08
2015-07-09,95.08
2015-07-10,95.08
2015-07-11,95.08
2015-07-12,95.08
2015-07-13,95.08
2015-07-14,95.08
2015-07-15,95.08
2015-07-16,95.08
2015-07-17,95.08
2015-07-18,95.08
2015-07-19,95.08
2015-07-20,95.08
2015-07-21,95.08
2015-07-22,95.08
2015-07-23,95.08
2015-07-24,95.08
2015-07-25,95.08
2015-07-26,95.08
2015-07-27,95.08
2015-07-28,95.08
2015-07-29,95.08
2015-07-30,95.08
2015-07-31,95.08
2015-08-01,95.213
2015-08-02,95.213
2015-08-03,95.213
2015-08-04,95.213
2015-08-05,95.213
2015-08-06,95.213
2015-08-07,95.213
2015-08-08,95.213
2015-08-09,95.213
2015-08-10,95.213
2015-08-11,95.213
2015-08-12,95.213
2015-08-13,95.213
2015-08-14,95.213
2015-08-15,95.213
2015-08-16,95.213
2015-08-17,95.213
2015-08-18,95.213
2015-08-19,95.213
2015-08-20,95.213
2015-08-21,95.213
2015-08-22,95.213
2015-08-23,95.213
2015-08-24,95.213
2015-08-25,95.213
2015-08-26,95.213
2015-08-27,95.213
2015-08-28,95.213
2015-08-29,95.213
2015-08-30,95.213
2015-08-31,95.213
2015-09-01,94.966
2015-09-02,94.966
2015-09-03,94.966
2015-09-04,94.966
2015-09-05,94.966
2015-09-06,94.966
2015-09-07,94.966
2015-09-08,94.966
2015-09-09,94.966
2015-09-10,94.966
2015-09-11,94.966
2015-09-12,94.966
2015-09-13,94.966
2015-09-14,94.966
2015-09-15,94.966
2015-09-16,94.966
2015-09-17,94.966
2015-09-18,94.966
2015-09-19,94.966
2015-09-20,94.966
2015-09-21,94.966
2015-09-22,94.966
2015-09-23,94.966
2015-09-24,94.966
2015-09-25,94.966
2015-09-26,94.966
2015-09-27,94.966
2015-09-28,94.966
2015-09-29,94.966
2015-09-30,94.966
2015-10-01,94.966
2015-10-02,94.966
2015-10-03,94.966
2015-10-04,94.966
2015-10-05,94.966
2015-10-06,94.966
2015-10-07,94.966
2015-10-08,94.966
2015-10-09,94.966
2015-10-10,94.966
2015-10-11,94.966
2015-10-12,94.966
2015-10-13,94.966
2015-10-14,94.966
2015-10-15,94.966
2015-10-16,94.966
2015-10-17,94.966
2015-10-18,94.966
2015-10-19,94.966
2015-10-20,94.966
2015-10-21,94.966
2015-10-22,94.966
2015-10-23,94.966
2015-10-24,94.966
2015-10-25,94.966
2015-10-26,94.966
2015-10-27,94.966
2015-10-28,94.966
2015-10-29,94.966
2015-10-30,94.966
2015-10-31,94.966
2015-11-01,94.786
2015-11-02,94.786
2015-11-03,94.786
2015-11-04,94.786
2015-11-05,94.786
2015-11-06,94.786
2015-11-07,94.786
2015-11-08,94.786
2015-11-09,94.786
2015-11-10,94.786
2015-11-11,94.786
2015-11-12,94.786
2015-11-13,94.786
2015-11-14,94.786
2015-11-15,94.786
2015-11-16,94.786
2015-11-17,94.786
2015-11-18,94.786
2015-11-19,94.786
2015-11-20,94.786
2015-11-21,94.786
2015-11-22,94.786
2015-11-23,94.786
2015-11-24,94.786
2015-11-25,94.786
2015-11-26,94.786
2015-11-27,94.786
2015-11-28,94.786
2015-11-29,94.786
2015-11-30,94.786
2015-12-01,95.07
2015-12-02,95.07
2015-12-03,95.07
2015-12-04,95.07
2015-12-05,95.07
2015-12-06,95.07
2015-12-07,95.07
2015-12-08,95.07
2015-12-09,95.07
2015-12-10,95.07
2015-12-11,95.07
2015-12-12,95.07
2015-12-13,95.07
2015-12-14,95.07
2015-12-15,95.07
2015-12-16,95.07
2015-12-17,95.07
2015-12-18,95.07
2015-12-19,95.07
2015-12-20,95.07
2015-12-21,95.07
2015-12-22,95.07
2015-12-23,95.07
2015-12-24,95.07
2015-12-25,95.07
2015-12-26,95.07
2015-12-27,95.07
2015-12-28,95.07
2015-12-29,95.07
2015-12-30,95.07
2015-12-31,95.07
2016-01-01,95.232
2016-01-02,95.232
2016-01-03,95.232
2016-01-04,95.232
2016-01-05,95.232
2016-01-06,95.232
2016-01-07,95.232
2016-01-08,95.232
2016-01-09,95.232
2016-01-10,95.232
2016-01-11,95.232
2016-01-12,95.232
2016-01-13,95.232
2016-01-14,95.232
2016-01-15,95.232
2016-01-16,95.232
2016-01-17,95.232
2016-01-18,95.232
2016-01-19,95.232
2016-01-20,95.232
2016-01-21,95.232
2016-01-22,95.232
2016-01-23,95.232
2016-01-24,95.232
2016-01-25,95.232
2016-01-26,95.232
2016-01-27,95.232
2016-01-28,95.232
2016-01-29,95.232
2016-01-30,95.232
2016-01-31,95.232
2016-02-01,95.64
2016-02-02,95.64
2016-02-03,95.64
2016-02-04,95.64
2016-02-05,95.64
2016-02-06,95.64
2016-02-07,95.64
2016-02-08,95.64
2016-02-09,95.64
2016-02-10,95.64
2016-02-11,95.64
2016-02-12,95.64
2016-02-13,95.64
2016-02-14,95.64
2016-02-15,95.64
2016-02-16,95.64
2016-02-17,95.64
2016-02-18,95.64
2016-02-19,95.64
2016-02-20,95.64
2016-02-21,95.64
2016-02-22,95.64
2016-02-23,95.64
2016-02-24,95.64
2016-02-25,95.64
2016-02-26,95.64
2016-02-27,95.64
2016-02-28,95.64
2016-02-29,95.64
2016-03-01,95.393
2016-03-02,95.393
2016-03-03,95.393
2016-03-04,95.393
2016-03-05,95.393
2016-03-06,95.393
2016-03-07,95.393
2016-03-08,95.393
2016-03-09,95.393
2016-03-10,95.393
2016-03-11,95.393
2016-03-12,95.393
2016-03-13,95.393
2016-03-14,95.393
2016-03-15,95.393
2016-03-16,95.393
2016-03-17,95.393
2016-03-18,95.393
2016-03-19,95.393
2016-03-20,95.393
2016-03-21,95.393
2016-03-22,95.393
2016-03-23,95.393
2016-03-24,95.393
2016-03-25,95.393
2016-03-26,95.393
2016-03-27,95.393
2016-03-28,95.393
2016-03-29,95.393
2016-03-30,95.393
2016-03-31,95.393
2016-04-01,95.573
2016-04-02,95.573
2016-04-03,95.573
2016-04-04,95.573
2016-04-05,95.573
2016-04-06,95.573
2016-04-07,95.573
2016-04-08,95.573
2016-04-09,95.573
2016-04-10,95.573
2016-04-11,95.573
2016-04-12,95.573
2016-04-13,95.573
2016-04-14,95.573
2016-04-15,95.573
2016-04-16,95.573
2016-04-17,95.573
2016-04-18,95.573
2016-04-19,95.573
2016-04-20,95.573
2016-04-21,95.573
2016-04-22,95.573
2016-04-23,95.573
2016-04-24,95.573
2016-04-25,95.573
2016-04-26,95.573
2016-04-27,95.573
2016-04-28,95.573
2016-04-29,95.573
2016-04-30,95.573
2016-05-01,95.63
2016-05-02,95.63
2016-05-03,95.63
2016-05-04,95.63
2016-05-05,95.63
2016-05-06,95.63
2016-05-07,95.63
2016-05-08,95.63
2016-05-09,95.63
2016-05-10,95.63
2016-05-11,95.63
2016-05-12,95.63
2016-05-13,95.63
2016-05-14,95.63
2016-05-15,95.63
2016-05-16,95.63
2016-05-17,95.63
2016-05-18,95.63
2016-05-19,95.63
2016-05-20,95.63
2016-05-21,95.63
2016-05-22,95.63
2016-05-23,95.63
2016-05-24,95.63
2016-05-25,95.63
2016-05-26,95.63
2016-05-27,95.63
2016-05-28,95.63
2016-05-29,95.63
2016-05-30,95.63
2016-05-31,95.63
2016-06-01,95.611
2016-06-02,95.611
2016-06-03,95.611
2016-06-04,95.611
2016-06-05,95.611
2016-06-06,95.611
2016-06-07,95.611
2016-06-08,95.611
2016-06-09,95.611
2016-06-10,95.611
2016-06-11,95.611
2016-06-12,95.611
2016-06-13,95.611
2016-06-14,95.611
2016-06-15,95.611
2016-06-16,95.611
2016-06-17,95.611
2016-06-18,95.611
2016-06-19,95.611
2016-06-20,95.611
2016-06-21,95.611
2016-06-22,95.611
2016-06-23,95.611
2016-06-24,95.611
2016-06-25,95.611
2016-06-26,95.611
2016-06-27,95.611
2016-06-28,95.611
2016-06-29,95.611
2016-06-30,95.611
2016-07-01,95.431
2016-07-02,95.431
2016-07-03,95.431
2016-07-04,95.431
2016-07-05,95.431
2016-07-06,95.431
2016-07-07,95.431
2016-07-08,95.431
2016-07-09,95.431
2016-07-10,95.431
2016-07-11,95.431
2016-07-12,95.431
2016-07-13,95.431
2016-07-14,95.431
2016-07-15,95.431
2016-07-16,95.431
2016-07-17,95.431
2016-07-18,95.431
2016-07-19,95.431
2016-07-20,95.431
2016-07-21,95.431
2016-07-22,95.431
2016-07-23,95.431
2016-07-24,95.431
2016-07-25,95.431
2016-07-26,95.431
2016-07-27,95.431
2016-07-28,95.431
2016-07-29,95.431
2016-07-30,95.431
2016-07-31,95.431
2016-08-01,95.677
2016-08-02,95.677
2016-08-03,95.677
2016-08-04,95.677
2016-08-05,95.677
2016-08-06,95.677
2016-08-07,95.677
2016-08-08,95.677
2016-08-09,95.677
2016-08-10,95.677
2016-08-11,95.677
2016-08-12,95.677
2016-08-13,95.677
2016-08-14,95.677
2016-08-15,95.677
2016-08-16,95.677
2016-08-17,95.677
2016-08-18,95.677
2016-08-19,95.677
2016-08-20,95.677
2016-08-21,95.677
2016-08-22,95.677
2016-08-23,95.677
2016-08-24,95.677
2016-08-25,95.677
2016-08-26,95.677
2016-08-27,95.677
2016-08-28,95.677
2016-08-29,95.677
2016-08-30,95.677
2016-08-31,95.677
2016-09-01,96.247
2016-09-02,96.247
2016-09-03,96.247
2016-09-04,96.247
2016-09-05,96.247
2016-09-06,96.247
2016-09-07,96.247
2016-09-08,96.247
2016-09-09,96.247
2016-09-10,96.247
2016-09-11,96.247
2016-09-12,96.247
2016-09-13,96.247
2016-09-14,96.247
2016-09-15,96.247
2016-09-16,96.247
2016-09-17,96.247
2016-09-18,96.247
2016-09-19,96.247
2016-09-20,96.247
2016-09-21,96.247
2016-09-22,96.247
2016-09-23,96.247
2016-09-24,96.247
2016-09-25,96.247
2016-09-26,96.247
2016-09-27,96.247
2016-09-28,96.247
2016-09-29,96.247
2016-09-30,96.247
2016-10-01,96.379
2016-10-02,96.379
2016-10-03,96.379
2016-10-04,96.379
2016-10-05,96.379
2016-10-06,96.379
2016-10-07,96.379
2016-10-08,96.379
2016-10-09,96.379
2016-10-10,96.379
2016-10-11,96.379
2016-10-12,96.379
2016-10-13,96.379
2016-10-14,96.379
2016-10-15,96.379
2016-10-16,96.379
2016-10-17,96.379
2016-10-18,96.379
2016-10-19,96.379
2016-10-20,96.379
2016-10-21,96.379
2016-10-22,96.379
2016-10-23,96.379
2016-10-24,96.379
2016-10-25,96.379
2016-10-26,96.379
2016-10-27,96.379
2016-10-28,96.379
2016-10-29,96.379
2016-10-30,96.379
2016-10-31,96.379
2016-11-01,96.237
2016-11-02,96.237
2016-11-03,96.237
2016-11-04,96.237
2016-11-05,96.237
2016-11-06,96.237
2016-11-07,96.237
2016-11-08,96.237
2016-11-09,96.237
2016-11-10,96.237
2016-11-11,96.237
2016-11-12,96.237
2016-11-13,96.237
2016-11-14,96.237
2016-11-15,96.237
2016-11-16,96.237
2016-11-17,96.237
2016-11-18,96.237
2016-11-19,96.237
2016-11-20,96.237
2016-11-21,96.237
2016-11-22,96.237
2016-11-23,96.237
2016-11-24,96.237
2016-11-25,96.237
2016-11-26,96.237
2016-11-27,96.237
2016-11-28,96.237
2016-11-29,96.237
2016-11-30,96.237
2016-12-01,96.342
2016-12-02,96.342
2016-12-03,96.342
2016-12-04,96.342
2016-12-05,96.342
2016-12-06,96.342
2016-12-07,96.342
2016-12-08,96.342
2016-12-09,96.342
2016-12-10,96.342
2016-12-11,96.342
2016-12-12,96.342
2016-12-13,96.342
2016-12-14,96.342
2016-12-15,96.342
2016-12-16,96.342
2016-12-17,96.342
2016-12-18,96.342
2016-12-19,96.342
2016-12-20,96.342
2016-12-21,96.342
2016-12-22,96.342
2016-12-23,96.342
2016-12-24,96.342
2016-12-25,96.342
2016-12-26,96.342
2016-12-27,96.342
2016-12-28,96.342
2016-12-29,96.342
2016-12-30,96.342
2016-12-31,96.342
2017-01-01,97.366
2017-01-02,97.366
2017-01-03,97.366
2017-01-04,97.366
2017-01-05,97.366
2017-01-06,97.366
2017-01-07,97.366
2017-01-08,97.366
2017-01-09,97.366
2017-01-10,97.366
2017-01-11,97.366
2017-01-12,97.366
2017-01-13,97.366
2017-01-14,97.366
2017-01-15,97.366
2017-01-16,97.366
2017-01-17,97.366
2017-01-18,97.366
2017-01-19,97.366
2017-01-20,97.366
2017-01-21,97.366
2017-01-22,97.366
2017-01-23,97.366
2017-01-24,97.366
2017-01-25,97.366
2017-01-26,97.366
2017-01-27,97.366
2017-01-28,97.366
2017-01-29,97.366
2017-01-30,97.366
2017-01-31,97.366
2017-02-01,97.632
2017-02-02,97.632
2017-02-03,97.632
2017-02-04,97.632
2017-02-05,97.632
2017-02-06,97.632
2017-02-07,97.632
2017-02-08,97.632
2017-02-09,97.632
2017-02-10,97.632
2017-02-11,97.632
2017-02-12,97.632
2017-02-13,97.632
2017-02-14,97.632
2017-02-15,97.632
2017-02-16,97.632
2017-02-17,97.632
2017-02-18,97.632
2017-02-19,97.632
2017-02-20,97.632
2017-02-21,97.632
2017-02-22,97.632
2017-02-23,97.632
2017-02-24,97.632
2017-02-25,97.632
2017-02-26,97.632
2017-02-27,97.632
2017-02-28,97.632
2017-03-01,97.565
2017-03-02,97.565
2017-03-03,97.565
2017-03-04,97.565
2017-03-05,97.565
2017-03-06,97.565
2017-03-07,97.565
2017-03-08,97.565
2017-03-09,97.565
2017-03-10,97.565
2017-03-11,97.565
2017-03-12,97.565
2017-03-13,97.565
2017-03-14,97.565
2017-03-15,97.565
2017-03-16,97.565
2017-03-17,97.565
2017-03-18,97.565
2017-03-19,97.565
2017-03-20,97.565
2017-03-21,97.565
2017-03-22,97.565
2017-03-23,97.565
2017-03-24,97.565
2017-03-25,97.565
2017-03-26,97.565
2017-03-27,97.565
2017-03-28,97.565
2017-03-29,97.565
2017-03-30,97.565
2017-03-31,97.565
2017-04-01,97.442
2017-04-02,97.442
2017-04-03,97.442
2017-04-04,97.442
2017-04-05,97.442
2017-04-06,97.442
2017-04-07,97.442
2017-04-08,97.442
2017-04-09,97.442
2017-04-10,97.442
2017-04-11,97.442
2017-04-12,97.442
2017-04-13,97.442
2017-04-14,97.442
2017-04-15,97.442
2017-04-16,97.442
2017-04-17,97.442
2017-04-18,97.442
2017-04-19,97.442
2017-04-20,97.442
2017-04-21,97.442
2017-04-22,97.442
2017-04-23,97.442
2017-04-24,97.442
2017-04-25,97.442
2017-04-26,97.442
2017-04-27,97.442
2017-04-28,97.442
2017-04-29,97.442
2017-04-30,97.442
2017-05-01,97.546
2017-05-02,97.546
2017-05-03,97.546
2017-05-04,97.546
2017-05-05,97.546
2017-05-06,97.546
2017-05-07,97.546
2017-05-08,97.546
2017-05-09,97.546
2017-05-10,97.546
2017-05-11,97.546
2017-05-12,97.546
2017-05-13,97.546
2017-05-14,97.546
2017-05-15,97.546
2017-05-16,97.546
2017-05-17,97.546
2017-05-18,97.546
2017-05-19,97.546
2017-05-20,97.546
2017-05-21,97.546
2017-05-22,97.546
2017-05-23,97.546
2017-05-24,97.546
2017-05-25,97.546
2017-05-26,97.546
2017-05-27,97.546
2017-05-28,97.546
2017-05-29,97.546
2017-05-30,97.546
2017-05-31,97.546
2017-06-01,97.338
2017-06-02,97.338
2017-06-03,97.338
2017-06-04,97.338
2017-06-05,97.338
2017-06-06,97.338
2017-06-07,97.338
2017-06-08,97.338
2017-06-09,97.338
2017-06-10,97.338
2017-06-11,97.338
2017-06-12,97.338
2017-06-13,97.338
2017-06-14,97.338
2017-06-15,97.338
2017-06-16,97.338
2017-06-17,97.338
2017-06-18,97.338
2017-06-19,97.338
2017-06-20,97.338
2017-06-21,97.338
2017-06-22,97.338
2017-06-23,97.338
2017-06-24,97.338
2017-06-25,97.338
2017-06-26,97.338
2017-06-27,97.338
2017-06-28,97.338
2017-06-29,97.338
2017-06-30,97.338
2017-07-01,97.499
2017-07-02,97.499
2017-07-03,97.499
2017-07-04,97.499
2017-07-05,97.499
2017-07-06,97.499
2017-07-07,97.499
2017-07-08,97.499
2017-07-09,97.499
2017-07-10,97.499
2017-07-11,97.499
2017-07-12,97.499
2017-07-13,97.499
2017-07-14,97.499
2017-07-15,97.499
2017-07-16,97.499
2017-07-17,97.499
2017-07-18,97.499
2017-07-19,97.499
2017-07-20,97.499
2017-07-21,97.499
2017-07-22,97.499
2017-07-23,97.499
2017-07-24,97.499
2017-07-25,97.499
2017-07-26,97.499
2017-07-27,97.499
2017-07-28,97.499
2017-07-29,97.499
2017-07-30,97.499
2017-07-31,97.499
2017-08-01,98.058
2017-08-02,98.058
2017-08-03,98.058
2017-08-04,98.058
2017-08-05,98.058
2017-08-06,98.058
2017-08-07,98.058
2017-08-08,98.058
2017-08-09,98.058
2017-08-10,98.058
2017-08-11,98.058
2017-08-12,98.058
2017-08-13,98.058
2017-08-14,98.058
2017-08-15,98.058
2017-08-16,98.058
2017-08-17,98.058
2017-08-18,98.058
2017-08-19,98.058
2017-08-20,98.058
2017-08-21,98.058
2017-08-22,98.058
2017-08-23,98.058
2017-08-24,98.058
2017-08-25,98.058
2017-08-26,98.058
2017-08-27,98.058
2017-08-28,98.058
2017-08-29,98.058
2017-08-30,98.058
2017-08-31,98.058
2017-09-01,98.172
2017-09-02,98.172
2017-09-03,98.172
2017-09-04,98.172
2017-09-05,98.172
2017-09-06,98.172
2017-09-07,98.172
2017-09-08,98.172
2017-09-09,98.172
2017-09-10,98.172
2017-09-11,98.172
2017-09-12,98.172
2017-09-13,98.172
2017-09-14,98.172
2017-09-15,98.172
2017-09-16,98.172
2017-09-17,98.172
2017-09-18,98.172
2017-09-19,98.172
2017-09-20,98.172
2017-09-21,98.172
2017-09-22,98.172
2017-09-23,98.172
2017-09-24,98.172
2017-09-25,98.172
2017-09-26,98.172
2017-09-27,98.172
2017-09-28,98.172
2017-09-29,98.172
2017-09-30,98.172
2017-10-01,98.077
2017-10-02,98.077
2017-10-03,98.077
2017-10-04,98.077
2017-10-05,98.077
2017-10-06,98.077
2017-10-07,98.077
2017-10-08,98.077
2017-10-09,98.077
2017-10-10,98.077
2017-10-11,98.077
2017-10-12,98.077
2017-10-13,98.077
2017-10-14,98.077
2017-10-15,98.077
2017-10-16,98.077
2017-10-17,98.077
2017-10-18,98.077
2017-10-19,98.077
2017-10-20,98.077
2017-10-21,98.077
2017-10-22,98.077
2017-10-23,98.077
2017-10-24,98.077
2017-10-25,98.077
2017-10-26,98.077
2017-10-27,98.077
2017-10-28,98.077
2017-10-29,98.077
2017-10-30,98.077
2017-10-31,98.077
2017-11-01,97.347
2017-11-02,97.347
2017-11-03,97.347
2017-11-04,97.347
2017-11-05,97.347
2017-11-06,97.347
2017-11-07,97.347
2017-11-08,97.347
2017-11-09,97.347
2017-11-10,97.347
2017-11-11,97.347
2017-11-12,97.347
2017-11-13,97.347
2017-11-14,97.347
2017-11-15,97.347
2017-11-16,97.347
2017-11-17,97.347
2017-11-18,97.347
2017-11-19,97.347
2017-11-20,97.347
2017-11-21,97.347
2017-11-22,97.347
2017-11-23,97.347
2017-11-24,97.347
2017-11-25,97.347
2017-11-26,97.347
2017-11-27,97.347
2017-11-28,97.347
2017-11-29,97.347
2017-11-30,97.347
2017-12-01,97.698
2017-12-02,97.698
2017-12-03,97.698
2017-12-04,97.698
2017-12-05,97.698
2017-12-06,97.698
2017-12-07,97.698
2017-12-08,97.698
2017-12-09,97.698
2017-12-10,97.698
2017-12-11,97.698
2017-12-12,97.698
2017-12-13,97.698
2017-12-14,97.698
2017-12-15,97.698
2017-12-16,97.698
2017-12-17,97.698
2017-12-18,97.698
2017-12-19,97.698
2017-12-20,97.698
2017-12-21,97.698
2017-12-22,97.698
2017-12-23,97.698
2017-12-24,97.698
2017-12-25,97.698
2017-12-26,97.698
2017-12-27,97.698
2017-12-28,97.698
2017-12-29,97.698
2017-12-30,97.698
2017-12-31,97.698
2018-01-01,98.106
2018-01-02,98.106
2018-01-03,98.106
2018-01-04,98.106
2018-01-05,98.106
2018-01-06,98.106
2018-01-07,98.106
2018-01-08,98.106
2018-01-09,98.106
2018-01-10,98.106
2018-01-11,98.106
2018-01-12,98.106
2018-01-13,98.106
2018-01-14,98.106
2018-01-15,98.106
2018-01-16,98.106
2018-01-17,98.106
2018-01-18,98.106
2018-01-19,98.106
2018-01-20,98.106
2018-01-21,98.106
2018-01-22,98.106
2018-01-23,98.106
2018-01-24,98.106
2018-01-25,98.106
2018-01-26,98.106
2018-01-27,98.106
2018-01-28,98.106
2018-01-29,98.106
2018-01-30,98.106
2018-01-31,98.106
2018-02-01,98.855
2018-02-02,98.855
2018-02-03,98.855
2018-02-04,98.855
2018-02-05,98.855
2018-02-06,98.855
2018-02-07,98.855
2018-02-08,98.855
2018-02-09,98.855
2018-02-10,98.855
2018-02-11,98.855
2018-02-12,98.855
2018-02-13,98.855
2018-02-14,98.855
2018-02-15,98.855
2018-02-16,98.855
2018-02-17,98.855
2018-02-18,98.855
2018-02-19,98.855
2018-02-20,98.855
2018-02-21,98.855
2018-02-22,98.855
2018-02-23,98.855
2018-02-24,98.855
2018-02-25,98.855
2018-02-26,98.855
2018-02-27,98.855
2018-02-28,98.855
2018-03-01,98.751
2018-03-02,98.751
2018-03-03,98.751
2018-03-04,98.751
2018-03-05,98.751
2018-03-06,98.751
2018-03-07,98.751
2018-03-08,98.751
2018-03-09,98.751
2018-03-10,98.751
2018-03-11,98.751
2018-03-12,98.751
2018-03-13,98.751
2018-03-14,98.751
2018-03-15,98.751
2018-03-16,98.751
2018-03-17,98.751
2018-03-18,98.751
2018-03-19,98.751
2018-03-20,98.751
2018-03-21,98.751
2018-03-22,98.751
2018-03-23,98.751
2018-03-24,98.751
2018-03-25,98.751
2018-03-26,98.751
2018-03-27,98.751
2018-03-28,98.751
2018-03-29,98.751
2018-03-30,98.751
2018-03-31,98.751
2018-04-01,98.931
2018-04-02,98.931
2018-04-03,98.931
2018-04-04,98.931
2018-04-05,98.931
2018-04-06,98.931
2018-04-07,98.931
2018-04-08,98.931
2018-04-09,98.931
2018-04-10,98.931
2018-04-11,98.931
2018-04-12,98.931
2018-04-13,98.931
2018-04-14,98.931
2018-04-15,98.931
2018-04-16,98.931
2018-04-17,98.931
2018-04-18,98.931
2018-04-19,98.931
2018-04-20,98.931
2018-04-21,98.931
2018-04-22,98.931
2018-04-23,98.931
2018-04-24,98.931
2018-04-25,98.931
2018-04-26,98.931
2018-04-27,98.931
2018-04-28,98.931
2018-04-29,98.931
2018-04-30,98.931
2018-05-01,98.979
2018-05-02,98.979
2018-05-03,98.979
2018-05-04,98.979
2018-05-05,98.979
2018-05-06,98.979
2018-05-07,98.979
2018-05-08,98.979
2018-05-09,98.979
2018-05-10,98.979
2018-05-11,98.979
2018-05-12,98.979
2018-05-13,98.979
2018-05-14,98.979
2018-05-15,98.979
2018-05-16,98.979
2018-05-17,98.979
2018-05-18,98.979
2018-05-19,98.979
2018-05-20,98.979
2018-05-21,98.979
2018-05-22,98.979
2018-05-23,98.979
2018-05-24,98.979
2018-05-25,98.979
2018-05-26,98.979
2018-05-27,98.979
2018-05-28,98.979
2018-05-29,98.979
2018-05-30,98.979
2018-05-31,98.979
2018-06-01,98.779
2018-06-02,98.779
2018-06-03,98.779
2018-06-04,98.779
2018-06-05,98.779
2018-06-06,98.779
2018-06-07,98.779
2018-06-08,98.779
2018-06-09,98.779
2018-06-10,98.779
2018-06-11,98.779
2018-06-12,98.779
2018-06-13,98.779
2018-06-14,98.779
2018-06-15,98.779
2018-06-16,98.779
2018-06-17,98.779
2018-06-18,98.779
2018-06-19,98.779
2018-06-20,98.779
2018-06-21,98.779
2018-06-22,98.779
2018-06-23,98.779
2018-06-24,98.779
2018-06-25,98.779
2018-06-26,98.779
2018-06-27,98.779
2018-06-28,98.779
2018-06-29,98.779
2018-06-30,98.779
2018-07-01,98.59
2018-07-02,98.59
2018-07-03,98.59
2018-07-04,98.59
2018-07-05,98.59
2018-07-06,98.59
2018-07-07,98.59
2018-07-08,98.59
2018-07-09,98.59
2018-07-10,98.59
2018-07-11,98.59
2018-07-12,98.59
2018-07-13,98.59
2018-07-14,98.59
2018-07-15,98.59
2018-07-16,98.59
2018-07-17,98.59
2018-07-18,98.59
2018-07-19,98.59
2018-07-20,98.59
2018-07-21,98.59
2018-07-22,98.59
2018-07-23,98.59
2018-07-24,98.59
2018-07-25,98.59
2018-07-26,98.59
2018-07-27,98.59
2018-07-28,98.59
2018-07-29,98.59
2018-07-30,98.59
2018-07-31,98.59
2018-08-01,99.462
2018-08-02,99.462
2018-08-03,99.462
2018-08-04,99.462
2018-08-05,99.462
2018-08-06,99.462
2018-08-07,99.462
2018-08-08,99.462
2018-08-09,99.462
2018-08-10,99.462
2018-08-11,99.462
2018-08-12,99.462
2018-08-13,99.462
2018-08-14,99.462
2018-08-15,99.462
2018-08-16,99.462
2018-08-17,99.462
2018-08-18,99.462
2018-08-19,99.462
2018-08-20,99.462
2018-08-21,99.462
2018-08-22,99.462
2018-08-23,99.462
2018-08-24,99.462
2018-08-25,99.462
2018-08-26,99.462
2018-08-27,99.462
2018-08-28,99.462
2018-08-29,99.462
2018-08-30,99.462
2018-08-31,99.462
2018-09-01,100.221
2018-09-02,100.221
2018-09-03,100.221
2018-09-04,100.221
2018-09-05,100.221
2018-09-06,100.221
2018-09-07,100.221
2018-09-08,100.221
2018-09-09,100.221
2018-09-10,100.221
2018-09-11,100.221
2018-09-12,100.221
2018-09-13,100.221
2018-09-14,100.221
2018-09-15,100.221
2018-09-16,100.221
2018-09-17,100.221
2018-09-18,100.221
2018-09-19,100.221
2018-09-20,100.221
2018-09-21,100.221
2018-09-22,100.221
2018-09-23,100.221
2018-09-24,100.221
2018-09-25,100.221
2018-09-26,100.221
2018-09-27,100.221
2018-09-28,100.221
2018-09-29,100.221
2018-09-30,100.221
2018-10-01,100.041
2018-10-02,100.041
2018-10-03,100.041
2018-10-04,100.041
2018-10-05,100.041
2018-10-06,100.041
2018-10-07,100.041
2018-10-08,100.041
2018-10-09,100.041
2018-10-10,100.041
2018-10-11,100.041
2018-10-12,100.041
2018-10-13,100.041
2018-10-14,100.041
2018-10-15,100.041
2018-10-16,100.041
2018-10-17,100.041
2018-10-18,100.041
2018-10-19,100.041
2018-10-20,100.041
2018-10-21,100.041
2018-10-22,100.041
2018-10-23,100.041
2018-10-24,100.041
2018-10-25,100.041
2018-10-26,100.041
2018-10-27,100.041
2018-10-28,100.041
2018-10-29,100.041
2018-10-30,100.041
2018-10-31,100.041
2018-11-01,99.33
2018-11-02,99.33
2018-11-03,99.33
2018-11-04,99.33
2018-11-05,99.33
2018-11-06,99.33
2018-11-07,99.33
2018-11-08,99.33
2018-11-09,99.33
2018-11-10,99.33
2018-11-11,99.33
2018-11-12,99.33
2018-11-13,99.33
2018-11-14,99.33
2018-11-15,99.33
2018-11-16,99.33
2018-11-17,99.33
2018-11-18,99.33
2018-11-19,99.33
2018-11-20,99.33
2018-11-21,99.33
2018-11-22,99.33
2018-11-23,99.33
2018-11-24,99.33
2018-11-25,99.33
2018-11-26,99.33
2018-11-27,99.33
2018-11-28,99.33
2018-11-29,99.33
2018-11-30,99.33
2018-12-01,98.988
2018-12-02,98.988
2018-12-03,98.988
2018-12-04,98.988
2018-12-05,98.988
2018-12-06,98.988
2018-12-07,98.988
2018-12-08,98.988
2018-12-09,98.988
2018-12-10,98.988
2018-12-11,98.988
2018-12-12,98.988
2018-12-13,98.988
2018-12-14,98.988
2018-12-15,98.988
2018-12-16,98.988
2018-12-17,98.988
2018-12-18,98.988
2018-12-19,98.988
2018-12-20,98.988
2018-12-21,98.988
2018-12-22,98.988
2018-12-23,98.988
2018-12-24,98.988
2018-12-25,98.988
2018-12-26,98.988
2018-12-27,98.988
2018-12-28,98.988
2018-12-29,98.988
2018-12-30,98.988
2018-12-31,98.988
2019-01-01,98.884
2019-01-02,98.884
2019-01-03,98.884
2019-01-04,98.884
2019-01-05,98.884
2019-01-06,98.884
2019-01-07,98.884
2019-01-08,98.884
2019-01-09,98.884
2019-01-10,98.884
2019-01-11,98.884
2019-01-12,98.884
2019-01-13,98.884
2019-01-14,98.884
2019-01-15,98.884
2019-01-16,98.884
2019-01-17,98.884
2019-01-18,98.884
2019-01-19,98.884
2019-01-20,98.884
2019-01-21,98.884
2019-01-22,98.884
2019-01-23,98.884
2019-01-24,98.884
2019-01-25,98.884
2019-01-26,98.884
2019-01-27,98.884
2019-01-28,98.884
2019-01-29,98.884
2019-01-30,98.884
2019-01-31,98.884
2019-02-01,99.311
2019-02-02,99.311
2019-02-03,99.311
2019-02-04,99.311
2019-02-05,99.311
2019-02-06,99.311
2019-02-07,99.311
2019-02-08,99.311
2019-02-09,99.311
2019-02-10,99.311
2019-02-11,99.311
2019-02-12,99.311
2019-02-13,99.311
2019-02-14,99.311
2019-02-15,99.311
2019-02-16,99.311
2019-02-17,99.311
2019-02-18,99.311
2019-02-19,99.311
2019-02-20,99.311
2019-02-21,99.311
2019-02-22,99.311
2019-02-23,99.311
2019-02-24,99.311
2019-02-25,99.311
2019-02-26,99.311
2019-02-27,99.311
2019-02-28,99.311
2019-03-01,99.121
2019-03-02,99.121
2019-03-03,99.121
2019-03-04,99.121
2019-03-05,99.121
2019-03-06,99.121
2019-03-07,99.121
2019-03-08,99.121
2019-03-09,99.121
2019-03-10,99.121
2019-03-11,99.121
2019-03-12,99.121
2019-03-13,99.121
2019-03-14,99.121
2019-03-15,99.121
2019-03-16,99.121
2019-03-17,99.121
2019-03-18,99.121
2019-03-19,99.121
2019-03-20,99.121
2019-03-21,99.121
2019-03-22,99.121
2019-03-23,99.121
2019-03-24,99.121
2019-03-25,99.121
2019-03-26,99.121
2019-03-27,99.121
2019-03-28,99.121
2019-03-29,99.121
2019-03-30,99.121
2019-03-31,99.121
2019-04-01,99.481
2019-04-02,99.481
2019-04-03,99.481
2019-04-04,99.481
2019-04-05,99.481
2019-04-06,99.481
2019-04-07,99.481
2019-04-08,99.481
2019-04-09,99.481
2019-04-10,99.481
2019-04-11,99.481
2019-04-12,99.481
2019-04-13,99.481
2019-04-14,99.481
2019-04-15,99.481
2019-04-16,99.481
2019-04-17,99.481
2019-04-18,99.481
2019-04-19,99.481
2019-04-20,99.481
2019-04-21,99.481
2019-04-22,99.481
2019-04-23,99.481
2019-04-24,99.481
2019-04-25,99.481
2019-04-26,99.481
2019-04-27,99.481
2019-04-28,99.481
2019-04-29,99.481
2019-04-30,99.481
2019-05-01,99.652
2019-05-02,99.652
2019-05-03,99.652
2019-05-04,99.652
2019-05-05,99.652
2019-05-06,99.652
2019-05-07,99.652
2019-05-08,99.652
2019-05-09,99.652
2019-05-10,99.652
2019-05-11,99.652
2019-05-12,99.652
2019-05-13,99.652
2019-05-14,99.652
2019-05-15,99.652
2019-05-16,99.652
2019-05-17,99.652
2019-05-18,99.652
2019-05-19,99.652
2019-05-20,99.652
2019-05-21,99.652
2019-05-22,99.652
2019-05-23,99.652
2019-05-24,99.652
2019-05-25,99.652
2019-05-26,99.652
2019-05-27,99.652
2019-05-28,99.652
2019-05-29,99.652
2019-05-30,99.652
2019-05-31,99.652
2019-06-01,99.491
2019-06-02,99.491
2019-06-03,99.491
2019-06-04,99.491
2019-06-05,99.491
2019-06-06,99.491
2019-06-07,99.491
2019-06-08,99.491
2019-06-09,99.491
2019-06-10,99.491
2019-06-11,99.491
2019-06-12,99.491
2019-06-13,99.491
2019-06-14,99.491
2019-06-15,99.491
2019-06-16,99.491
2019-06-17,99.491
2019-06-18,99.491
2019-06-19,99.491
2019-06-20,99.491
2019-06-21,99.491
2019-06-22,99.491
2019-06-23,99.491
2019-06-24,99.491
2019-06-25,99.491
2019-06-26,99.491
2019-06-27,99.491
2019-06-28,99.491
2019-06-29,99.491
2019-06-30,99.491
2019-07-01,99.187
2019-07-02,99.187
2019-07-03,99.187
2019-07-04,99.187
2019-07-05,99.187
2019-07-06,99.187
2019-07-07,99.187
2019-07-08,99.187
2019-07-09,99.187
2019-07-10,99.187
2019-07-11,99.187
2019-07-12,99.187
2019-07-13,99.187
2019-07-14,99.187
2019-07-15,99.187
2019-07-16,99.187
2019-07-17,99.187
2019-07-18,99.187
2019-07-19,99.187
2019-07-20,99.187
2019-07-21,99.187
2019-07-22,99.187
2019-07-23,99.187
2019-07-24,99.187
2019-07-25,99.187
2019-07-26,99.187
2019-07-27,99.187
2019-07-28,99.187
2019-07-29,99.187
2019-07-30,99.187
2019-07-31,99.187
2019-08-01,99.425
2019-08-02,99.425
2019-08-03,99.425
2019-08-04,99.425
2019-08-05,99.425
2019-08-06,99.425
2019-08-07,99.425
2019-08-08,99.425
2019-08-09,99.425
2019-08-10,99.425
2019-08-11,99.425
2019-08-12,99.425
2019-08-13,99.425
2019-08-14,99.425
2019-08-15,99.425
2019-08-16,99.425
2019-08-17,99.425
2019-08-18,99.425
2019-08-19,99.425
2019-08-20,99.425
2019-08-21,99.425
2019-08-22,99.425
2019-08-23,99.425
2019-08-24,99.425
2019-08-25,99.425
2019-08-26,99.425
2019-08-27,99.425
2019-08-28,99.425
2019-08-29,99.425
2019-08-30,99.425
2019-08-31,99.425
2019-09-01,99.794
2019-09-02,99.794
2019-09-03,99.794
2019-09-04,99.794
2019-09-05,99.794
2019-09-06,99.794
2019-09-07,99.794
2019-09-08,99.794
2019-09-09,99.794
2019-09-10,99.794
2019-09-11,99.794
2019-09-12,99.794
2019-09-13,99.794
2019-09-14,99.794
2019-09-15,99.794
2019-09-16,99.794
2019-09-17,99.794
2019-09-18,99.794
2019-09-19,99.794
2019-09-20,99.794
2019-09-21,99.794
2019-09-22,99.794
2019-09-23,99.794
2019-09-24,99.794
2019-09-25,99.794
2019-09-26,99.794
2019-09-27,99.794
2019-09-28,99.794
2019-09-29,99.794
2019-09-30,99.794
2019-10-01,100.041
2019-10-02,100.041
2019-10-03,100.041
2019-10-04,100.041
2019-10-05,100.041
2019-10-06,100.041
2019-10-07,100.041
2019-10-08,100.041
2019-10-09,100.041
2019-10-10,100.041
2019-10-11,100.041
2019-10-12,100.041
2019-10-13,100.041
2019-10-14,100.041
2019-10-15,100.041
2019-10-16,100.041
2019-10-17,100.041
2019-10-18,100.041
2019-10-19,100.041
2019-10-20,100.041
2019-10-21,100.041
2019-10-22,100.041
2019-10-23,100.041
2019-10-24,100.041
2019-10-25,100.041
2019-10-26,100.041
2019-10-27,100.041
2019-10-28,100.041
2019-10-29,100.041
2019-10-30,100.041
2019-10-31,100.041
2019-11-01,99.481
2019-11-02,99.481
2019-11-03,99.481
2019-11-04,99.481
2019-11-05,99.481
2019-11-06,99.481
2019-11-07,99.481
2019-11-08,99.481
2019-11-09,99.481
2019-11-10,99.481
2019-11-11,99.481
2019-11-12,99.481
2019-11-13,99.481
2019-11-14,99.481
2019-11-15,99.481
2019-11-16,99.481
2019-11-17,99.481
2019-11-18,99.481
2019-11-19,99.481
2019-11-20,99.481
2019-11-21,99.481
2019-11-22,99.481
2019-11-23,99.481
2019-11-24,99.481
2019-11-25,99.481
2019-11-26,99.481
2019-11-27,99.481
2019-11-28,99.481
2019-11-29,99.481
2019-11-30,99.481
2019-12-01,99.719
2019-12-02,99.719
2019-12-03,99.719
2019-12-04,99.719
2019-12-05,99.719
2019-12-06,99.719
2019-12-07,99.719
2019-12-08,99.719
2019-12-09,99.719
2019-12-10,99.719
2019-12-11,99.719
2019-12-12,99.719
2019-12-13,99.719
2019-12-14,99.719
2019-12-15,99.719
2019-12-16,99.719
2019-12-17,99.719
2019-12-18,99.719
2019-12-19,99.719
2019-12-20,99.719
2019-12-21,99.719
2019-12-22,99.719
2019-12-23,99.719
2019-12-24,99.719
2019-12-25,99.719
2019-12-26,99.719
2019-12-27,99.719
2019-12-28,99.719
2019-12-29,99.719
2019-12-30,99.719
2019-12-31,99.719
2020-01-01,100.09
2020-01-02,100.09
2020-01-03,100.09
2020-01-04,100.09
2020-01-05,100.09
2020-01-06,100.09
2020-01-07,100.09
2020-01-08,100.09
2020-01-09,100.09
2020-01-10,100.09
2020-01-11,100.09
2020-01-12,100.09
2020-01-13,100.09
2020-01-14,100.09
2020-01-15,100.09
2020-01-16,100.09
2020-01-17,100.09
2020-01-18,100.09
2020-01-19,100.09
2020-01-20,100.09
2020-01-21,100.09
2020-01-22,100.09
2020-01-23,100.09
2020-01-24,100.09
2020-01-25,100.09
2020-01-26,100.09
2020-01-27,100.09
2020-01-28,100.09
2020-01-29,100.09
2020-01-30,100.09
2020-01-31,100.09
2020-02-01,100.16
2020-02-02,100.16
2020-02-03,100.16
2020-02-04,100.16
2020-02-05,100.16
2020-02-06,100.16
2020-02-07,100.16
2020-02-08,100.16
2020-02-09,100.16
2020-02-10,100.16
2020-02-11,100.16
2020-02-12,100.16
2020-02-13,100.16
2020-02-14,100.16
2020-02-15,100.16
2020-02-16,100.16
2020-02-17,100.16
2020-02-18,100.16
2020-02-19,100.16
2020-02-20,100.16
2020-02-21,100.16
2020-02-22,100.16
2020-02-23,100.16
2020-02-24,100.16
2020-02-25,100.16
2020-02-26,100.16
2020-02-27,100.16
2020-02-28,100.16
2020-02-29,100.16
2020-03-01,99.94
2020-03-02,99.94
2020-03-03,99.94
2020-03-04,99.94
2020-03-05,99.94
2020-03-06,99.94
2020-03-07,99.94
2020-03-08,99.94
2020-03-09,99.94
2020-03-10,99.94
2020-03-11,99.94
2020-03-12,99.94
2020-03-13,99.94
2020-03-14,99.94
2020-03-15,99.94
2020-03-16,99.94
2020-03-17,99.94
2020-03-18,99.94
2020-03-19,99.94
2020-03-20,99.94
2020-03-21,99.94
2020-03-22,99.94
2020-03-23,99.94
2020-03-24,99.94
2020-03-25,99.94
2020-03-26,99.94
2020-03-27,99.94
2020-03-28,99.94
2020-03-29,99.94
2020-03-30,99.94
2020-03-31,99.94
2020-04-01,99.5
2020-04-02,99.5
2020-04-03,99.5
2020-04-04,99.5
2020-04-05,99.5
2020-04-06,99.5
2020-04-07,99.5
2020-04-08,99.5
2020-04-09,99.5
2020-04-10,99.5
2020-04-11,99.5
2020-04-12,99.5
2020-04-13,99.5
2020-04-14,99.5
2020-04-15,99.5
2020-04-16,99.5
2020-04-17,99.5
2020-04-18,99.5
2020-04-19,99.5
2020-04-20,99.5
2020-04-21,99.5
2020-04-22,99.5
2020-04-23,99.5
2020-04-24,99.5
2020-04-25,99.5
2020-04-26,99.5
2020-04-27,99.5
2020-04-28,99.5
2020-04-29,99.5
2020-04-30,99.5
2020-05-01,99.44
2020-05-02,99.44
2020-05-03,99.44
2020-05-04,99.44
2020-05-05,99.44
2020-05-06,99.44
2020-05-07,99.44
2020-05-08,99.44
2020-05-09,99.44
2020-05-10,99.44
2020-05-11,99.44
2020-05-12,99.44
2020-05-13,99.44
2020-05-14,99.44
2020-05-15,99.44
2020-05-16,99.44
2020-05-17,99.44
2020-05-18,99.44
2020-05-19,99.44
2020-05-20,99.44
2020-05-21,99.44
2020-05-22,99.44
2020-05-23,99.44
2020-05-24,99.44
2020-05-25,99.44
2020-05-26,99.44
2020-05-27,99.44
2020-05-28,99.44
2020-05-29,99.44
2020-05-30,99.44
2020-05-31,99.44
2020-06-01,99.71
2020-06-02,99.71
2020-06-03,99.71
2020-06-04,99.71
2020-06-05,99.71
2020-06-06,99.71
2020-06-07,99.71
2020-06-08,99.71
2020-06-09,99.71
2020-06-10,99.71
2020-06-11,99.71
2020-06-12,99.71
2020-06-13,99.71
2020-06-14,99.71
2020-06-15,99.71
2020-06-16,99.71
2020-06-17,99.71
2020-06-18,99.71
2020-06-19,99.71
2020-06-20,99.71
2020-06-21,99.71
2020-06-22,99.71
2020-06-23,99.71
2020-06-24,99.71
2020-06-25,99.71
2020-06-26,99.71
2020-06-27,99.71
2020-06-28,99.71
2020-06-29,99.71
2020-06-30,99.71
2020-07-01,99.63
2020-07-02,99.63
2020-07-03,99.63
2020-07-04,99.63
2020-07-05,99.63
2020-07-06,99.63
2020-07-07,99.63
2020-07-08,99.63
2020-07-09,99.63
2020-07-10,99.63
2020-07-11,99.63
2020-07-12,99.63
2020-07-13,99.63
2020-07-14,99.63
2020-07-15,99.63
2020-07-16,99.63
2020-07-17,99.63
2020-07-18,99.63
2020-07-19,99.63
2020-07-20,99.63
2020-07-21,99.63
2020-07-22,99.63
2020-07-23,99.63
2020-07-24,99.63
2020-07-25,99.63
2020-07-26,99.63
2020-07-27,99.63
2020-07-28,99.63
2020-07-29,99.63
2020-07-30,99.63
2020-07-31,99.63
2020-08-01,100.19
2020-08-02,100.19
2020-08-03,100.19
2020-08-04,100.19
2020-08-05,100.19
2020-08-06,100.19
2020-08-07,100.19
2020-08-08,100.19
2020-08-09,100.19
2020-08-10,100.19
2020-08-11,100.19
2020-08-12,100.19
2020-08-13,100.19
2020-08-14,100.19
2020-08-15,100.19
2020-08-16,100.19
2020-08-17,100.19
2020-08-18,100.19
2020-08-19,100.19
2020-08-20,100.19
2020-08-21,100.19
2020-08-22,100.19
2020-08-23,100.19
2020-08-24,100.19
2020-08-25,100.19
2020-08-26,100.19
2020-08-27,100.19
2020-08-28,100.19
2020-08-29,100.19
2020-08-30,100.19
2020-08-31,100.19
2020-09-01,100.74
2020-09-02,100.74
2020-09-03,100.74
2020-09-04,100.74
2020-09-05,100.74
2020-09-06,100.74
2020-09-07,100.74
2020-09-08,100.74
2020-09-09,100.74
2020-09-10,100.74
2020-09-11,100.74
2020-09-12,100.74
2020-09-13,100.74
2020-09-14,100.74
2020-09-15,100.74
2020-09-16,100.74
2020-09-17,100.74
2020-09-18,100.74
2020-09-19,100.74
2020-09-20,100.74
2020-09-21,100.74
2020-09-22,100.74
2020-09-23,100.74
2020-09-24,100.74
2020-09-25,100.74
2020-09-26,100.74
2020-09-27,100.74
2020-09-28,100.74
2020-09-29,100.74
2020-09-30,100.74
2020-10-01,100.18
2020-10-02,100.18
2020-10-03,100.18
2020-10-04,100.18
2020-10-05,100.18
2020-10-06,100.18
2020-10-07,100.18
2020-10-08,100.18
2020-10-09,100.18
2020-10-10,100.18
2020-10-11,100.18
2020-10-12,100.18
2020-10-13,100.18
2020-10-14,100.18
2020-10-15,100.18
2020-10-16,100.18
2020-10-17,100.18
2020-10-18,100.18
2020-10-19,100.18
2020-10-20,100.18
2020-10-21,100.18
2020-10-22,100.18
2020-10-23,100.18
2020-10-24,100.18
2020-10-25,100.18
2020-10-26,100.18
2020-10-27,100.18
2020-10-28,100.18
2020-10-29,100.18
2020-10-30,100.18
2020-10-31,100.18
2020-11-01,100.09
2020-11-02,100.09
2020-11-03,100.09
2020-11-04,100.09
2020-11-05,100.09
2020-11-06,100.09
2020-11-07,100.09
2020-11-08,100.09
2020-11-09,100.09
2020-11-10,100.09
2020-11-11,100.09
2020-11-12,100.09
2020-11-13,100.09
2020-11-14,100.09
2020-11-15,100.09
2020-11-16,100.09
2020-11-17,100.09
2020-11-18,100.09
2020-11-19,100.09
2020-11-20,100.09
2020-11-21,100.09
2020-11-22,100.09
2020-11-23,100.09
2020-11-24,100.09
2020-11-25,100.09
2020-11-26,100.09
2020-11-27,100.09
2020-11-28,100.09
2020-11-29,100.09
2020-11-30,100.09
2020-12-01,100.33
2020-12-02,100.33
2020-12-03,100.33
2020-12-04,100.33
2020-12-05,100.33
2020-12-06,100.33
2020-12-07,100.33
2020-12-08,100.33
2020-12-09,100.33
2020-12-10,100.33
2020-12-11,100.33
2020-12-12,100.33
2020-12-13,100.33
2020-12-14,100.33
2020-12-15,100.33
2020-12-16,100.33
2020-12-17,100.33
2020-12-18,100.33
2020-12-19,100.33
2020-12-20,100.33
2020-12-21,100.33
2020-12-22,100.33
2020-12-23,100.33
2020-12-24,100.33
2020-12-25,100.33
2020-12-26,100.33
2020-12-27,100.33
2020-12-28,100.33
2020-12-29,100.33
2020-12-30,100.33
2020-12-31,100.33
2021-01-01,101.04
2021-01-02,101.04
2021-01-03,101.04
2021-01-04,101.04
2021-01-05,101.04
2021-01-06,101.04
2021-01-07,101.04
2021-01-08,101.04
2021-01-09,101.04
2021-01-10,101.04
2021-01-11,101.04
2021-01-12,101.04
2021-01-13,101.04
2021-01-14,101.04
2021-01-15,101.04
2021-01-16,101.04
2021-01-17,101.04
2021-01-18,101.04
2021-01-19,101.04
2021-01-20,101.04
2021-01-21,101.04
2021-01-22,101.04
2021-01-23,101.04
2021-01-24,101.04
2021-01-25,101.04
2021-01-26,101.04
2021-01-27,101.04
2021-01-28,101.04
2021-01-29,101.04
2021-01-30,101.04
2021-01-31,101.04
2021-02-01,101.58
2021-02-02,101.58
2021-02-03,101.58
2021-02-04,101.58
2021-02-05,101.58
2021-02-06,101.58
2021-02-07,101.58
2021-02-08,101.58
2021-02-09,101.58
2021-02-10,101.58
2021-02-11,101.58
2021-02-12,101.58
2021-02-13,101.58
2021-02-14,101.58
2021-02-15,101.58
2021-02-16,101.58
2021-02-17,101.58
2021-02-18,101.58
2021-02-19,101.58
2021-02-20,101.58
2021-02-21,101.58
2021-02-22,101.58
2021-02-23,101.58
2021-02-24,101.58
2021-02-25,101.58
2021-02-26,101.58
2021-02-27,101.58
2021-02-28,101.58
2021-03-01,101.84
2021-03-02,101.84
2021-03-03,101.84
2021-03-04,101.84
2021-03-05,101.84
2021-03-06,101.84
2021-03-07,101.84
2021-03-08,101.84
2021-03-09,101.84
2021-03-10,101.84
2021-03-11,101.84
2021-03-12,101.84
2021-03-13,101.84
2021-03-14,101.84
2021-03-15,101.84
2021-03-16,101.84
2021-03-17,101.84
2021-03-18,101.84
2021-03-19,101.84
2021-03-20,101.84
2021-03-21,101.84
2021-03-22,101.84
2021-03-23,101.84
2021-03-24,101.84
2021-03-25,101.84
2021-03-26,101.84
2021-03-27,101.84
2021-03-28,101.84
2021-03-29,101.84
2021-03-30,101.84
2021-03-31,101.84
2021-04-01,101.98
2021-04-02,101.98
2021-04-03,101.98
2021-04-04,101.98
2021-04-05,101.98
2021-04-06,101.98
2021-04-07,101.98
2021-04-08,101.98
2021-04-09,101.98
2021-04-10,101.98
2021-04-11,101.98
2021-04-12,101.98
2021-04-13,101.98
2021-04-14,101.98
2021-04-15,101.98
2021-04-16,101.98
2021-04-17,101.98
2021-04-18,101.98
2021-04-19,101.98
2021-04-20,101.98
2021-04-21,101.98
2021-04-22,101.98
2021-04-23,101.98
2021-04-24,101.98
2021-04-25,101.98
2021-04-26,101.98
2021-04-27,101.98
2021-04-28,101.98
2021-04-29,101.98
2021-04-30,101.98
2021-05-01,102.05
2021-05-02,102.05
2021-05-03,102.05
2021-05-04,102.05
2021-05-05,102.05
2021-05-06,102.05
2021-05-07,102.05
2021-05-08,102.05
2021-05-09,102.05
2021-05-10,102.05
2021-05-11,102.05
2021-05-12,102.05
2021-05-13,102.05
2021-05-14,102.05
2021-05-15,102.05
2021-05-16,102.05
2021-05-17,102.05
2021-05-18,102.05
2021-05-19,102.05
2021-05-20,102.05
2021-05-21,102.05
2021-05-22,102.05
2021-05-23,102.05
2021-05-24,102.05
2021-05-25,102.05
2021-05-26,102.05
2021-05-27,102.05
2021-05-28,102.05
2021-05-29,102.05
2021-05-30,102.05
2021-05-31,102.05
2021-06-01,102.05
2021-06-02,102.05
2021-06-03,102.05
2021-06-04,102.05
2021-06-05,102.05
2021-06-06,102.05
2021-06-07,102.05
2021-06-08,102.05
2021-06-09,102.05
2021-06-10,102.05
2021-06-11,102.05
2021-06-12,102.05
2021-06-13,102.05
2021-06-14,102.05
2021-06-15,102.05
2021-06-16,102.05
2021-06-17,102.05
2021-06-18,102.05
2021-06-19,102.05
2021-06-20,102.05
2021-06-21,102.05
2021-06-22,102.05
2021-06-23,102.05
2021-06-24,102.05
2021-06-25,102.05
2021-06-26,102.05
2021-06-27,102.05
2021-06-28,102.05
2021-06-29,102.05
2021-06-30,102.05
2021-07-01,102.26
2021-07-02,102.26
2021-07-03,102.26
2021-07-04,102.26
2021-07-05,102.26
2021-07-06,102.26
2021-07-07,102.26
2021-07-08,102.26
2021-07-09,102.26
2021-07-10,102.26
2021-07-11,102.26
2021-07-12,102.26
2021-07-13,102.26
2021-07-14,102.26
2021-07-15,102.26
2021-07-16,102.26
2021-07-17,102.26
2021-07-18,102.26
2021-07-19,102.26
2021-07-20,102.26
2021-07-21,102.26
2021-07-22,102.26
2021-07-23,102.26
2021-07-24,102.26
2021-07-25,102.26
2021-07-26,102.26
2021-07-27,102.26
2021-07-28,102.26
2021-07-29,102.26
2021-07-30,102.26
2021-07-31,102.26
2021-08-01,102.75
2021-08-02,102.75
2021-08-03,102.75
2021-08-04,102.75
2021-08-05,102.75
2021-08-06,102.75
2021-08-07,102.75
2021-08-08,102.75
2021-08-09,102.75
2021-08-10,102.75
2021-08-11,102.75
2021-08-12,102.75
2021-08-13,102.75
2021-08-14,102.75
2021-08-15,102.75
2021-08-16,102.75
2021-08-17,102.75
2021-08-18,102.75
2021-08-19,102.75
2021-08-20,102.75
2021-08-21,102.75
2021-08-22,102.75
2021-08-23,102.75
2021-08-24,102.75
2021-08-25,102.75
2021-08-26,102.75
2021-08-27,102.75
2021-08-28,102.75
2021-08-29,102.75
2021-08-30,102.75
2021-08-31,102.75
2021-09-01,103.17
2021-09-02,103.17
2021-09-03,103.17
2021-09-04,103.17
2021-09-05,103.17
2021-09-06,103.17
2021-09-07,103.17
2021-09-08,103.17
2021-09-09,103.17
2021-09-10,103.17
2021-09-11,103.17
2021-09-12,103.17
2021-09-13,103.17
2021-09-14,103.17
2021-09-15,103.17
2021-09-16,103.17
2021-09-17,103.17
2021-09-18,103.17
2021-09-19,103.17
2021-09-20,103.17
2021-09-21,103.17
2021-09-22,103.17
2021-09-23,103.17
2021-09-24,103.17
2021-09-25,103.17
2021-09-26,103.17
2021-09-27,103.17
2021-09-28,103.17
2021-09-29,103.17
2021-09-30,103.17
2021-10-01,103.35
2021-10-02,103.35
2021-10-03,103.35
2021-10-04,103.35
2021-10-05,103.35
2021-10-06,103.35
2021-10-07,103.35
2021-10-08,103.35
2021-10-09,103.35
2021-10-10,103.35
2021-10-11,103.35
2021-10-12,103.35
2021-10-13,103.35
2021-10-14,103.35
2021-10-15,103.35
2021-10-16,103.35
2021-10-17,103.35
2021-10-18,103.35
2021-10-19,103.35
2021-10-20,103.35
2021-10-21,103.35
2021-10-22,103.35
2021-10-23,103.35
2021-10-24,103.35
2021-10-25,103.35
2021-10-26,103.35
2021-10-27,103.35
2021-10-28,103.35
2021-10-29,103.35
2021-10-30,103.35
2021-10-31,103.35
2021-11-01,103.87
2021-11-02,103.87
2021-11-03,103.87
2021-11-04,103.87
2021-11-05,103.87
2021-11-06,103.87
2021-11-07,103.87
2021-11-08,103.87
2021-11-09,103.87
2021-11-10,103.87
2021-11-11,103.87
2021-11-12,103.87
2021-11-13,103.87
2021-11-14,103.87
2021-11-15,103.87
2021-11-16,103.87
2021-11-17,103.87
2021-11-18,103.87
2021-11-19,103.87
2021-11-20,103.87
2021-11-21,103.87
2021-11-22,103.87
2021-11-23,103.87
2021-11-24,103.87
2021-11-25,103.87
2021-11-26,103.87
2021-11-27,103.87
2021-11-28,103.87
2021-11-29,103.87
2021-11-30,103.87
2021-12-01,104.04
2021-12-02,104.04
2021-12-03,104.04
2021-12-04,104.04
2021-12-05,104.04
2021-12-06,104.04
2021-12-07,104.04
2021-12-08,104.04
2021-12-09,104.04
2021-12-10,104.04
2021-12-11,104.04
2021-12-12,104.04
2021-12-13,104.04
2021-12-14,104.04
2021-12-15,104.04
2021-12-16,104.04
2021-12-17,104.04
2021-12-18,104.04
2021-12-19,104.04
2021-12-20,104.04
2021-12-21,104.04
2021-12-22,104.04
2021-12-23,104.04
2021-12-24,104.04
2021-12-25,104.04
2021-12-26,104.04
2021-12-27,104.04
2021-12-28,104.04
2021-12-29,104.04
2021-12-30,104.04
2021-12-31,104.04
2022-01-01,104.85
2022-01-02,104.85
2022-01-03,104.85
2022-01-04,104.85
2022-01-05,104.85
2022-01-06,104.85
2022-01-07,104.85
2022-01-08,104.85
2022-01-09,104.85
2022-01-10,104.85
2022-01-11,104.85
2022-01-12,104.85
2022-01-13,104.85
2022-01-14,104.85
2022-01-15,104.85
2022-01-16,104.85
2022-01-17,104.85
2022-01-18,104.85
2022-01-19,104.85
2022-01-20,104.85
2022-01-21,104.85
2022-01-22,104.85
2022-01-23,104.85
2022-01-24,104.85
2022-01-25,104.85
2022-01-26,104.85
2022-01-27,104.85
2022-01-28,104.85
2022-01-29,104.85
2022-01-30,104.85
2022-01-31,104.85
2022-02-01,105.42
2022-02-02,105.42
2022-02-03,105.42
2022-02-04,105.42
2022-02-05,105.42
2022-02-06,105.42
2022-02-07,105.42
2022-02-08,105.42
2022-02-09,105.42
2022-02-10,105.42
2022-02-11,105.42
2022-02-12,105.42
2022-02-13,105.42
2022-02-14,105.42
2022-02-15,105.42
2022-02-16,105.42
2022-02-17,105.42
2022-02-18,105.42
2022-02-19,105.42
2022-02-20,105.42
2022-02-21,105.42
2022-02-22,105.42
2022-02-23,105.42
2022-02-24,105.42
2022-02-25,105.42
2022-02-26,105.42
2022-02-27,105.42
2022-02-28,105.42
2022-03-01,106.1
2022-03-02,106.1
2022-03-03,106.1
2022-03-04,106.1
2022-03-05,106.1
2022-03-06,106.1
2022-03-07,106.1
2022-03-08,106.1
2022-03-09,106.1
2022-03-10,106.1
2022-03-11,106.1
2022-03-12,106.1
2022-03-13,106.1
2022-03-14,106.1
2022-03-15,106.1
2022-03-16,106.1
2022-03-17,106.1
2022-03-18,106.1
2022-03-19,106.1
2022-03-20,106.1
2022-03-21,106.1
2022-03-22,106.1
2022-03-23,106.1
2022-03-24,106.1
2022-03-25,106.1
2022-03-26,106.1
2022-03-27,106.1
2022-03-28,106.1
2022-03-29,106.1
2022-03-30,106.1
2022-03-31,106.1
2022-04-01,106.83
2022-04-02,106.83
2022-04-03,106.83
2022-04-04,106.83
2022-04-05,106.83
2022-04-06,106.83
2022-04-07,106.83
2022-04-08,106.83
2022-04-09,106.83
2022-04-10,106.83
2022-04-11,106.83
2022-04-12,106.83
2022-04-13,106.83
2022-04-14,106.83
2022-04-15,106.83
2022-04-16,106.83
2022-04-17,106.83
2022-04-18,106.83
2022-04-19,106.83
2022-04-20,106.83
2022-04-21,106.83
2022-04-22,106.83
2022-04-23,106.83
2022-04-24,106.83
2022-04-25,106.83
2022-04-26,106.83
2022-04-27,106.83
2022-04-28,106.83
2022-04-29,106.83
2022-04-30,106.83
2022-05-01,107.5
2022-05-02,107.5
2022-05-03,107.5
2022-05-04,107.5
2022-05-05,107.5
2022-05-06,107.5
2022-05-07,107.5
2022-05-08,107.5
2022-05-09,107.5
2022-05-10,107.5
2022-05-11,107.5
2022-05-12,107.5
2022-05-13,107.5
2022-05-14,107.5
2022-05-15,107.5
2022-05-16,107.5
2022-05-17,107.5
2022-05-18,107.5
2022-05-19,107.5
2022-05-20,107.5
2022-05-21,107.5
2022-05-22,107.5
2022-05-23,107.5
2022-05-24,107.5
2022-05-25,107.5
2022-05-26,107.5
2022-05-27,107.5
2022-05-28,107.5
2022-05-29,107.5
2022-05-30,107.5
2022-05-31,107.5
2022-06-01,108.21
2022-06-02,108.21
2022-06-03,108.21
2022-06-04,108.21
2022-06-05,108.21
2022-06-06,108.21
2022-06-07,108.21
2022-06-08,108.21
2022-06-09,108.21
2022-06-10,108.21
2022-06-11,108.21
2022-06-12,108.21
2022-06-13,108.21
2022-06-14,108.21
2022-06-15,108.21
2022-06-16,108.21
2022-06-17,108.21
2022-06-18,108.21
2022-06-19,108.21
2022-06-20,108.21
2022-06-21,108.21
2022-06-22,108.21
2022-06-23,108.21
2022-06-24,108.21
2022-06-25,108.21
2022-06-26,108.21
2022-06-27,108.21
2022-06-28,108.21
2022-06-29,108.21
2022-06-30,108.21
2022-07-01,108.73
2022-07-02,108.73
2022-07-03,108.73
2022-07-04,108.73
2022-07-05,108.73
2022-07-06,108.73
2022-07-07,108.73
2022-07-08,108.73
2022-07-09,108.73
2022-07-10,108.73
2022-07-11,108.73
2022-07-12,108.73
2022-07-13,108.73
2022-07-14,108.73
2022-07-15,108.73
2022-07-16,108.73
2022-07-17,108.73
2022-07-18,108.73
2022-07-19,108.73
2022-07-20,108.73
2022-07-21,108.73
2022-07-22,108.73
2022-07-23,108.73
2022-07-24,108.73
2022-07-25,108.73
2022-07-26,108.73
2022-07-27,108.73
2022-07-28,108.73
2022-07-29,108.73
2022-07-30,108.73
2022-07-31,108.73
2022-08-01,108.63
2022-08-02,108.63
2022-08-03,108.63
2022-08-04,108.63
2022-08-05,108.63
2022-08-06,108.63
2022-08-07,108.63
2022-08-08,108.63
2022-08-09,108.63
2022-08-10,108.63
2022-08-11,108.63
2022-08-12,108.63
2022-08-13,108.63
2022-08-14,108.63
2022-08-15,108.63
2022-08-16,108.63
2022-08-17,108.63
2022-08-18,108.63
2022-08-19,108.63
2022-08-20,108.63
2022-08-21,108.63
2022-08-22,108.63
2022-08-23,108.63
2022-08-24,108.63
2022-08-25,108.63
2022-08-26,108.63
2022-08-27,108.63
2022-08-28,108.63
2022-08-29,108.63
2022-08-30,108.63
2022-08-31,108.63
2022-09-01,108.82
2022-09-02,108.82
2022-09-03,108.82
2022-09-04,108.82
2022-09-05,108.82
2022-09-06,108.82
2022-09-07,108.82
2022-09-08,108.82
2022-09-09,108.82
2022-09-10,108.82
2022-09-11,108.82
2022-09-12,108.82
2022-09-13,108.82
2022-09-14,108.82
2022-09-15,108.82
2022-09-16,108.82
2022-09-17,108.82
2022-09-18,108.82
2022-09-19,108.82
2022-09-20,108.82
2022-09-21,108.82
2022-09-22,108.82
2022-09-23,108.82
2022-09-24,108.82
2022-09-25,108.82
2022-09-26,108.82
2022-09-27,108.82
2022-09-28,108.82
2022-09-29,108.82
2022-09-30,108.82
2022-10-01,109.16
2022-10-02,109.16
2022-10-03,109.16
2022-10-04,109.16
2022-10-05,109.16
2022-10-06,109.16
2022-10-07,109.16
2022-10-08,109.16
2022-10-09,109.16
2022-10-10,109.16
2022-10-11,109.16
2022-10-12,109.16
2022-10-13,109.16
2022-10-14,109.16
2022-10-15,109.16
2022-10-16,109.16
2022-10-17,109.16
2022-10-18,109.16
2022-10-19,109.16
2022-10-20,109.16
2022-10-21,109.16
2022-10-22,109.16
2022-10-23,109.16
2022-10-24,109.16
2022-10-25,109.16
2022-10-26,109.16
2022-10-27,109.16
2022-10-28,109.16
2022-10-29,109.16
2022-10-30,109.16
2022-10-31,109.16
2022-11-01,109.07
2022-11-02,109.07
2022-11-03,109.07
2022-11-04,109.07
2022-11-05,109.07
2022-11-06,109.07
2022-11-07,109.07
2022-11-08,109.07
2022-11-09,109.07
2022-11-10,109.07
2022-11-11,109.07
2022-11-12,109.07
2022-11-13,109.07
2022-11-14,109.07
2022-11-15,109.07
2022-11-16,109.07
2022-11-17,109.07
2022-11-18,109.07
2022-11-19,109.07
2022-11-20,109.07
2022-11-21,109.07
2022-11-22,109.07
2022-11-23,109.07
2022-11-24,109.07
2022-11-25,109.07
2022-11-26,109.07
2022-11-27,109.07
2022-11-28,109.07
2022-11-29,109.07
2022-11-30,109.07
2022-12-01,109.26
2022-12-02,109.26
2022-12-03,109.26
2022-12-04,109.26
2022-12-05,109.26
2022-12-06,109.26
2022-12-07,109.26
2022-12-08,109.26
2022-12-09,109.26
2022-12-10,109.26
2022-12-11,109.26
2022-12-12,109.26
2022-12-13,109.26
2022-12-14,109.26
2022-12-15,109.26
2022-12-16,109.26
2022-12-17,109.26
2022-12-18,109.26
2022-12-19,109.26
2022-12-20,109.26
2022-12-21,109.26
2022-12-22,109.26
2022-12-23,109.26
2022-12-24,109.26
2022-12-25,109.26
2022-12-26,109.26
2022-12-27,109.26
2022-12-28,109.26
2022-12-29,109.26
2022-12-30,109.26
2022-12-31,109.26
2023-01-01,110.07
2023-01-02,110.07
2023-01-03,110.07
2023-01-04,110.07
2023-01-05,110.07
2023-01-06,110.07
2023-01-07,110.07
2023-01-08,110.07
2023-01-09,110.07
2023-01-10,110.07
2023-01-11,110.07
2023-01-12,110.07
2023-01-13,110.07
2023-01-14,110.07
2023-01-15,110.07
2023-01-16,110.07
2023-01-17,110.07
2023-01-18,110.07
2023-01-19,110.07
2023-01-20,110.07
2023-01-21,110.07
2023-01-22,110.07
2023-01-23,110.07
2023-01-24,110.07
2023-01-25,110.07
2023-01-26,110.07
2023-01-27,110.07
2023-01-28,110.07
2023-01-29,110.07
2023-01-30,110.07
2023-01-31,110.07
2023-02-01,110.33
2023-02-02,110.33
2023-02-03,110.33
2023-02-04,110.33
2023-02-05,110.33
2023-02-06,110.33
2023-02-07,110.33
2023-02-08,110.33
2023-02-09,110.33
2023-02-10,110.33
2023-02-11,110.33
2023-02-12,110.33
2023-02-13,110.33
2023-02-14,110.33
2023-02-15,110.33
2023-02-16,110.33
2023-02-17,110.33
2023-02-18,110.33
2023-02-19,110.33
2023-02-20,110.33
2023-02-21,110.33
2023-02-22,110.33
2023-02-23,110.33
2023-02-24,110.33
2023-02-25,110.33
2023-02-26,110.33
2023-02-27,110.33
2023-02-28,110.33
2023-03-01,110.52
2023-03-02,110.52
2023-03-03,110.52
2023-03-04,110.52
2023-03-05,110.52
2023-03-06,110.52
2023-03-07,110.52
2023-03-08,110.52
2023-03-09,110.52
2023-03-10,110.52
2023-03-11,110.52
2023-03-12,110.52
2023-03-13,110.52
2023-03-14,110.52
2023-03-15,110.52
2023-03-16,110.52
2023-03-17,110.52
2023-03-18,110.52
2023-03-19,110.52
2023-03-20,110.52
2023-03-21,110.52
2023-03-22,110.52
2023-03-23,110.52
2023-03-24,110.52
2023-03-25,110.52
2023-03-26,110.52
2023-03-27,110.52
2023-03-28,110.52
2023-03-29,110.52
2023-03-30,110.52
2023-03-31,110.52
2023-04-01,110.77
2023-04-02,110.77
2023-04-03,110.77
2023-04-04,110.77
2023-04-05,110.77
2023-04-06,110.77
2023-04-07,110.77
2023-04-08,110.77
2023-04-09,110.77
2023-04-10,110.77
2023-04-11,110.77
2023-04-12,110.77
2023-04-13,110.77
2023-04-14,110.77
2023-04-15,110.77
2023-04-16,110.77
2023-04-17,110.77
2023-04-18,110.77
2023-04-19,110.77
2023-04-20,110.77
2023-04-21,110.77
2023-04-22,110.77
2023-04-23,110.77
2023-04-24,110.77
2023-04-25,110.77
2023-04-26,110.77
2023-04-27,110.77
2023-04-28,110.77
2023-04-29,110.77
2023-04-30,110.77
2023-05-01,111.13
2023-05-02,111.13
2023-05-03,111.13
2023-05-04,111.13
2023-05-05,111.13
2023-05-06,111.13
2023-05-07,111.13
2023-05-08,111.13
2023-05-09,111.13
2023-05-10,111.13
2023-05-11,111.13
2023-05-12,111.13
2023-05-13,111.13
2023-05-14,111.13
2023-05-15,111.13
2023-05-16,111.13
2023-05-17,111.13
2023-05-18,111.13
2023-05-19,111.13
2023-05-20,111.13
2023-05-21,111.13
2023-05-22,111.13
2023-05-23,111.13
2023-05-24,111.13
2023-05-25,111.13
2023-05-26,111.13
2023-05-27,111.13
2023-05-28,111.13
2023-05-29,111.13
2023-05-30,111.13
2023-05-31,111.13
2023-06-01,111.16
2023-06-02,111.16
2023-06-03,111.16
2023-06-04,111.16
2023-06-05,111.16
2023-06-06,111.16
2023-06-07,111.16
2023-06-08,111.16
2023-06-09,111.16
2023-06-10,111.16
2023-06-11,111.16
2023-06-12,111.16
2023-06-13,111.16
2023-06-14,111.16
2023-06-15,111.16
2023-06-16,111.16
2023-06-17,111.16
2023-06-18,111.16
2023-06-19,111.16
2023-06-20,111.16
2023-06-21,111.16
2023-06-22,111.16
2023-06-23,111.16
2023-06-24,111.16
2023-06-25,111.16
2023-06-26,111.16
2023-06-27,111.16
2023-06-28,111.16
2023-06-29,111.16
2023-06-30,111.16
2023-07-01,111.29
2023-07-02,111.29
2023-07-03,111.29
2023-07-04,111.29
2023-07-05,111.29
2023-07-06,111.29
2023-07-07,111.29
2023-07-08,111.29
2023-07-09,111.29
2023-07-10,111.29
2023-07-11,111.29
2023-07-12,111.29
2023-07-13,111.29
2023-07-14,111.29
2023-07-15,111.29
2023-07-16,111.29
2023-07-17,111.29
2023-07-18,111.29
2023-07-19,111.29
2023-07-20,111.29
2023-07-21,111.29
2023-07-22,111.29
2023-07-23,111.29
2023-07-24,111.29
2023-07-25,111.29
2023-07-26,111.29
2023-07-27,111.29
2023-07-28,111.29
2023-07-29,111.29
2023-07-30,111.29
2023-07-31,111.29
2023-08-01,112.28
2023-08-02,112.28
2023-08-03,112.28
2023-08-04,112.28
2023-08-05,112.28
2023-08-06,112.28
2023-08-07,112.28
2023-08-08,112.28
2023-08-09,112.28
2023-08-10,112.28
2023-08-11,112.28
2023-08-12,112.28
2023-08-13,112.28
2023-08-14,112.28
2023-08-15,112.28
2023-08-16,112.28
2023-08-17,112.28
2023-08-18,112.28
2023-08-19,112.28
2023-08-20,112.28
2023-08-21,112.28
2023-08-22,112.28
2023-08-23,112.28
2023-08-24,112.28
2023-08-25,112.28
2023-08-26,112.28
2023-08-27,112.28
2023-08-28,112.28
2023-08-29,112.28
2023-08-30,112.28
2023-08-31,112.28
2023-09-01,112.83
2023-09-02,112.83
2023-09-03,112.83
2023-09-04,112.83
2023-09-05,112.83
2023-09-06,112.83
2023-09-07,112.83
2023-09-08,112.83
2023-09-09,112.83
2023-09-10,112.83
2023-09-11,112.83
2023-09-12,112.83
2023-09-13,112.83
2023-09-14,112.83
2023-09-15,112.83
2023-09-16,112.83
2023-09-17,112.83
2023-09-18,112.83
2023-09-19,112.83
2023-09-20,112.83
2023-09-21,112.83
2023-09-22,112.83
2023-09-23,112.83
2023-09-24,112.83
2023-09-25,112.83
2023-09-26,112.83
2023-09-27,112.83
2023-09-28,112.83
2023-09-29,112.83
2023-09-30,112.83
2023-10-01,113.26
2023-10-02,113.26
2023-10-03,113.26
2023-10-04,113.26
2023-10-05,113.26
2023-10-06,113.26
2023-10-07,113.26
2023-10-08,113.26
2023-10-09,113.26
2023-10-10,113.26
2023-10-11,113.26
2023-10-12,113.26
2023-10-13,113.26
2023-10-14,113.26
2023-10-15,113.26
2023-10-16,113.26
2023-10-17,113.26
2023-10-18,113.26
2023-10-19,113.26
2023-10-20,113.26
2023-10-21,113.26
2023-10-22,113.26
2023-10-23,113.26
2023-10-24,113.26
2023-10-25,113.26
2023-10-26,113.26
2023-10-27,113.26
2023-10-28,113.26
2023-10-29,113.26
2023-10-30,113.26
2023-10-31,113.26
2023-11-01,112.67
2023-11-02,112.67
2023-11-03,112.67
2023-11-04,112.67
2023-11-05,112.67
2023-11-06,112.67
2023-11-07,112.67
2023-11-08,112.67
2023-11-09,112.67
2023-11-10,112.67
2023-11-11,112.67
2023-11-12,112.67
2023-11-13,112.67
2023-11-14,112.67
2023-11-15,112.67
2023-11-16,112.67
2023-11-17,112.67
2023-11-18,112.67
2023-11-19,112.67
2023-11-20,112.67
2023-11-21,112.67
2023-11-22,112.67
2023-11-23,112.67
2023-11-24,112.67
2023-11-25,112.67
2023-11-26,112.67
2023-11-27,112.67
2023-11-28,112.67
2023-11-29,112.67
2023-11-30,112.67
2023-12-01,112.71
2023-12-02,112.71
2023-12-03,112.71
2023-12-04,112.71
2023-12-05,112.71
2023-12-06,112.71
2023-12-07,112.71
2023-12-08,112.71
2023-12-09,112.71
2023-12-10,112.71
2023-12-11,112.71
2023-12-12,112.71
2023-12-13,112.71
2023-12-14,112.71
2023-12-15,112.71
2023-12-16,112.71
2023-12-17,112.71
2023-12-18,112.71
2023-12-19,112.71
2023-12-20,112.71
2023-12-21,112.71
2023-12-22,112.71
2023-12-23,112.71
2023-12-24,112.71
2023-12-25,112.71
2023-12-26,112.71
2023-12-27,112.71
2023-12-28,112.71
2023-12-29,112.71
2023-12-30,112.71
2023-12-31,112.71
2024-01-01,113.15
2024-01-02,113.15
2024-01-03,113.15
2024-01-04,113.15
2024-01-05,113.15
2024-01-06,113.15
2024-01-07,113.15
2024-01-08,113.15
2024-01-09,113.15
2024-01-10,113.15
2024-01-11,113.15
2024-01-12,113.15
2024-01-13,113.15
2024-01-14,113.15
2024-01-15,113.15
2024-01-16,113.15
2024-01-17,113.15
2024-01-18,113.15
2024-01-19,113.15
2024-01-20,113.15
2024-01-21,113.15
2024-01-22,113.15
2024-01-23,113.15
2024-01-24,113.15
2024-01-25,113.15
2024-01-26,113.15
2024-01-27,113.15
2024-01-28,113.15
2024-01-29,113.15
2024-01-30,113.15
2024-01-31,113.15
2024-02-01,113.77
2024-02-02,113.77
2024-02-03,113.77
2024-02-04,113.77
2024-02-05,113.77
2024-02-06,113.77
2024-02-07,113.77
2024-02-08,113.77
2024-02-09,113.77
2024-02-10,113.77
2024-02-11,113.77
2024-02-12,113.77
2024-02-13,113.77
2024-02-14,113.77
2024-02-15,113.77
2024-02-16,113.77
2024-02-17,113.77
2024-02-18,113.77
2024-02-19,113.77
2024-02-20,113.77
2024-02-21,113.77
2024-02-22,113.77
2024-02-23,113.77
2024-02-24,113.77
2024-02-25,113.77
2024-02-26,113.77
2024-02-27,113.77
2024-02-28,113.77
2024-02-29,113.77
2024-03-01,113.94
2024-03-02,113.94
2024-03-03,113.94
2024-03-04,113.94
2024-03-05,113.94
2024-03-06,113.94
2024-03-07,113.94
2024-03-08,113.94
2024-03-09,113.94
2024-03-10,113.94
2024-03-11,113.94
2024-03-12,113.94
2024-03-13,113.94
2024-03-14,113.94
2024-03-15,113.94
2024-03-16,113.94
2024-03-17,113.94
2024-03-18,113.94
2024-03-19,113.94
2024-03-20,113.94
2024-03-21,113.94
2024-03-22,113.94
2024-03-23,113.94
2024-03-24,113.94
2024-03-25,113.94
2024-03-26,113.94
2024-03-27,113.94
2024-03-28,113.94
2024-03-29,113.94
2024-03-30,113.94
2024-03-31,113.94
2024-04-01,113.99
