Date,Number of employed(Seoul)
2015-01-01,516.65
2015-01-02,516.65
2015-01-03,516.65
2015-01-04,516.65
2015-01-05,516.65
2015-01-06,516.65
2015-01-07,516.65
2015-01-08,516.65
2015-01-09,516.65
2015-01-10,516.65
2015-01-11,516.65
2015-01-12,516.65
2015-01-13,516.65
2015-01-14,516.65
2015-01-15,516.65
2015-01-16,516.65
2015-01-17,516.65
2015-01-18,516.65
2015-01-19,516.65
2015-01-20,516.65
2015-01-21,516.65
2015-01-22,516.65
2015-01-23,516.65
2015-01-24,516.65
2015-01-25,516.65
2015-01-26,516.65
2015-01-27,516.65
2015-01-28,516.65
2015-01-29,516.65
2015-01-30,516.65
2015-01-31,516.65
2015-02-01,514.28
2015-02-02,514.28
2015-02-03,514.28
2015-02-04,514.28
2015-02-05,514.28
2015-02-06,514.28
2015-02-07,514.28
2015-02-08,514.28
2015-02-09,514.28
2015-02-10,514.28
2015-02-11,514.28
2015-02-12,514.28
2015-02-13,514.28
2015-02-14,514.28
2015-02-15,514.28
2015-02-16,514.28
2015-02-17,514.28
2015-02-18,514.28
2015-02-19,514.28
2015-02-20,514.28
2015-02-21,514.28
2015-02-22,514.28
2015-02-23,514.28
2015-02-24,514.28
2015-02-25,514.28
2015-02-26,514.28
2015-02-27,514.28
2015-02-28,514.28
2015-03-01,513.08
2015-03-02,513.08
2015-03-03,513.08
2015-03-04,513.08
2015-03-05,513.08
2015-03-06,513.08
2015-03-07,513.08
2015-03-08,513.08
2015-03-09,513.08
2015-03-10,513.08
2015-03-11,513.08
2015-03-12,513.08
2015-03-13,513.08
2015-03-14,513.08
2015-03-15,513.08
2015-03-16,513.08
2015-03-17,513.08
2015-03-18,513.08
2015-03-19,513.08
2015-03-20,513.08
2015-03-21,513.08
2015-03-22,513.08
2015-03-23,513.08
2015-03-24,513.08
2015-03-25,513.08
2015-03-26,513.08
2015-03-27,513.08
2015-03-28,513.08
2015-03-29,513.08
2015-03-30,513.08
2015-03-31,513.08
2015-04-01,513.92
2015-04-02,513.92
2015-04-03,513.92
2015-04-04,513.92
2015-04-05,513.92
2015-04-06,513.92
2015-04-07,513.92
2015-04-08,513.92
2015-04-09,513.92
2015-04-10,513.92
2015-04-11,513.92
2015-04-12,513.92
2015-04-13,513.92
2015-04-14,513.92
2015-04-15,513.92
2015-04-16,513.92
2015-04-17,513.92
2015-04-18,513.92
2015-04-19,513.92
2015-04-20,513.92
2015-04-21,513.92
2015-04-22,513.92
2015-04-23,513.92
2015-04-24,513.92
2015-04-25,513.92
2015-04-26,513.92
2015-04-27,513.92
2015-04-28,513.92
2015-04-29,513.92
2015-04-30,513.92
2015-05-01,520.0
2015-05-02,520.0
2015-05-03,520.0
2015-05-04,520.0
2015-05-05,520.0
2015-05-06,520.0
2015-05-07,520.0
2015-05-08,520.0
2015-05-09,520.0
2015-05-10,520.0
2015-05-11,520.0
2015-05-12,520.0
2015-05-13,520.0
2015-05-14,520.0
2015-05-15,520.0
2015-05-16,520.0
2015-05-17,520.0
2015-05-18,520.0
2015-05-19,520.0
2015-05-20,520.0
2015-05-21,520.0
2015-05-22,520.0
2015-05-23,520.0
2015-05-24,520.0
2015-05-25,520.0
2015-05-26,520.0
2015-05-27,520.0
2015-05-28,520.0
2015-05-29,520.0
2015-05-30,520.0
2015-05-31,520.0
2015-06-01,515.29
2015-06-02,515.29
2015-06-03,515.29
2015-06-04,515.29
2015-06-05,515.29
2015-06-06,515.29
2015-06-07,515.29
2015-06-08,515.29
2015-06-09,515.29
2015-06-10,515.29
2015-06-11,515.29
2015-06-12,515.29
2015-06-13,515.29
2015-06-14,515.29
2015-06-15,515.29
2015-06-16,515.29
2015-06-17,515.29
2015-06-18,515.29
2015-06-19,515.29
2015-06-20,515.29
2015-06-21,515.29
2015-06-22,515.29
2015-06-23,515.29
2015-06-24,515.29
2015-06-25,515.29
2015-06-26,515.29
2015-06-27,515.29
2015-06-28,515.29
2015-06-29,515.29
2015-06-30,515.29
2015-07-01,519.27
2015-07-02,519.27
2015-07-03,519.27
2015-07-04,519.27
2015-07-05,519.27
2015-07-06,519.27
2015-07-07,519.27
2015-07-08,519.27
2015-07-09,519.27
2015-07-10,519.27
2015-07-11,519.27
2015-07-12,519.27
2015-07-13,519.27
2015-07-14,519.27
2015-07-15,519.27
2015-07-16,519.27
2015-07-17,519.27
2015-07-18,519.27
2015-07-19,519.27
2015-07-20,519.27
2015-07-21,519.27
2015-07-22,519.27
2015-07-23,519.27
2015-07-24,519.27
2015-07-25,519.27
2015-07-26,519.27
2015-07-27,519.27
2015-07-28,519.27
2015-07-29,519.27
2015-07-30,519.27
2015-07-31,519.27
2015-08-01,519.4
2015-08-02,519.4
2015-08-03,519.4
2015-08-04,519.4
2015-08-05,519.4
2015-08-06,519.4
2015-08-07,519.4
2015-08-08,519.4
2015-08-09,519.4
2015-08-10,519.4
2015-08-11,519.4
2015-08-12,519.4
2015-08-13,519.4
2015-08-14,519.4
2015-08-15,519.4
2015-08-16,519.4
2015-08-17,519.4
2015-08-18,519.4
2015-08-19,519.4
2015-08-20,519.4
2015-08-21,519.4
2015-08-22,519.4
2015-08-23,519.4
2015-08-24,519.4
2015-08-25,519.4
2015-08-26,519.4
2015-08-27,519.4
2015-08-28,519.4
2015-08-29,519.4
2015-08-30,519.4
2015-08-31,519.4
2015-09-01,516.69
2015-09-02,516.69
2015-09-03,516.69
2015-09-04,516.69
2015-09-05,516.69
2015-09-06,516.69
2015-09-07,516.69
2015-09-08,516.69
2015-09-09,516.69
2015-09-10,516.69
2015-09-11,516.69
2015-09-12,516.69
2015-09-13,516.69
2015-09-14,516.69
2015-09-15,516.69
2015-09-16,516.69
2015-09-17,516.69
2015-09-18,516.69
2015-09-19,516.69
2015-09-20,516.69
2015-09-21,516.69
2015-09-22,516.69
2015-09-23,516.69
2015-09-24,516.69
2015-09-25,516.69
2015-09-26,516.69
2015-09-27,516.69
2015-09-28,516.69
2015-09-29,516.69
2015-09-30,516.69
2015-10-01,515.72
2015-10-02,515.72
2015-10-03,515.72
2015-10-04,515.72
2015-10-05,515.72
2015-10-06,515.72
2015-10-07,515.72
2015-10-08,515.72
2015-10-09,515.72
2015-10-10,515.72
2015-10-11,515.72
2015-10-12,515.72
2015-10-13,515.72
2015-10-14,515.72
2015-10-15,515.72
2015-10-16,515.72
2015-10-17,515.72
2015-10-18,515.72
2015-10-19,515.72
2015-10-20,515.72
2015-10-21,515.72
2015-10-22,515.72
2015-10-23,515.72
2015-10-24,515.72
2015-10-25,515.72
2015-10-26,515.72
2015-10-27,515.72
2015-10-28,515.72
2015-10-29,515.72
2015-10-30,515.72
2015-10-31,515.72
2015-11-01,517.62
2015-11-02,517.62
2015-11-03,517.62
2015-11-04,517.62
2015-11-05,517.62
2015-11-06,517.62
2015-11-07,517.62
2015-11-08,517.62
2015-11-09,517.62
2015-11-10,517.62
2015-11-11,517.62
2015-11-12,517.62
2015-11-13,517.62
2015-11-14,517.62
2015-11-15,517.62
2015-11-16,517.62
2015-11-17,517.62
2015-11-18,517.62
2015-11-19,517.62
2015-11-20,517.62
2015-11-21,517.62
2015-11-22,517.62
2015-11-23,517.62
2015-11-24,517.62
2015-11-25,517.62
2015-11-26,517.62
2015-11-27,517.62
2015-11-28,517.62
2015-11-29,517.62
2015-11-30,517.62
2015-12-01,516.29
2015-12-02,516.29
2015-12-03,516.29
2015-12-04,516.29
2015-12-05,516.29
2015-12-06,516.29
2015-12-07,516.29
2015-12-08,516.29
2015-12-09,516.29
2015-12-10,516.29
2015-12-11,516.29
2015-12-12,516.29
2015-12-13,516.29
2015-12-14,516.29
2015-12-15,516.29
2015-12-16,516.29
2015-12-17,516.29
2015-12-18,516.29
2015-12-19,516.29
2015-12-20,516.29
2015-12-21,516.29
2015-12-22,516.29
2015-12-23,516.29
2015-12-24,516.29
2015-12-25,516.29
2015-12-26,516.29
2015-12-27,516.29
2015-12-28,516.29
2015-12-29,516.29
2015-12-30,516.29
2015-12-31,516.29
2016-01-01,513.32
2016-01-02,513.32
2016-01-03,513.32
2016-01-04,513.32
2016-01-05,513.32
2016-01-06,513.32
2016-01-07,513.32
2016-01-08,513.32
2016-01-09,513.32
2016-01-10,513.32
2016-01-11,513.32
2016-01-12,513.32
2016-01-13,513.32
2016-01-14,513.32
2016-01-15,513.32
2016-01-16,513.32
2016-01-17,513.32
2016-01-18,513.32
2016-01-19,513.32
2016-01-20,513.32
2016-01-21,513.32
2016-01-22,513.32
2016-01-23,513.32
2016-01-24,513.32
2016-01-25,513.32
2016-01-26,513.32
2016-01-27,513.32
2016-01-28,513.32
2016-01-29,513.32
2016-01-30,513.32
2016-01-31,513.32
2016-02-01,510.11
2016-02-02,510.11
2016-02-03,510.11
2016-02-04,510.11
2016-02-05,510.11
2016-02-06,510.11
2016-02-07,510.11
2016-02-08,510.11
2016-02-09,510.11
2016-02-10,510.11
2016-02-11,510.11
2016-02-12,510.11
2016-02-13,510.11
2016-02-14,510.11
2016-02-15,510.11
2016-02-16,510.11
2016-02-17,510.11
2016-02-18,510.11
2016-02-19,510.11
2016-02-20,510.11
2016-02-21,510.11
2016-02-22,510.11
2016-02-23,510.11
2016-02-24,510.11
2016-02-25,510.11
2016-02-26,510.11
2016-02-27,510.11
2016-02-28,510.11
2016-02-29,510.11
2016-03-01,505.44
2016-03-02,505.44
2016-03-03,505.44
2016-03-04,505.44
2016-03-05,505.44
2016-03-06,505.44
2016-03-07,505.44
2016-03-08,505.44
2016-03-09,505.44
2016-03-10,505.44
2016-03-11,505.44
2016-03-12,505.44
2016-03-13,505.44
2016-03-14,505.44
2016-03-15,505.44
2016-03-16,505.44
2016-03-17,505.44
2016-03-18,505.44
2016-03-19,505.44
2016-03-20,505.44
2016-03-21,505.44
2016-03-22,505.44
2016-03-23,505.44
2016-03-24,505.44
2016-03-25,505.44
2016-03-26,505.44
2016-03-27,505.44
2016-03-28,505.44
2016-03-29,505.44
2016-03-30,505.44
2016-03-31,505.44
2016-04-01,509.83
2016-04-02,509.83
2016-04-03,509.83
2016-04-04,509.83
2016-04-05,509.83
2016-04-06,509.83
2016-04-07,509.83
2016-04-08,509.83
2016-04-09,509.83
2016-04-10,509.83
2016-04-11,509.83
2016-04-12,509.83
2016-04-13,509.83
2016-04-14,509.83
2016-04-15,509.83
2016-04-16,509.83
2016-04-17,509.83
2016-04-18,509.83
2016-04-19,509.83
2016-04-20,509.83
2016-04-21,509.83
2016-04-22,509.83
2016-04-23,509.83
2016-04-24,509.83
2016-04-25,509.83
2016-04-26,509.83
2016-04-27,509.83
2016-04-28,509.83
2016-04-29,509.83
2016-04-30,509.83
2016-05-01,516.92
2016-05-02,516.92
2016-05-03,516.92
2016-05-04,516.92
2016-05-05,516.92
2016-05-06,516.92
2016-05-07,516.92
2016-05-08,516.92
2016-05-09,516.92
2016-05-10,516.92
2016-05-11,516.92
2016-05-12,516.92
2016-05-13,516.92
2016-05-14,516.92
2016-05-15,516.92
2016-05-16,516.92
2016-05-17,516.92
2016-05-18,516.92
2016-05-19,516.92
2016-05-20,516.92
2016-05-21,516.92
2016-05-22,516.92
2016-05-23,516.92
2016-05-24,516.92
2016-05-25,516.92
2016-05-26,516.92
2016-05-27,516.92
2016-05-28,516.92
2016-05-29,516.92
2016-05-30,516.92
2016-05-31,516.92
2016-06-01,517.92
2016-06-02,517.92
2016-06-03,517.92
2016-06-04,517.92
2016-06-05,517.92
2016-06-06,517.92
2016-06-07,517.92
2016-06-08,517.92
2016-06-09,517.92
2016-06-10,517.92
2016-06-11,517.92
2016-06-12,517.92
2016-06-13,517.92
2016-06-14,517.92
2016-06-15,517.92
2016-06-16,517.92
2016-06-17,517.92
2016-06-18,517.92
2016-06-19,517.92
2016-06-20,517.92
2016-06-21,517.92
2016-06-22,517.92
2016-06-23,517.92
2016-06-24,517.92
2016-06-25,517.92
2016-06-26,517.92
2016-06-27,517.92
2016-06-28,517.92
2016-06-29,517.92
2016-06-30,517.92
2016-07-01,518.47
2016-07-02,518.47
2016-07-03,518.47
2016-07-04,518.47
2016-07-05,518.47
2016-07-06,518.47
2016-07-07,518.47
2016-07-08,518.47
2016-07-09,518.47
2016-07-10,518.47
2016-07-11,518.47
2016-07-12,518.47
2016-07-13,518.47
2016-07-14,518.47
2016-07-15,518.47
2016-07-16,518.47
2016-07-17,518.47
2016-07-18,518.47
2016-07-19,518.47
2016-07-20,518.47
2016-07-21,518.47
2016-07-22,518.47
2016-07-23,518.47
2016-07-24,518.47
2016-07-25,518.47
2016-07-26,518.47
2016-07-27,518.47
2016-07-28,518.47
2016-07-29,518.47
2016-07-30,518.47
2016-07-31,518.47
2016-08-01,514.5
2016-08-02,514.5
2016-08-03,514.5
2016-08-04,514.5
2016-08-05,514.5
2016-08-06,514.5
2016-08-07,514.5
2016-08-08,514.5
2016-08-09,514.5
2016-08-10,514.5
2016-08-11,514.5
2016-08-12,514.5
2016-08-13,514.5
2016-08-14,514.5
2016-08-15,514.5
2016-08-16,514.5
2016-08-17,514.5
2016-08-18,514.5
2016-08-19,514.5
2016-08-20,514.5
2016-08-21,514.5
2016-08-22,514.5
2016-08-23,514.5
2016-08-24,514.5
2016-08-25,514.5
2016-08-26,514.5
2016-08-27,514.5
2016-08-28,514.5
2016-08-29,514.5
2016-08-30,514.5
2016-08-31,514.5
2016-09-01,515.8
2016-09-02,515.8
2016-09-03,515.8
2016-09-04,515.8
2016-09-05,515.8
2016-09-06,515.8
2016-09-07,515.8
2016-09-08,515.8
2016-09-09,515.8
2016-09-10,515.8
2016-09-11,515.8
2016-09-12,515.8
2016-09-13,515.8
2016-09-14,515.8
2016-09-15,515.8
2016-09-16,515.8
2016-09-17,515.8
2016-09-18,515.8
2016-09-19,515.8
2016-09-20,515.8
2016-09-21,515.8
2016-09-22,515.8
2016-09-23,515.8
2016-09-24,515.8
2016-09-25,515.8
2016-09-26,515.8
2016-09-27,515.8
2016-09-28,515.8
2016-09-29,515.8
2016-09-30,515.8
2016-10-01,518.35
2016-10-02,518.35
2016-10-03,518.35
2016-10-04,518.35
2016-10-05,518.35
2016-10-06,518.35
2016-10-07,518.35
2016-10-08,518.35
2016-10-09,518.35
2016-10-10,518.35
2016-10-11,518.35
2016-10-12,518.35
2016-10-13,518.35
2016-10-14,518.35
2016-10-15,518.35
2016-10-16,518.35
2016-10-17,518.35
2016-10-18,518.35
2016-10-19,518.35
2016-10-20,518.35
2016-10-21,518.35
2016-10-22,518.35
2016-10-23,518.35
2016-10-24,518.35
2016-10-25,518.35
2016-10-26,518.35
2016-10-27,518.35
2016-10-28,518.35
2016-10-29,518.35
2016-10-30,518.35
2016-10-31,518.35
2016-11-01,518.36
2016-11-02,518.36
2016-11-03,518.36
2016-11-04,518.36
2016-11-05,518.36
2016-11-06,518.36
2016-11-07,518.36
2016-11-08,518.36
2016-11-09,518.36
2016-11-10,518.36
2016-11-11,518.36
2016-11-12,518.36
2016-11-13,518.36
2016-11-14,518.36
2016-11-15,518.36
2016-11-16,518.36
2016-11-17,518.36
2016-11-18,518.36
2016-11-19,518.36
2016-11-20,518.36
2016-11-21,518.36
2016-11-22,518.36
2016-11-23,518.36
2016-11-24,518.36
2016-11-25,518.36
2016-11-26,518.36
2016-11-27,518.36
2016-11-28,518.36
2016-11-29,518.36
2016-11-30,518.36
2016-12-01,516.4
2016-12-02,516.4
2016-12-03,516.4
2016-12-04,516.4
2016-12-05,516.4
2016-12-06,516.4
2016-12-07,516.4
2016-12-08,516.4
2016-12-09,516.4
2016-12-10,516.4
2016-12-11,516.4
2016-12-12,516.4
2016-12-13,516.4
2016-12-14,516.4
2016-12-15,516.4
2016-12-16,516.4
2016-12-17,516.4
2016-12-18,516.4
2016-12-19,516.4
2016-12-20,516.4
2016-12-21,516.4
2016-12-22,516.4
2016-12-23,516.4
2016-12-24,516.4
2016-12-25,516.4
2016-12-26,516.4
2016-12-27,516.4
2016-12-28,516.4
2016-12-29,516.4
2016-12-30,516.4
2016-12-31,516.4
2017-01-01,508.74
2017-01-02,508.74
2017-01-03,508.74
2017-01-04,508.74
2017-01-05,508.74
2017-01-06,508.74
2017-01-07,508.74
2017-01-08,508.74
2017-01-09,508.74
2017-01-10,508.74
2017-01-11,508.74
2017-01-12,508.74
2017-01-13,508.74
2017-01-14,508.74
2017-01-15,508.74
2017-01-16,508.74
2017-01-17,508.74
2017-01-18,508.74
2017-01-19,508.74
2017-01-20,508.74
2017-01-21,508.74
2017-01-22,508.74
2017-01-23,508.74
2017-01-24,508.74
2017-01-25,508.74
2017-01-26,508.74
2017-01-27,508.74
2017-01-28,508.74
2017-01-29,508.74
2017-01-30,508.74
2017-01-31,508.74
2017-02-01,511.2
2017-02-02,511.2
2017-02-03,511.2
2017-02-04,511.2
2017-02-05,511.2
2017-02-06,511.2
2017-02-07,511.2
2017-02-08,511.2
2017-02-09,511.2
2017-02-10,511.2
2017-02-11,511.2
2017-02-12,511.2
2017-02-13,511.2
2017-02-14,511.2
2017-02-15,511.2
2017-02-16,511.2
2017-02-17,511.2
2017-02-18,511.2
2017-02-19,511.2
2017-02-20,511.2
2017-02-21,511.2
2017-02-22,511.2
2017-02-23,511.2
2017-02-24,511.2
2017-02-25,511.2
2017-02-26,511.2
2017-02-27,511.2
2017-02-28,511.2
2017-03-01,511.43
2017-03-02,511.43
2017-03-03,511.43
2017-03-04,511.43
2017-03-05,511.43
2017-03-06,511.43
2017-03-07,511.43
2017-03-08,511.43
2017-03-09,511.43
2017-03-10,511.43
2017-03-11,511.43
2017-03-12,511.43
2017-03-13,511.43
2017-03-14,511.43
2017-03-15,511.43
2017-03-16,511.43
2017-03-17,511.43
2017-03-18,511.43
2017-03-19,511.43
2017-03-20,511.43
2017-03-21,511.43
2017-03-22,511.43
2017-03-23,511.43
2017-03-24,511.43
2017-03-25,511.43
2017-03-26,511.43
2017-03-27,511.43
2017-03-28,511.43
2017-03-29,511.43
2017-03-30,511.43
2017-03-31,511.43
2017-04-01,513.22
2017-04-02,513.22
2017-04-03,513.22
2017-04-04,513.22
2017-04-05,513.22
2017-04-06,513.22
2017-04-07,513.22
2017-04-08,513.22
2017-04-09,513.22
2017-04-10,513.22
2017-04-11,513.22
2017-04-12,513.22
2017-04-13,513.22
2017-04-14,513.22
2017-04-15,513.22
2017-04-16,513.22
2017-04-17,513.22
2017-04-18,513.22
2017-04-19,513.22
2017-04-20,513.22
2017-04-21,513.22
2017-04-22,513.22
2017-04-23,513.22
2017-04-24,513.22
2017-04-25,513.22
2017-04-26,513.22
2017-04-27,513.22
2017-04-28,513.22
2017-04-29,513.22
2017-04-30,513.22
2017-05-01,517.72
2017-05-02,517.72
2017-05-03,517.72
2017-05-04,517.72
2017-05-05,517.72
2017-05-06,517.72
2017-05-07,517.72
2017-05-08,517.72
2017-05-09,517.72
2017-05-10,517.72
2017-05-11,517.72
2017-05-12,517.72
2017-05-13,517.72
2017-05-14,517.72
2017-05-15,517.72
2017-05-16,517.72
2017-05-17,517.72
2017-05-18,517.72
2017-05-19,517.72
2017-05-20,517.72
2017-05-21,517.72
2017-05-22,517.72
2017-05-23,517.72
2017-05-24,517.72
2017-05-25,517.72
2017-05-26,517.72
2017-05-27,517.72
2017-05-28,517.72
2017-05-29,517.72
2017-05-30,517.72
2017-05-31,517.72
2017-06-01,520.63
2017-06-02,520.63
2017-06-03,520.63
2017-06-04,520.63
2017-06-05,520.63
2017-06-06,520.63
2017-06-07,520.63
2017-06-08,520.63
2017-06-09,520.63
2017-06-10,520.63
2017-06-11,520.63
2017-06-12,520.63
2017-06-13,520.63
2017-06-14,520.63
2017-06-15,520.63
2017-06-16,520.63
2017-06-17,520.63
2017-06-18,520.63
2017-06-19,520.63
2017-06-20,520.63
2017-06-21,520.63
2017-06-22,520.63
2017-06-23,520.63
2017-06-24,520.63
2017-06-25,520.63
2017-06-26,520.63
2017-06-27,520.63
2017-06-28,520.63
2017-06-29,520.63
2017-06-30,520.63
2017-07-01,521.52
2017-07-02,521.52
2017-07-03,521.52
2017-07-04,521.52
2017-07-05,521.52
2017-07-06,521.52
2017-07-07,521.52
2017-07-08,521.52
2017-07-09,521.52
2017-07-10,521.52
2017-07-11,521.52
2017-07-12,521.52
2017-07-13,521.52
2017-07-14,521.52
2017-07-15,521.52
2017-07-16,521.52
2017-07-17,521.52
2017-07-18,521.52
2017-07-19,521.52
2017-07-20,521.52
2017-07-21,521.52
2017-07-22,521.52
2017-07-23,521.52
2017-07-24,521.52
2017-07-25,521.52
2017-07-26,521.52
2017-07-27,521.52
2017-07-28,521.52
2017-07-29,521.52
2017-07-30,521.52
2017-07-31,521.52
2017-08-01,518.51
2017-08-02,518.51
2017-08-03,518.51
2017-08-04,518.51
2017-08-05,518.51
2017-08-06,518.51
2017-08-07,518.51
2017-08-08,518.51
2017-08-09,518.51
2017-08-10,518.51
2017-08-11,518.51
2017-08-12,518.51
2017-08-13,518.51
2017-08-14,518.51
2017-08-15,518.51
2017-08-16,518.51
2017-08-17,518.51
2017-08-18,518.51
2017-08-19,518.51
2017-08-20,518.51
2017-08-21,518.51
2017-08-22,518.51
2017-08-23,518.51
2017-08-24,518.51
2017-08-25,518.51
2017-08-26,518.51
2017-08-27,518.51
2017-08-28,518.51
2017-08-29,518.51
2017-08-30,518.51
2017-08-31,518.51
2017-09-01,516.82
2017-09-02,516.82
2017-09-03,516.82
2017-09-04,516.82
2017-09-05,516.82
2017-09-06,516.82
2017-09-07,516.82
2017-09-08,516.82
2017-09-09,516.82
2017-09-10,516.82
2017-09-11,516.82
2017-09-12,516.82
2017-09-13,516.82
2017-09-14,516.82
2017-09-15,516.82
2017-09-16,516.82
2017-09-17,516.82
2017-09-18,516.82
2017-09-19,516.82
2017-09-20,516.82
2017-09-21,516.82
2017-09-22,516.82
2017-09-23,516.82
2017-09-24,516.82
2017-09-25,516.82
2017-09-26,516.82
2017-09-27,516.82
2017-09-28,516.82
2017-09-29,516.82
2017-09-30,516.82
2017-10-01,516.09
2017-10-02,516.09
2017-10-03,516.09
2017-10-04,516.09
2017-10-05,516.09
2017-10-06,516.09
2017-10-07,516.09
2017-10-08,516.09
2017-10-09,516.09
2017-10-10,516.09
2017-10-11,516.09
2017-10-12,516.09
2017-10-13,516.09
2017-10-14,516.09
2017-10-15,516.09
2017-10-16,516.09
2017-10-17,516.09
2017-10-18,516.09
2017-10-19,516.09
2017-10-20,516.09
2017-10-21,516.09
2017-10-22,516.09
2017-10-23,516.09
2017-10-24,516.09
2017-10-25,516.09
2017-10-26,516.09
2017-10-27,516.09
2017-10-28,516.09
2017-10-29,516.09
2017-10-30,516.09
2017-10-31,516.09
2017-11-01,515.64
2017-11-02,515.64
2017-11-03,515.64
2017-11-04,515.64
2017-11-05,515.64
2017-11-06,515.64
2017-11-07,515.64
2017-11-08,515.64
2017-11-09,515.64
2017-11-10,515.64
2017-11-11,515.64
2017-11-12,515.64
2017-11-13,515.64
2017-11-14,515.64
2017-11-15,515.64
2017-11-16,515.64
2017-11-17,515.64
2017-11-18,515.64
2017-11-19,515.64
2017-11-20,515.64
2017-11-21,515.64
2017-11-22,515.64
2017-11-23,515.64
2017-11-24,515.64
2017-11-25,515.64
2017-11-26,515.64
2017-11-27,515.64
2017-11-28,515.64
2017-11-29,515.64
2017-11-30,515.64
2017-12-01,511.36
2017-12-02,511.36
2017-12-03,511.36
2017-12-04,511.36
2017-12-05,511.36
2017-12-06,511.36
2017-12-07,511.36
2017-12-08,511.36
2017-12-09,511.36
2017-12-10,511.36
2017-12-11,511.36
2017-12-12,511.36
2017-12-13,511.36
2017-12-14,511.36
2017-12-15,511.36
2017-12-16,511.36
2017-12-17,511.36
2017-12-18,511.36
2017-12-19,511.36
2017-12-20,511.36
2017-12-21,511.36
2017-12-22,511.36
2017-12-23,511.36
2017-12-24,511.36
2017-12-25,511.36
2017-12-26,511.36
2017-12-27,511.36
2017-12-28,511.36
2017-12-29,511.36
2017-12-30,511.36
2017-12-31,511.36
2018-01-01,510.46
2018-01-02,510.46
2018-01-03,510.46
2018-01-04,510.46
2018-01-05,510.46
2018-01-06,510.46
2018-01-07,510.46
2018-01-08,510.46
2018-01-09,510.46
2018-01-10,510.46
2018-01-11,510.46
2018-01-12,510.46
2018-01-13,510.46
2018-01-14,510.46
2018-01-15,510.46
2018-01-16,510.46
2018-01-17,510.46
2018-01-18,510.46
2018-01-19,510.46
2018-01-20,510.46
2018-01-21,510.46
2018-01-22,510.46
2018-01-23,510.46
2018-01-24,510.46
2018-01-25,510.46
2018-01-26,510.46
2018-01-27,510.46
2018-01-28,510.46
2018-01-29,510.46
2018-01-30,510.46
2018-01-31,510.46
2018-02-01,506.01
2018-02-02,506.01
2018-02-03,506.01
2018-02-04,506.01
2018-02-05,506.01
2018-02-06,506.01
2018-02-07,506.01
2018-02-08,506.01
2018-02-09,506.01
2018-02-10,506.01
2018-02-11,506.01
2018-02-12,506.01
2018-02-13,506.01
2018-02-14,506.01
2018-02-15,506.01
2018-02-16,506.01
2018-02-17,506.01
2018-02-18,506.01
2018-02-19,506.01
2018-02-20,506.01
2018-02-21,506.01
2018-02-22,506.01
2018-02-23,506.01
2018-02-24,506.01
2018-02-25,506.01
2018-02-26,506.01
2018-02-27,506.01
2018-02-28,506.01
2018-03-01,508.25
2018-03-02,508.25
2018-03-03,508.25
2018-03-04,508.25
2018-03-05,508.25
2018-03-06,508.25
2018-03-07,508.25
2018-03-08,508.25
2018-03-09,508.25
2018-03-10,508.25
2018-03-11,508.25
2018-03-12,508.25
2018-03-13,508.25
2018-03-14,508.25
2018-03-15,508.25
2018-03-16,508.25
2018-03-17,508.25
2018-03-18,508.25
2018-03-19,508.25
2018-03-20,508.25
2018-03-21,508.25
2018-03-22,508.25
2018-03-23,508.25
2018-03-24,508.25
2018-03-25,508.25
2018-03-26,508.25
2018-03-27,508.25
2018-03-28,508.25
2018-03-29,508.25
2018-03-30,508.25
2018-03-31,508.25
2018-04-01,509.76
2018-04-02,509.76
2018-04-03,509.76
2018-04-04,509.76
2018-04-05,509.76
2018-04-06,509.76
2018-04-07,509.76
2018-04-08,509.76
2018-04-09,509.76
2018-04-10,509.76
2018-04-11,509.76
2018-04-12,509.76
2018-04-13,509.76
2018-04-14,509.76
2018-04-15,509.76
2018-04-16,509.76
2018-04-17,509.76
2018-04-18,509.76
2018-04-19,509.76
2018-04-20,509.76
2018-04-21,509.76
2018-04-22,509.76
2018-04-23,509.76
2018-04-24,509.76
2018-04-25,509.76
2018-04-26,509.76
2018-04-27,509.76
2018-04-28,509.76
2018-04-29,509.76
2018-04-30,509.76
2018-05-01,509.66
2018-05-02,509.66
2018-05-03,509.66
2018-05-04,509.66
2018-05-05,509.66
2018-05-06,509.66
2018-05-07,509.66
2018-05-08,509.66
2018-05-09,509.66
2018-05-10,509.66
2018-05-11,509.66
2018-05-12,509.66
2018-05-13,509.66
2018-05-14,509.66
2018-05-15,509.66
2018-05-16,509.66
2018-05-17,509.66
2018-05-18,509.66
2018-05-19,509.66
2018-05-20,509.66
2018-05-21,509.66
2018-05-22,509.66
2018-05-23,509.66
2018-05-24,509.66
2018-05-25,509.66
2018-05-26,509.66
2018-05-27,509.66
2018-05-28,509.66
2018-05-29,509.66
2018-05-30,509.66
2018-05-31,509.66
2018-06-01,512.35
2018-06-02,512.35
2018-06-03,512.35
2018-06-04,512.35
2018-06-05,512.35
2018-06-06,512.35
2018-06-07,512.35
2018-06-08,512.35
2018-06-09,512.35
2018-06-10,512.35
2018-06-11,512.35
2018-06-12,512.35
2018-06-13,512.35
2018-06-14,512.35
2018-06-15,512.35
2018-06-16,512.35
2018-06-17,512.35
2018-06-18,512.35
2018-06-19,512.35
2018-06-20,512.35
2018-06-21,512.35
2018-06-22,512.35
2018-06-23,512.35
2018-06-24,512.35
2018-06-25,512.35
2018-06-26,512.35
2018-06-27,512.35
2018-06-28,512.35
2018-06-29,512.35
2018-06-30,512.35
2018-07-01,510.24
2018-07-02,510.24
2018-07-03,510.24
2018-07-04,510.24
2018-07-05,510.24
2018-07-06,510.24
2018-07-07,510.24
2018-07-08,510.24
2018-07-09,510.24
2018-07-10,510.24
2018-07-11,510.24
2018-07-12,510.24
2018-07-13,510.24
2018-07-14,510.24
2018-07-15,510.24
2018-07-16,510.24
2018-07-17,510.24
2018-07-18,510.24
2018-07-19,510.24
2018-07-20,510.24
2018-07-21,510.24
2018-07-22,510.24
2018-07-23,510.24
2018-07-24,510.24
2018-07-25,510.24
2018-07-26,510.24
2018-07-27,510.24
2018-07-28,510.24
2018-07-29,510.24
2018-07-30,510.24
2018-07-31,510.24
2018-08-01,506.63
2018-08-02,506.63
2018-08-03,506.63
2018-08-04,506.63
2018-08-05,506.63
2018-08-06,506.63
2018-08-07,506.63
2018-08-08,506.63
2018-08-09,506.63
2018-08-10,506.63
2018-08-11,506.63
2018-08-12,506.63
2018-08-13,506.63
2018-08-14,506.63
2018-08-15,506.63
2018-08-16,506.63
2018-08-17,506.63
2018-08-18,506.63
2018-08-19,506.63
2018-08-20,506.63
2018-08-21,506.63
2018-08-22,506.63
2018-08-23,506.63
2018-08-24,506.63
2018-08-25,506.63
2018-08-26,506.63
2018-08-27,506.63
2018-08-28,506.63
2018-08-29,506.63
2018-08-30,506.63
2018-08-31,506.63
2018-09-01,504.98
2018-09-02,504.98
2018-09-03,504.98
2018-09-04,504.98
2018-09-05,504.98
2018-09-06,504.98
2018-09-07,504.98
2018-09-08,504.98
2018-09-09,504.98
2018-09-10,504.98
2018-09-11,504.98
2018-09-12,504.98
2018-09-13,504.98
2018-09-14,504.98
2018-09-15,504.98
2018-09-16,504.98
2018-09-17,504.98
2018-09-18,504.98
2018-09-19,504.98
2018-09-20,504.98
2018-09-21,504.98
2018-09-22,504.98
2018-09-23,504.98
2018-09-24,504.98
2018-09-25,504.98
2018-09-26,504.98
2018-09-27,504.98
2018-09-28,504.98
2018-09-29,504.98
2018-09-30,504.98
2018-10-01,505.48
2018-10-02,505.48
2018-10-03,505.48
2018-10-04,505.48
2018-10-05,505.48
2018-10-06,505.48
2018-10-07,505.48
2018-10-08,505.48
2018-10-09,505.48
2018-10-10,505.48
2018-10-11,505.48
2018-10-12,505.48
2018-10-13,505.48
2018-10-14,505.48
2018-10-15,505.48
2018-10-16,505.48
2018-10-17,505.48
2018-10-18,505.48
2018-10-19,505.48
2018-10-20,505.48
2018-10-21,505.48
2018-10-22,505.48
2018-10-23,505.48
2018-10-24,505.48
2018-10-25,505.48
2018-10-26,505.48
2018-10-27,505.48
2018-10-28,505.48
2018-10-29,505.48
2018-10-30,505.48
2018-10-31,505.48
2018-11-01,508.87
2018-11-02,508.87
2018-11-03,508.87
2018-11-04,508.87
2018-11-05,508.87
2018-11-06,508.87
2018-11-07,508.87
2018-11-08,508.87
2018-11-09,508.87
2018-11-10,508.87
2018-11-11,508.87
2018-11-12,508.87
2018-11-13,508.87
2018-11-14,508.87
2018-11-15,508.87
2018-11-16,508.87
2018-11-17,508.87
2018-11-18,508.87
2018-11-19,508.87
2018-11-20,508.87
2018-11-21,508.87
2018-11-22,508.87
2018-11-23,508.87
2018-11-24,508.87
2018-11-25,508.87
2018-11-26,508.87
2018-11-27,508.87
2018-11-28,508.87
2018-11-29,508.87
2018-11-30,508.87
2018-12-01,503.57
2018-12-02,503.57
2018-12-03,503.57
2018-12-04,503.57
2018-12-05,503.57
2018-12-06,503.57
2018-12-07,503.57
2018-12-08,503.57
2018-12-09,503.57
2018-12-10,503.57
2018-12-11,503.57
2018-12-12,503.57
2018-12-13,503.57
2018-12-14,503.57
2018-12-15,503.57
2018-12-16,503.57
2018-12-17,503.57
2018-12-18,503.57
2018-12-19,503.57
2018-12-20,503.57
2018-12-21,503.57
2018-12-22,503.57
2018-12-23,503.57
2018-12-24,503.57
2018-12-25,503.57
2018-12-26,503.57
2018-12-27,503.57
2018-12-28,503.57
2018-12-29,503.57
2018-12-30,503.57
2018-12-31,503.57
2019-01-01,497.65
2019-01-02,497.65
2019-01-03,497.65
2019-01-04,497.65
2019-01-05,497.65
2019-01-06,497.65
2019-01-07,497.65
2019-01-08,497.65
2019-01-09,497.65
2019-01-10,497.65
2019-01-11,497.65
2019-01-12,497.65
2019-01-13,497.65
2019-01-14,497.65
2019-01-15,497.65
2019-01-16,497.65
2019-01-17,497.65
2019-01-18,497.65
2019-01-19,497.65
2019-01-20,497.65
2019-01-21,497.65
2019-01-22,497.65
2019-01-23,497.65
2019-01-24,497.65
2019-01-25,497.65
2019-01-26,497.65
2019-01-27,497.65
2019-01-28,497.65
2019-01-29,497.65
2019-01-30,497.65
2019-01-31,497.65
2019-02-01,495.81
2019-02-02,495.81
2019-02-03,495.81
2019-02-04,495.81
2019-02-05,495.81
2019-02-06,495.81
2019-02-07,495.81
2019-02-08,495.81
2019-02-09,495.81
2019-02-10,495.81
2019-02-11,495.81
2019-02-12,495.81
2019-02-13,495.81
2019-02-14,495.81
2019-02-15,495.81
2019-02-16,495.81
2019-02-17,495.81
2019-02-18,495.81
2019-02-19,495.81
2019-02-20,495.81
2019-02-21,495.81
2019-02-22,495.81
2019-02-23,495.81
2019-02-24,495.81
2019-02-25,495.81
2019-02-26,495.81
2019-02-27,495.81
2019-02-28,495.81
2019-03-01,498.16
2019-03-02,498.16
2019-03-03,498.16
2019-03-04,498.16
2019-03-05,498.16
2019-03-06,498.16
2019-03-07,498.16
2019-03-08,498.16
2019-03-09,498.16
2019-03-10,498.16
2019-03-11,498.16
2019-03-12,498.16
2019-03-13,498.16
2019-03-14,498.16
2019-03-15,498.16
2019-03-16,498.16
2019-03-17,498.16
2019-03-18,498.16
2019-03-19,498.16
2019-03-20,498.16
2019-03-21,498.16
2019-03-22,498.16
2019-03-23,498.16
2019-03-24,498.16
2019-03-25,498.16
2019-03-26,498.16
2019-03-27,498.16
2019-03-28,498.16
2019-03-29,498.16
2019-03-30,498.16
2019-03-31,498.16
2019-04-01,505.24
2019-04-02,505.24
2019-04-03,505.24
2019-04-04,505.24
2019-04-05,505.24
2019-04-06,505.24
2019-04-07,505.24
2019-04-08,505.24
2019-04-09,505.24
2019-04-10,505.24
2019-04-11,505.24
2019-04-12,505.24
2019-04-13,505.24
2019-04-14,505.24
2019-04-15,505.24
2019-04-16,505.24
2019-04-17,505.24
2019-04-18,505.24
2019-04-19,505.24
2019-04-20,505.24
2019-04-21,505.24
2019-04-22,505.24
2019-04-23,505.24
2019-04-24,505.24
2019-04-25,505.24
2019-04-26,505.24
2019-04-27,505.24
2019-04-28,505.24
2019-04-29,505.24
2019-04-30,505.24
2019-05-01,510.74
2019-05-02,510.74
2019-05-03,510.74
2019-05-04,510.74
2019-05-05,510.74
2019-05-06,510.74
2019-05-07,510.74
2019-05-08,510.74
2019-05-09,510.74
2019-05-10,510.74
2019-05-11,510.74
2019-05-12,510.74
2019-05-13,510.74
2019-05-14,510.74
2019-05-15,510.74
2019-05-16,510.74
2019-05-17,510.74
2019-05-18,510.74
2019-05-19,510.74
2019-05-20,510.74
2019-05-21,510.74
2019-05-22,510.74
2019-05-23,510.74
2019-05-24,510.74
2019-05-25,510.74
2019-05-26,510.74
2019-05-27,510.74
2019-05-28,510.74
2019-05-29,510.74
2019-05-30,510.74
2019-05-31,510.74
2019-06-01,513.4
2019-06-02,513.4
2019-06-03,513.4
2019-06-04,513.4
2019-06-05,513.4
2019-06-06,513.4
2019-06-07,513.4
2019-06-08,513.4
2019-06-09,513.4
2019-06-10,513.4
2019-06-11,513.4
2019-06-12,513.4
2019-06-13,513.4
2019-06-14,513.4
2019-06-15,513.4
2019-06-16,513.4
2019-06-17,513.4
2019-06-18,513.4
2019-06-19,513.4
2019-06-20,513.4
2019-06-21,513.4
2019-06-22,513.4
2019-06-23,513.4
2019-06-24,513.4
2019-06-25,513.4
2019-06-26,513.4
2019-06-27,513.4
2019-06-28,513.4
2019-06-29,513.4
2019-06-30,513.4
2019-07-01,515.29
2019-07-02,515.29
2019-07-03,515.29
2019-07-04,515.29
2019-07-05,515.29
2019-07-06,515.29
2019-07-07,515.29
2019-07-08,515.29
2019-07-09,515.29
2019-07-10,515.29
2019-07-11,515.29
2019-07-12,515.29
2019-07-13,515.29
2019-07-14,515.29
2019-07-15,515.29
2019-07-16,515.29
2019-07-17,515.29
2019-07-18,515.29
2019-07-19,515.29
2019-07-20,515.29
2019-07-21,515.29
2019-07-22,515.29
2019-07-23,515.29
2019-07-24,515.29
2019-07-25,515.29
2019-07-26,515.29
2019-07-27,515.29
2019-07-28,515.29
2019-07-29,515.29
2019-07-30,515.29
2019-07-31,515.29
2019-08-01,513.23
2019-08-02,513.23
2019-08-03,513.23
2019-08-04,513.23
2019-08-05,513.23
2019-08-06,513.23
2019-08-07,513.23
2019-08-08,513.23
2019-08-09,513.23
2019-08-10,513.23
2019-08-11,513.23
2019-08-12,513.23
2019-08-13,513.23
2019-08-14,513.23
2019-08-15,513.23
2019-08-16,513.23
2019-08-17,513.23
2019-08-18,513.23
2019-08-19,513.23
2019-08-20,513.23
2019-08-21,513.23
2019-08-22,513.23
2019-08-23,513.23
2019-08-24,513.23
2019-08-25,513.23
2019-08-26,513.23
2019-08-27,513.23
2019-08-28,513.23
2019-08-29,513.23
2019-08-30,513.23
2019-08-31,513.23
2019-09-01,515.06
2019-09-02,515.06
2019-09-03,515.06
2019-09-04,515.06
2019-09-05,515.06
2019-09-06,515.06
2019-09-07,515.06
2019-09-08,515.06
2019-09-09,515.06
2019-09-10,515.06
2019-09-11,515.06
2019-09-12,515.06
2019-09-13,515.06
2019-09-14,515.06
2019-09-15,515.06
2019-09-16,515.06
2019-09-17,515.06
2019-09-18,515.06
2019-09-19,515.06
2019-09-20,515.06
2019-09-21,515.06
2019-09-22,515.06
2019-09-23,515.06
2019-09-24,515.06
2019-09-25,515.06
2019-09-26,515.06
2019-09-27,515.06
2019-09-28,515.06
2019-09-29,515.06
2019-09-30,515.06
2019-10-01,514.25
2019-10-02,514.25
2019-10-03,514.25
2019-10-04,514.25
2019-10-05,514.25
2019-10-06,514.25
2019-10-07,514.25
2019-10-08,514.25
2019-10-09,514.25
2019-10-10,514.25
2019-10-11,514.25
2019-10-12,514.25
2019-10-13,514.25
2019-10-14,514.25
2019-10-15,514.25
2019-10-16,514.25
2019-10-17,514.25
2019-10-18,514.25
2019-10-19,514.25
2019-10-20,514.25
2019-10-21,514.25
2019-10-22,514.25
2019-10-23,514.25
2019-10-24,514.25
2019-10-25,514.25
2019-10-26,514.25
2019-10-27,514.25
2019-10-28,514.25
2019-10-29,514.25
2019-10-30,514.25
2019-10-31,514.25
2019-11-01,512.86
2019-11-02,512.86
2019-11-03,512.86
2019-11-04,512.86
2019-11-05,512.86
2019-11-06,512.86
2019-11-07,512.86
2019-11-08,512.86
2019-11-09,512.86
2019-11-10,512.86
2019-11-11,512.86
2019-11-12,512.86
2019-11-13,512.86
2019-11-14,512.86
2019-11-15,512.86
2019-11-16,512.86
2019-11-17,512.86
2019-11-18,512.86
2019-11-19,512.86
2019-11-20,512.86
2019-11-21,512.86
2019-11-22,512.86
2019-11-23,512.86
2019-11-24,512.86
2019-11-25,512.86
2019-11-26,512.86
2019-11-27,512.86
2019-11-28,512.86
2019-11-29,512.86
2019-11-30,512.86
2019-12-01,511.73
2019-12-02,511.73
2019-12-03,511.73
2019-12-04,511.73
2019-12-05,511.73
2019-12-06,511.73
2019-12-07,511.73
2019-12-08,511.73
2019-12-09,511.73
2019-12-10,511.73
2019-12-11,511.73
2019-12-12,511.73
2019-12-13,511.73
2019-12-14,511.73
2019-12-15,511.73
2019-12-16,511.73
2019-12-17,511.73
2019-12-18,511.73
2019-12-19,511.73
2019-12-20,511.73
2019-12-21,511.73
2019-12-22,511.73
2019-12-23,511.73
2019-12-24,511.73
2019-12-25,511.73
2019-12-26,511.73
2019-12-27,511.73
2019-12-28,511.73
2019-12-29,511.73
2019-12-30,511.73
2019-12-31,511.73
2020-01-01,508.88
2020-01-02,508.88
2020-01-03,508.88
2020-01-04,508.88
2020-01-05,508.88
2020-01-06,508.88
2020-01-07,508.88
2020-01-08,508.88
2020-01-09,508.88
2020-01-10,508.88
2020-01-11,508.88
2020-01-12,508.88
2020-01-13,508.88
2020-01-14,508.88
2020-01-15,508.88
2020-01-16,508.88
2020-01-17,508.88
2020-01-18,508.88
2020-01-19,508.88
2020-01-20,508.88
2020-01-21,508.88
2020-01-22,508.88
2020-01-23,508.88
2020-01-24,508.88
2020-01-25,508.88
2020-01-26,508.88
2020-01-27,508.88
2020-01-28,508.88
2020-01-29,508.88
2020-01-30,508.88
2020-01-31,508.88
2020-02-01,510.29
2020-02-02,510.29
2020-02-03,510.29
2020-02-04,510.29
2020-02-05,510.29
2020-02-06,510.29
2020-02-07,510.29
2020-02-08,510.29
2020-02-09,510.29
2020-02-10,510.29
2020-02-11,510.29
2020-02-12,510.29
2020-02-13,510.29
2020-02-14,510.29
2020-02-15,510.29
2020-02-16,510.29
2020-02-17,510.29
2020-02-18,510.29
2020-02-19,510.29
2020-02-20,510.29
2020-02-21,510.29
2020-02-22,510.29
2020-02-23,510.29
2020-02-24,510.29
2020-02-25,510.29
2020-02-26,510.29
2020-02-27,510.29
2020-02-28,510.29
2020-02-29,510.29
2020-03-01,501.68
2020-03-02,501.68
2020-03-03,501.68
2020-03-04,501.68
2020-03-05,501.68
2020-03-06,501.68
2020-03-07,501.68
2020-03-08,501.68
2020-03-09,501.68
2020-03-10,501.68
2020-03-11,501.68
2020-03-12,501.68
2020-03-13,501.68
2020-03-14,501.68
2020-03-15,501.68
2020-03-16,501.68
2020-03-17,501.68
2020-03-18,501.68
2020-03-19,501.68
2020-03-20,501.68
2020-03-21,501.68
2020-03-22,501.68
2020-03-23,501.68
2020-03-24,501.68
2020-03-25,501.68
2020-03-26,501.68
2020-03-27,501.68
2020-03-28,501.68
2020-03-29,501.68
2020-03-30,501.68
2020-03-31,501.68
2020-04-01,498.6
2020-04-02,498.6
2020-04-03,498.6
2020-04-04,498.6
2020-04-05,498.6
2020-04-06,498.6
2020-04-07,498.6
2020-04-08,498.6
2020-04-09,498.6
2020-04-10,498.6
2020-04-11,498.6
2020-04-12,498.6
2020-04-13,498.6
2020-04-14,498.6
2020-04-15,498.6
2020-04-16,498.6
2020-04-17,498.6
2020-04-18,498.6
2020-04-19,498.6
2020-04-20,498.6
2020-04-21,498.6
2020-04-22,498.6
2020-04-23,498.6
2020-04-24,498.6
2020-04-25,498.6
2020-04-26,498.6
2020-04-27,498.6
2020-04-28,498.6
2020-04-29,498.6
2020-04-30,498.6
2020-05-01,503.32
2020-05-02,503.32
2020-05-03,503.32
2020-05-04,503.32
2020-05-05,503.32
2020-05-06,503.32
2020-05-07,503.32
2020-05-08,503.32
2020-05-09,503.32
2020-05-10,503.32
2020-05-11,503.32
2020-05-12,503.32
2020-05-13,503.32
2020-05-14,503.32
2020-05-15,503.32
2020-05-16,503.32
2020-05-17,503.32
2020-05-18,503.32
2020-05-19,503.32
2020-05-20,503.32
2020-05-21,503.32
2020-05-22,503.32
2020-05-23,503.32
2020-05-24,503.32
2020-05-25,503.32
2020-05-26,503.32
2020-05-27,503.32
2020-05-28,503.32
2020-05-29,503.32
2020-05-30,503.32
2020-05-31,503.32
2020-06-01,504.88
2020-06-02,504.88
2020-06-03,504.88
2020-06-04,504.88
2020-06-05,504.88
2020-06-06,504.88
2020-06-07,504.88
2020-06-08,504.88
2020-06-09,504.88
2020-06-10,504.88
2020-06-11,504.88
2020-06-12,504.88
2020-06-13,504.88
2020-06-14,504.88
2020-06-15,504.88
2020-06-16,504.88
2020-06-17,504.88
2020-06-18,504.88
2020-06-19,504.88
2020-06-20,504.88
2020-06-21,504.88
2020-06-22,504.88
2020-06-23,504.88
2020-06-24,504.88
2020-06-25,504.88
2020-06-26,504.88
2020-06-27,504.88
2020-06-28,504.88
2020-06-29,504.88
2020-06-30,504.88
2020-07-01,507.6
2020-07-02,507.6
2020-07-03,507.6
2020-07-04,507.6
2020-07-05,507.6
2020-07-06,507.6
2020-07-07,507.6
2020-07-08,507.6
2020-07-09,507.6
2020-07-10,507.6
2020-07-11,507.6
2020-07-12,507.6
2020-07-13,507.6
2020-07-14,507.6
2020-07-15,507.6
2020-07-16,507.6
2020-07-17,507.6
2020-07-18,507.6
2020-07-19,507.6
2020-07-20,507.6
2020-07-21,507.6
2020-07-22,507.6
2020-07-23,507.6
2020-07-24,507.6
2020-07-25,507.6
2020-07-26,507.6
2020-07-27,507.6
2020-07-28,507.6
2020-07-29,507.6
2020-07-30,507.6
2020-07-31,507.6
2020-08-01,508.27
2020-08-02,508.27
2020-08-03,508.27
2020-08-04,508.27
2020-08-05,508.27
2020-08-06,508.27
2020-08-07,508.27
2020-08-08,508.27
2020-08-09,508.27
2020-08-10,508.27
2020-08-11,508.27
2020-08-12,508.27
2020-08-13,508.27
2020-08-14,508.27
2020-08-15,508.27
2020-08-16,508.27
2020-08-17,508.27
2020-08-18,508.27
2020-08-19,508.27
2020-08-20,508.27
2020-08-21,508.27
2020-08-22,508.27
2020-08-23,508.27
2020-08-24,508.27
2020-08-25,508.27
2020-08-26,508.27
2020-08-27,508.27
2020-08-28,508.27
2020-08-29,508.27
2020-08-30,508.27
2020-08-31,508.27
2020-09-01,501.95
2020-09-02,501.95
2020-09-03,501.95
2020-09-04,501.95
2020-09-05,501.95
2020-09-06,501.95
2020-09-07,501.95
2020-09-08,501.95
2020-09-09,501.95
2020-09-10,501.95
2020-09-11,501.95
2020-09-12,501.95
2020-09-13,501.95
2020-09-14,501.95
2020-09-15,501.95
2020-09-16,501.95
2020-09-17,501.95
2020-09-18,501.95
2020-09-19,501.95
2020-09-20,501.95
2020-09-21,501.95
2020-09-22,501.95
2020-09-23,501.95
2020-09-24,501.95
2020-09-25,501.95
2020-09-26,501.95
2020-09-27,501.95
2020-09-28,501.95
2020-09-29,501.95
2020-09-30,501.95
2020-10-01,504.8
2020-10-02,504.8
2020-10-03,504.8
2020-10-04,504.8
2020-10-05,504.8
2020-10-06,504.8
2020-10-07,504.8
2020-10-08,504.8
2020-10-09,504.8
2020-10-10,504.8
2020-10-11,504.8
2020-10-12,504.8
2020-10-13,504.8
2020-10-14,504.8
2020-10-15,504.8
2020-10-16,504.8
2020-10-17,504.8
2020-10-18,504.8
2020-10-19,504.8
2020-10-20,504.8
2020-10-21,504.8
2020-10-22,504.8
2020-10-23,504.8
2020-10-24,504.8
2020-10-25,504.8
2020-10-26,504.8
2020-10-27,504.8
2020-10-28,504.8
2020-10-29,504.8
2020-10-30,504.8
2020-10-31,504.8
2020-11-01,509.88
2020-11-02,509.88
2020-11-03,509.88
2020-11-04,509.88
2020-11-05,509.88
2020-11-06,509.88
2020-11-07,509.88
2020-11-08,509.88
2020-11-09,509.88
2020-11-10,509.88
2020-11-11,509.88
2020-11-12,509.88
2020-11-13,509.88
2020-11-14,509.88
2020-11-15,509.88
2020-11-16,509.88
2020-11-17,509.88
2020-11-18,509.88
2020-11-19,509.88
2020-11-20,509.88
2020-11-21,509.88
2020-11-22,509.88
2020-11-23,509.88
2020-11-24,509.88
2020-11-25,509.88
2020-11-26,509.88
2020-11-27,509.88
2020-11-28,509.88
2020-11-29,509.88
2020-11-30,509.88
2020-12-01,501.58
2020-12-02,501.58
2020-12-03,501.58
2020-12-04,501.58
2020-12-05,501.58
2020-12-06,501.58
2020-12-07,501.58
2020-12-08,501.58
2020-12-09,501.58
2020-12-10,501.58
2020-12-11,501.58
2020-12-12,501.58
2020-12-13,501.58
2020-12-14,501.58
2020-12-15,501.58
2020-12-16,501.58
2020-12-17,501.58
2020-12-18,501.58
2020-12-19,501.58
2020-12-20,501.58
2020-12-21,501.58
2020-12-22,501.58
2020-12-23,501.58
2020-12-24,501.58
2020-12-25,501.58
2020-12-26,501.58
2020-12-27,501.58
2020-12-28,501.58
2020-12-29,501.58
2020-12-30,501.58
2020-12-31,501.58
2021-01-01,489.25
2021-01-02,489.25
2021-01-03,489.25
2021-01-04,489.25
2021-01-05,489.25
2021-01-06,489.25
2021-01-07,489.25
2021-01-08,489.25
2021-01-09,489.25
2021-01-10,489.25
2021-01-11,489.25
2021-01-12,489.25
2021-01-13,489.25
2021-01-14,489.25
2021-01-15,489.25
2021-01-16,489.25
2021-01-17,489.25
2021-01-18,489.25
2021-01-19,489.25
2021-01-20,489.25
2021-01-21,489.25
2021-01-22,489.25
2021-01-23,489.25
2021-01-24,489.25
2021-01-25,489.25
2021-01-26,489.25
2021-01-27,489.25
2021-01-28,489.25
2021-01-29,489.25
2021-01-30,489.25
2021-01-31,489.25
2021-02-01,494.33
2021-02-02,494.33
2021-02-03,494.33
2021-02-04,494.33
2021-02-05,494.33
2021-02-06,494.33
2021-02-07,494.33
2021-02-08,494.33
2021-02-09,494.33
2021-02-10,494.33
2021-02-11,494.33
2021-02-12,494.33
2021-02-13,494.33
2021-02-14,494.33
2021-02-15,494.33
2021-02-16,494.33
2021-02-17,494.33
2021-02-18,494.33
2021-02-19,494.33
2021-02-20,494.33
2021-02-21,494.33
2021-02-22,494.33
2021-02-23,494.33
2021-02-24,494.33
2021-02-25,494.33
2021-02-26,494.33
2021-02-27,494.33
2021-02-28,494.33
2021-03-01,504.49
2021-03-02,504.49
2021-03-03,504.49
2021-03-04,504.49
2021-03-05,504.49
2021-03-06,504.49
2021-03-07,504.49
2021-03-08,504.49
2021-03-09,504.49
2021-03-10,504.49
2021-03-11,504.49
2021-03-12,504.49
2021-03-13,504.49
2021-03-14,504.49
2021-03-15,504.49
2021-03-16,504.49
2021-03-17,504.49
2021-03-18,504.49
2021-03-19,504.49
2021-03-20,504.49
2021-03-21,504.49
2021-03-22,504.49
2021-03-23,504.49
2021-03-24,504.49
2021-03-25,504.49
2021-03-26,504.49
2021-03-27,504.49
2021-03-28,504.49
2021-03-29,504.49
2021-03-30,504.49
2021-03-31,504.49
2021-04-01,505.73
2021-04-02,505.73
2021-04-03,505.73
2021-04-04,505.73
2021-04-05,505.73
2021-04-06,505.73
2021-04-07,505.73
2021-04-08,505.73
2021-04-09,505.73
2021-04-10,505.73
2021-04-11,505.73
2021-04-12,505.73
2021-04-13,505.73
2021-04-14,505.73
2021-04-15,505.73
2021-04-16,505.73
2021-04-17,505.73
2021-04-18,505.73
2021-04-19,505.73
2021-04-20,505.73
2021-04-21,505.73
2021-04-22,505.73
2021-04-23,505.73
2021-04-24,505.73
2021-04-25,505.73
2021-04-26,505.73
2021-04-27,505.73
2021-04-28,505.73
2021-04-29,505.73
2021-04-30,505.73
2021-05-01,508.8
2021-05-02,508.8
2021-05-03,508.8
2021-05-04,508.8
2021-05-05,508.8
2021-05-06,508.8
2021-05-07,508.8
2021-05-08,508.8
2021-05-09,508.8
2021-05-10,508.8
2021-05-11,508.8
2021-05-12,508.8
2021-05-13,508.8
2021-05-14,508.8
2021-05-15,508.8
2021-05-16,508.8
2021-05-17,508.8
2021-05-18,508.8
2021-05-19,508.8
2021-05-20,508.8
2021-05-21,508.8
2021-05-22,508.8
2021-05-23,508.8
2021-05-24,508.8
2021-05-25,508.8
2021-05-26,508.8
2021-05-27,508.8
2021-05-28,508.8
2021-05-29,508.8
2021-05-30,508.8
2021-05-31,508.8
2021-06-01,509.77
2021-06-02,509.77
2021-06-03,509.77
2021-06-04,509.77
2021-06-05,509.77
2021-06-06,509.77
2021-06-07,509.77
2021-06-08,509.77
2021-06-09,509.77
2021-06-10,509.77
2021-06-11,509.77
2021-06-12,509.77
2021-06-13,509.77
2021-06-14,509.77
2021-06-15,509.77
2021-06-16,509.77
2021-06-17,509.77
2021-06-18,509.77
2021-06-19,509.77
2021-06-20,509.77
2021-06-21,509.77
2021-06-22,509.77
2021-06-23,509.77
2021-06-24,509.77
2021-06-25,509.77
2021-06-26,509.77
2021-06-27,509.77
2021-06-28,509.77
2021-06-29,509.77
2021-06-30,509.77
2021-07-01,508.72
2021-07-02,508.72
2021-07-03,508.72
2021-07-04,508.72
2021-07-05,508.72
2021-07-06,508.72
2021-07-07,508.72
2021-07-08,508.72
2021-07-09,508.72
2021-07-10,508.72
2021-07-11,508.72
2021-07-12,508.72
2021-07-13,508.72
2021-07-14,508.72
2021-07-15,508.72
2021-07-16,508.72
2021-07-17,508.72
2021-07-18,508.72
2021-07-19,508.72
2021-07-20,508.72
2021-07-21,508.72
2021-07-22,508.72
2021-07-23,508.72
2021-07-24,508.72
2021-07-25,508.72
2021-07-26,508.72
2021-07-27,508.72
2021-07-28,508.72
2021-07-29,508.72
2021-07-30,508.72
2021-07-31,508.72
2021-08-01,505.32
2021-08-02,505.32
2021-08-03,505.32
2021-08-04,505.32
2021-08-05,505.32
2021-08-06,505.32
2021-08-07,505.32
2021-08-08,505.32
2021-08-09,505.32
2021-08-10,505.32
2021-08-11,505.32
2021-08-12,505.32
2021-08-13,505.32
2021-08-14,505.32
2021-08-15,505.32
2021-08-16,505.32
2021-08-17,505.32
2021-08-18,505.32
2021-08-19,505.32
2021-08-20,505.32
2021-08-21,505.32
2021-08-22,505.32
2021-08-23,505.32
2021-08-24,505.32
2021-08-25,505.32
2021-08-26,505.32
2021-08-27,505.32
2021-08-28,505.32
2021-08-29,505.32
2021-08-30,505.32
2021-08-31,505.32
2021-09-01,508.94
2021-09-02,508.94
2021-09-03,508.94
2021-09-04,508.94
2021-09-05,508.94
2021-09-06,508.94
2021-09-07,508.94
2021-09-08,508.94
2021-09-09,508.94
2021-09-10,508.94
2021-09-11,508.94
2021-09-12,508.94
2021-09-13,508.94
2021-09-14,508.94
2021-09-15,508.94
2021-09-16,508.94
2021-09-17,508.94
2021-09-18,508.94
2021-09-19,508.94
2021-09-20,508.94
2021-09-21,508.94
2021-09-22,508.94
2021-09-23,508.94
2021-09-24,508.94
2021-09-25,508.94
2021-09-26,508.94
2021-09-27,508.94
2021-09-28,508.94
2021-09-29,508.94
2021-09-30,508.94
2021-10-01,507.44
2021-10-02,507.44
2021-10-03,507.44
2021-10-04,507.44
2021-10-05,507.44
2021-10-06,507.44
2021-10-07,507.44
2021-10-08,507.44
2021-10-09,507.44
2021-10-10,507.44
2021-10-11,507.44
2021-10-12,507.44
2021-10-13,507.44
2021-10-14,507.44
2021-10-15,507.44
2021-10-16,507.44
2021-10-17,507.44
2021-10-18,507.44
2021-10-19,507.44
2021-10-20,507.44
2021-10-21,507.44
2021-10-22,507.44
2021-10-23,507.44
2021-10-24,507.44
2021-10-25,507.44
2021-10-26,507.44
2021-10-27,507.44
2021-10-28,507.44
2021-10-29,507.44
2021-10-30,507.44
2021-10-31,507.44
2021-11-01,510.51
2021-11-02,510.51
2021-11-03,510.51
2021-11-04,510.51
2021-11-05,510.51
2021-11-06,510.51
2021-11-07,510.51
2021-11-08,510.51
2021-11-09,510.51
2021-11-10,510.51
2021-11-11,510.51
2021-11-12,510.51
2021-11-13,510.51
2021-11-14,510.51
2021-11-15,510.51
2021-11-16,510.51
2021-11-17,510.51
2021-11-18,510.51
2021-11-19,510.51
2021-11-20,510.51
2021-11-21,510.51
2021-11-22,510.51
2021-11-23,510.51
2021-11-24,510.51
2021-11-25,510.51
2021-11-26,510.51
2021-11-27,510.51
2021-11-28,510.51
2021-11-29,510.51
2021-11-30,510.51
2021-12-01,512.69
2021-12-02,512.69
2021-12-03,512.69
2021-12-04,512.69
2021-12-05,512.69
2021-12-06,512.69
2021-12-07,512.69
2021-12-08,512.69
2021-12-09,512.69
2021-12-10,512.69
2021-12-11,512.69
2021-12-12,512.69
2021-12-13,512.69
2021-12-14,512.69
2021-12-15,512.69
2021-12-16,512.69
2021-12-17,512.69
2021-12-18,512.69
2021-12-19,512.69
2021-12-20,512.69
2021-12-21,512.69
2021-12-22,512.69
2021-12-23,512.69
2021-12-24,512.69
2021-12-25,512.69
2021-12-26,512.69
2021-12-27,512.69
2021-12-28,512.69
2021-12-29,512.69
2021-12-30,512.69
2021-12-31,512.69
2022-01-01,502.64
2022-01-02,502.64
2022-01-03,502.64
2022-01-04,502.64
2022-01-05,502.64
2022-01-06,502.64
2022-01-07,502.64
2022-01-08,502.64
2022-01-09,502.64
2022-01-10,502.64
2022-01-11,502.64
2022-01-12,502.64
2022-01-13,502.64
2022-01-14,502.64
2022-01-15,502.64
2022-01-16,502.64
2022-01-17,502.64
2022-01-18,502.64
2022-01-19,502.64
2022-01-20,502.64
2022-01-21,502.64
2022-01-22,502.64
2022-01-23,502.64
2022-01-24,502.64
2022-01-25,502.64
2022-01-26,502.64
2022-01-27,502.64
2022-01-28,502.64
2022-01-29,502.64
2022-01-30,502.64
2022-01-31,502.64
2022-02-01,507.54
2022-02-02,507.54
2022-02-03,507.54
2022-02-04,507.54
2022-02-05,507.54
2022-02-06,507.54
2022-02-07,507.54
2022-02-08,507.54
2022-02-09,507.54
2022-02-10,507.54
2022-02-11,507.54
2022-02-12,507.54
2022-02-13,507.54
2022-02-14,507.54
2022-02-15,507.54
2022-02-16,507.54
2022-02-17,507.54
2022-02-18,507.54
2022-02-19,507.54
2022-02-20,507.54
2022-02-21,507.54
2022-02-22,507.54
2022-02-23,507.54
2022-02-24,507.54
2022-02-25,507.54
2022-02-26,507.54
2022-02-27,507.54
2022-02-28,507.54
2022-03-01,507.75
2022-03-02,507.75
2022-03-03,507.75
2022-03-04,507.75
2022-03-05,507.75
2022-03-06,507.75
2022-03-07,507.75
2022-03-08,507.75
2022-03-09,507.75
2022-03-10,507.75
2022-03-11,507.75
2022-03-12,507.75
2022-03-13,507.75
2022-03-14,507.75
2022-03-15,507.75
2022-03-16,507.75
2022-03-17,507.75
2022-03-18,507.75
2022-03-19,507.75
2022-03-20,507.75
2022-03-21,507.75
2022-03-22,507.75
2022-03-23,507.75
2022-03-24,507.75
2022-03-25,507.75
2022-03-26,507.75
2022-03-27,507.75
2022-03-28,507.75
2022-03-29,507.75
2022-03-30,507.75
2022-03-31,507.75
2022-04-01,511.97
2022-04-02,511.97
2022-04-03,511.97
2022-04-04,511.97
2022-04-05,511.97
2022-04-06,511.97
2022-04-07,511.97
2022-04-08,511.97
2022-04-09,511.97
2022-04-10,511.97
2022-04-11,511.97
2022-04-12,511.97
2022-04-13,511.97
2022-04-14,511.97
2022-04-15,511.97
2022-04-16,511.97
2022-04-17,511.97
2022-04-18,511.97
2022-04-19,511.97
2022-04-20,511.97
2022-04-21,511.97
2022-04-22,511.97
2022-04-23,511.97
2022-04-24,511.97
2022-04-25,511.97
2022-04-26,511.97
2022-04-27,511.97
2022-04-28,511.97
2022-04-29,511.97
2022-04-30,511.97
2022-05-01,514.51
2022-05-02,514.51
2022-05-03,514.51
2022-05-04,514.51
2022-05-05,514.51
2022-05-06,514.51
2022-05-07,514.51
2022-05-08,514.51
2022-05-09,514.51
2022-05-10,514.51
2022-05-11,514.51
2022-05-12,514.51
2022-05-13,514.51
2022-05-14,514.51
2022-05-15,514.51
2022-05-16,514.51
2022-05-17,514.51
2022-05-18,514.51
2022-05-19,514.51
2022-05-20,514.51
2022-05-21,514.51
2022-05-22,514.51
2022-05-23,514.51
2022-05-24,514.51
2022-05-25,514.51
2022-05-26,514.51
2022-05-27,514.51
2022-05-28,514.51
2022-05-29,514.51
2022-05-30,514.51
2022-05-31,514.51
2022-06-01,513.7
2022-06-02,513.7
2022-06-03,513.7
2022-06-04,513.7
2022-06-05,513.7
2022-06-06,513.7
2022-06-07,513.7
2022-06-08,513.7
2022-06-09,513.7
2022-06-10,513.7
2022-06-11,513.7
2022-06-12,513.7
2022-06-13,513.7
2022-06-14,513.7
2022-06-15,513.7
2022-06-16,513.7
2022-06-17,513.7
2022-06-18,513.7
2022-06-19,513.7
2022-06-20,513.7
2022-06-21,513.7
2022-06-22,513.7
2022-06-23,513.7
2022-06-24,513.7
2022-06-25,513.7
2022-06-26,513.7
2022-06-27,513.7
2022-06-28,513.7
2022-06-29,513.7
2022-06-30,513.7
2022-07-01,514.2
2022-07-02,514.2
2022-07-03,514.2
2022-07-04,514.2
2022-07-05,514.2
2022-07-06,514.2
2022-07-07,514.2
2022-07-08,514.2
2022-07-09,514.2
2022-07-10,514.2
2022-07-11,514.2
2022-07-12,514.2
2022-07-13,514.2
2022-07-14,514.2
2022-07-15,514.2
2022-07-16,514.2
2022-07-17,514.2
2022-07-18,514.2
2022-07-19,514.2
2022-07-20,514.2
2022-07-21,514.2
2022-07-22,514.2
2022-07-23,514.2
2022-07-24,514.2
2022-07-25,514.2
2022-07-26,514.2
2022-07-27,514.2
2022-07-28,514.2
2022-07-29,514.2
2022-07-30,514.2
2022-07-31,514.2
2022-08-01,512.67
2022-08-02,512.67
2022-08-03,512.67
2022-08-04,512.67
2022-08-05,512.67
2022-08-06,512.67
2022-08-07,512.67
2022-08-08,512.67
2022-08-09,512.67
2022-08-10,512.67
2022-08-11,512.67
2022-08-12,512.67
2022-08-13,512.67
2022-08-14,512.67
2022-08-15,512.67
2022-08-16,512.67
2022-08-17,512.67
2022-08-18,512.67
2022-08-19,512.67
2022-08-20,512.67
2022-08-21,512.67
2022-08-22,512.67
2022-08-23,512.67
2022-08-24,512.67
2022-08-25,512.67
2022-08-26,512.67
2022-08-27,512.67
2022-08-28,512.67
2022-08-29,512.67
2022-08-30,512.67
2022-08-31,512.67
2022-09-01,512.98
2022-09-02,512.98
2022-09-03,512.98
2022-09-04,512.98
2022-09-05,512.98
2022-09-06,512.98
2022-09-07,512.98
2022-09-08,512.98
2022-09-09,512.98
2022-09-10,512.98
2022-09-11,512.98
2022-09-12,512.98
2022-09-13,512.98
2022-09-14,512.98
2022-09-15,512.98
2022-09-16,512.98
2022-09-17,512.98
2022-09-18,512.98
2022-09-19,512.98
2022-09-20,512.98
2022-09-21,512.98
2022-09-22,512.98
2022-09-23,512.98
2022-09-24,512.98
2022-09-25,512.98
2022-09-26,512.98
2022-09-27,512.98
2022-09-28,512.98
2022-09-29,512.98
2022-09-30,512.98
2022-10-01,510.67
2022-10-02,510.67
2022-10-03,510.67
2022-10-04,510.67
2022-10-05,510.67
2022-10-06,510.67
2022-10-07,510.67
2022-10-08,510.67
2022-10-09,510.67
2022-10-10,510.67
2022-10-11,510.67
2022-10-12,510.67
2022-10-13,510.67
2022-10-14,510.67
2022-10-15,510.67
2022-10-16,510.67
2022-10-17,510.67
2022-10-18,510.67
2022-10-19,510.67
2022-10-20,510.67
2022-10-21,510.67
2022-10-22,510.67
2022-10-23,510.67
2022-10-24,510.67
2022-10-25,510.67
2022-10-26,510.67
2022-10-27,510.67
2022-10-28,510.67
2022-10-29,510.67
2022-10-30,510.67
2022-10-31,510.67
2022-11-01,513.92
2022-11-02,513.92
2022-11-03,513.92
2022-11-04,513.92
2022-11-05,513.92
2022-11-06,513.92
2022-11-07,513.92
2022-11-08,513.92
2022-11-09,513.92
2022-11-10,513.92
2022-11-11,513.92
2022-11-12,513.92
2022-11-13,513.92
2022-11-14,513.92
2022-11-15,513.92
2022-11-16,513.92
2022-11-17,513.92
2022-11-18,513.92
2022-11-19,513.92
2022-11-20,513.92
2022-11-21,513.92
2022-11-22,513.92
2022-11-23,513.92
2022-11-24,513.92
2022-11-25,513.92
2022-11-26,513.92
2022-11-27,513.92
2022-11-28,513.92
2022-11-29,513.92
2022-11-30,513.92
2022-12-01,513.47
2022-12-02,513.47
2022-12-03,513.47
2022-12-04,513.47
2022-12-05,513.47
2022-12-06,513.47
2022-12-07,513.47
2022-12-08,513.47
2022-12-09,513.47
2022-12-10,513.47
2022-12-11,513.47
2022-12-12,513.47
2022-12-13,513.47
2022-12-14,513.47
2022-12-15,513.47
2022-12-16,513.47
2022-12-17,513.47
2022-12-18,513.47
2022-12-19,513.47
2022-12-20,513.47
2022-12-21,513.47
2022-12-22,513.47
2022-12-23,513.47
2022-12-24,513.47
2022-12-25,513.47
2022-12-26,513.47
2022-12-27,513.47
2022-12-28,513.47
2022-12-29,513.47
2022-12-30,513.47
2022-12-31,513.47
2023-01-01,505.68
2023-01-02,505.68
2023-01-03,505.68
2023-01-04,505.68
2023-01-05,505.68
2023-01-06,505.68
2023-01-07,505.68
2023-01-08,505.68
2023-01-09,505.68
2023-01-10,505.68
2023-01-11,505.68
2023-01-12,505.68
2023-01-13,505.68
2023-01-14,505.68
2023-01-15,505.68
2023-01-16,505.68
2023-01-17,505.68
2023-01-18,505.68
2023-01-19,505.68
2023-01-20,505.68
2023-01-21,505.68
2023-01-22,505.68
2023-01-23,505.68
2023-01-24,505.68
2023-01-25,505.68
2023-01-26,505.68
2023-01-27,505.68
2023-01-28,505.68
2023-01-29,505.68
2023-01-30,505.68
2023-01-31,505.68
2023-02-01,508.85
2023-02-02,508.85
2023-02-03,508.85
2023-02-04,508.85
2023-02-05,508.85
2023-02-06,508.85
2023-02-07,508.85
2023-02-08,508.85
2023-02-09,508.85
2023-02-10,508.85
2023-02-11,508.85
2023-02-12,508.85
2023-02-13,508.85
2023-02-14,508.85
2023-02-15,508.85
2023-02-16,508.85
2023-02-17,508.85
2023-02-18,508.85
2023-02-19,508.85
2023-02-20,508.85
2023-02-21,508.85
2023-02-22,508.85
2023-02-23,508.85
2023-02-24,508.85
2023-02-25,508.85
2023-02-26,508.85
2023-02-27,508.85
2023-02-28,508.85
2023-03-01,514.36
2023-03-02,514.36
2023-03-03,514.36
2023-03-04,514.36
2023-03-05,514.36
2023-03-06,514.36
2023-03-07,514.36
2023-03-08,514.36
2023-03-09,514.36
2023-03-10,514.36
2023-03-11,514.36
2023-03-12,514.36
2023-03-13,514.36
2023-03-14,514.36
2023-03-15,514.36
2023-03-16,514.36
2023-03-17,514.36
2023-03-18,514.36
2023-03-19,514.36
2023-03-20,514.36
2023-03-21,514.36
2023-03-22,514.36
2023-03-23,514.36
2023-03-24,514.36
2023-03-25,514.36
2023-03-26,514.36
2023-03-27,514.36
2023-03-28,514.36
2023-03-29,514.36
2023-03-30,514.36
2023-03-31,514.36
2023-04-01,514.72
2023-04-02,514.72
2023-04-03,514.72
2023-04-04,514.72
2023-04-05,514.72
2023-04-06,514.72
2023-04-07,514.72
2023-04-08,514.72
2023-04-09,514.72
2023-04-10,514.72
2023-04-11,514.72
2023-04-12,514.72
2023-04-13,514.72
2023-04-14,514.72
2023-04-15,514.72
2023-04-16,514.72
2023-04-17,514.72
2023-04-18,514.72
2023-04-19,514.72
2023-04-20,514.72
2023-04-21,514.72
2023-04-22,514.72
2023-04-23,514.72
2023-04-24,514.72
2023-04-25,514.72
2023-04-26,514.72
2023-04-27,514.72
2023-04-28,514.72
2023-04-29,514.72
2023-04-30,514.72
2023-05-01,522.0
2023-05-02,522.0
2023-05-03,522.0
2023-05-04,522.0
2023-05-05,522.0
2023-05-06,522.0
2023-05-07,522.0
2023-05-08,522.0
2023-05-09,522.0
2023-05-10,522.0
2023-05-11,522.0
2023-05-12,522.0
2023-05-13,522.0
2023-05-14,522.0
2023-05-15,522.0
2023-05-16,522.0
2023-05-17,522.0
2023-05-18,522.0
2023-05-19,522.0
2023-05-20,522.0
2023-05-21,522.0
2023-05-22,522.0
2023-05-23,522.0
2023-05-24,522.0
2023-05-25,522.0
2023-05-26,522.0
2023-05-27,522.0
2023-05-28,522.0
2023-05-29,522.0
2023-05-30,522.0
2023-05-31,522.0
2023-06-01,521.95
2023-06-02,521.95
2023-06-03,521.95
2023-06-04,521.95
2023-06-05,521.95
2023-06-06,521.95
2023-06-07,521.95
2023-06-08,521.95
2023-06-09,521.95
2023-06-10,521.95
2023-06-11,521.95
2023-06-12,521.95
2023-06-13,521.95
2023-06-14,521.95
2023-06-15,521.95
2023-06-16,521.95
2023-06-17,521.95
2023-06-18,521.95
2023-06-19,521.95
2023-06-20,521.95
2023-06-21,521.95
2023-06-22,521.95
2023-06-23,521.95
2023-06-24,521.95
2023-06-25,521.95
2023-06-26,521.95
2023-06-27,521.95
2023-06-28,521.95
2023-06-29,521.95
2023-06-30,521.95
2023-07-01,517.8
2023-07-02,517.8
2023-07-03,517.8
2023-07-04,517.8
2023-07-05,517.8
2023-07-06,517.8
2023-07-07,517.8
2023-07-08,517.8
2023-07-09,517.8
2023-07-10,517.8
2023-07-11,517.8
2023-07-12,517.8
2023-07-13,517.8
2023-07-14,517.8
2023-07-15,517.8
2023-07-16,517.8
2023-07-17,517.8
2023-07-18,517.8
2023-07-19,517.8
2023-07-20,517.8
2023-07-21,517.8
2023-07-22,517.8
2023-07-23,517.8
2023-07-24,517.8
2023-07-25,517.8
2023-07-26,517.8
2023-07-27,517.8
2023-07-28,517.8
2023-07-29,517.8
2023-07-30,517.8
2023-07-31,517.8
2023-08-01,520.34
2023-08-02,520.34
2023-08-03,520.34
2023-08-04,520.34
2023-08-05,520.34
2023-08-06,520.34
2023-08-07,520.34
2023-08-08,520.34
2023-08-09,520.34
2023-08-10,520.34
2023-08-11,520.34
2023-08-12,520.34
2023-08-13,520.34
2023-08-14,520.34
2023-08-15,520.34
2023-08-16,520.34
2023-08-17,520.34
2023-08-18,520.34
2023-08-19,520.34
2023-08-20,520.34
2023-08-21,520.34
2023-08-22,520.34
2023-08-23,520.34
2023-08-24,520.34
2023-08-25,520.34
2023-08-26,520.34
2023-08-27,520.34
2023-08-28,520.34
2023-08-29,520.34
2023-08-30,520.34
2023-08-31,520.34
2023-09-01,518.12
2023-09-02,518.12
2023-09-03,518.12
2023-09-04,518.12
2023-09-05,518.12
2023-09-06,518.12
2023-09-07,518.12
2023-09-08,518.12
2023-09-09,518.12
2023-09-10,518.12
2023-09-11,518.12
2023-09-12,518.12
2023-09-13,518.12
2023-09-14,518.12
2023-09-15,518.12
2023-09-16,518.12
2023-09-17,518.12
2023-09-18,518.12
2023-09-19,518.12
2023-09-20,518.12
2023-09-21,518.12
2023-09-22,518.12
2023-09-23,518.12
2023-09-24,518.12
2023-09-25,518.12
2023-09-26,518.12
2023-09-27,518.12
2023-09-28,518.12
2023-09-29,518.12
2023-09-30,518.12
2023-10-01,522.27
2023-10-02,522.27
2023-10-03,522.27
2023-10-04,522.27
2023-10-05,522.27
2023-10-06,522.27
2023-10-07,522.27
2023-10-08,522.27
2023-10-09,522.27
2023-10-10,522.27
2023-10-11,522.27
2023-10-12,522.27
2023-10-13,522.27
2023-10-14,522.27
2023-10-15,522.27
2023-10-16,522.27
2023-10-17,522.27
2023-10-18,522.27
2023-10-19,522.27
2023-10-20,522.27
2023-10-21,522.27
2023-10-22,522.27
2023-10-23,522.27
2023-10-24,522.27
2023-10-25,522.27
2023-10-26,522.27
2023-10-27,522.27
2023-10-28,522.27
2023-10-29,522.27
2023-10-30,522.27
2023-10-31,522.27
2023-11-01,522.99
2023-11-02,522.99
2023-11-03,522.99
2023-11-04,522.99
2023-11-05,522.99
2023-11-06,522.99
2023-11-07,522.99
2023-11-08,522.99
2023-11-09,522.99
2023-11-10,522.99
2023-11-11,522.99
2023-11-12,522.99
2023-11-13,522.99
2023-11-14,522.99
2023-11-15,522.99
2023-11-16,522.99
2023-11-17,522.99
2023-11-18,522.99
2023-11-19,522.99
2023-11-20,522.99
2023-11-21,522.99
2023-11-22,522.99
2023-11-23,522.99
2023-11-24,522.99
2023-11-25,522.99
2023-11-26,522.99
2023-11-27,522.99
2023-11-28,522.99
2023-11-29,522.99
2023-11-30,522.99
2023-12-01,519.17
2023-12-02,519.17
2023-12-03,519.17
2023-12-04,519.17
2023-12-05,519.17
2023-12-06,519.17
2023-12-07,519.17
2023-12-08,519.17
2023-12-09,519.17
2023-12-10,519.17
2023-12-11,519.17
2023-12-12,519.17
2023-12-13,519.17
2023-12-14,519.17
2023-12-15,519.17
2023-12-16,519.17
2023-12-17,519.17
2023-12-18,519.17
2023-12-19,519.17
2023-12-20,519.17
2023-12-21,519.17
2023-12-22,519.17
2023-12-23,519.17
2023-12-24,519.17
2023-12-25,519.17
2023-12-26,519.17
2023-12-27,519.17
2023-12-28,519.17
2023-12-29,519.17
2023-12-30,519.17
2023-12-31,519.17
2024-01-01,519.5
2024-01-02,519.5
2024-01-03,519.5
2024-01-04,519.5
2024-01-05,519.5
2024-01-06,519.5
2024-01-07,519.5
2024-01-08,519.5
2024-01-09,519.5
2024-01-10,519.5
2024-01-11,519.5
2024-01-12,519.5
2024-01-13,519.5
2024-01-14,519.5
2024-01-15,519.5
2024-01-16,519.5
2024-01-17,519.5
2024-01-18,519.5
2024-01-19,519.5
2024-01-20,519.5
2024-01-21,519.5
2024-01-22,519.5
2024-01-23,519.5
2024-01-24,519.5
2024-01-25,519.5
2024-01-26,519.5
2024-01-27,519.5
2024-01-28,519.5
2024-01-29,519.5
2024-01-30,519.5
2024-01-31,519.5
2024-02-01,521.9
2024-02-02,521.9
2024-02-03,521.9
2024-02-04,521.9
2024-02-05,521.9
2024-02-06,521.9
2024-02-07,521.9
2024-02-08,521.9
2024-02-09,521.9
2024-02-10,521.9
2024-02-11,521.9
2024-02-12,521.9
2024-02-13,521.9
2024-02-14,521.9
2024-02-15,521.9
2024-02-16,521.9
2024-02-17,521.9
2024-02-18,521.9
2024-02-19,521.9
2024-02-20,521.9
2024-02-21,521.9
2024-02-22,521.9
2024-02-23,521.9
2024-02-24,521.9
2024-02-25,521.9
2024-02-26,521.9
2024-02-27,521.9
2024-02-28,521.9
2024-02-29,521.9
2024-03-01,522.41
2024-03-02,522.41
2024-03-03,522.41
2024-03-04,522.41
2024-03-05,522.41
2024-03-06,522.41
2024-03-07,522.41
2024-03-08,522.41
2024-03-09,522.41
2024-03-10,522.41
2024-03-11,522.41
2024-03-12,522.41
2024-03-13,522.41
2024-03-14,522.41
2024-03-15,522.41
2024-03-16,522.41
2024-03-17,522.41
2024-03-18,522.41
2024-03-19,522.41
2024-03-20,522.41
2024-03-21,522.41
2024-03-22,522.41
2024-03-23,522.41
2024-03-24,522.41
2024-03-25,522.41
2024-03-26,522.41
2024-03-27,522.41
2024-03-28,522.41
2024-03-29,522.41
2024-03-30,522.41
2024-03-31,522.41
2024-04-01,525.21
