Date,Regular Gasoline,Diesel for automobiles
2015-01-01,1568.65,1383.99
2015-01-02,1568.65,1383.99
2015-01-03,1568.65,1383.99
2015-01-04,1568.65,1383.99
2015-01-05,1531.05,1351.25
2015-01-06,1531.05,1351.25
2015-01-07,1531.05,1351.25
2015-01-08,1531.05,1351.25
2015-01-09,1531.05,1351.25
2015-01-10,1531.05,1351.25
2015-01-11,1531.05,1351.25
2015-01-12,1477.49,1306.47
2015-01-13,1477.49,1306.47
2015-01-14,1477.49,1306.47
2015-01-15,1477.49,1306.47
2015-01-16,1477.49,1306.47
2015-01-17,1477.49,1306.47
2015-01-18,1477.49,1306.47
2015-01-19,1435.14,1273.65
2015-01-20,1435.14,1273.65
2015-01-21,1435.14,1273.65
2015-01-22,1435.14,1273.65
2015-01-23,1435.14,1273.65
2015-01-24,1435.14,1273.65
2015-01-25,1435.14,1273.65
2015-01-26,1412.17,1255.91
2015-01-27,1412.17,1255.91
2015-01-28,1412.17,1255.91
2015-01-29,1412.17,1255.91
2015-01-30,1412.17,1255.91
2015-01-31,1412.17,1255.91
2015-02-01,1412.17,1255.91
2015-02-02,1416.69,1259.52
2015-02-03,1416.69,1259.52
2015-02-04,1416.69,1259.52
2015-02-05,1416.69,1259.52
2015-02-06,1416.69,1259.52
2015-02-07,1416.69,1259.52
2015-02-08,1416.69,1259.52
2015-02-09,1447.61,1284.17
2015-02-10,1447.61,1284.17
2015-02-11,1447.61,1284.17
2015-02-12,1447.61,1284.17
2015-02-13,1447.61,1284.17
2015-02-14,1447.61,1284.17
2015-02-15,1447.61,1284.17
2015-02-16,1469.75,1300.98
2015-02-17,1469.75,1300.98
2015-02-18,1469.75,1300.98
2015-02-19,1469.75,1300.98
2015-02-20,1469.75,1300.98
2015-02-21,1469.75,1300.98
2015-02-22,1469.75,1300.98
2015-02-23,1489.59,1315.79
2015-02-24,1489.59,1315.79
2015-02-25,1489.59,1315.79
2015-02-26,1489.59,1315.79
2015-02-27,1489.59,1315.79
2015-02-28,1489.59,1315.79
2015-03-01,1489.59,1315.79
2015-03-02,1506.26,1327.18
2015-03-03,1506.26,1327.18
2015-03-04,1506.26,1327.18
2015-03-05,1506.26,1327.18
2015-03-06,1506.26,1327.18
2015-03-07,1506.26,1327.18
2015-03-08,1506.26,1327.18
2015-03-09,1516.03,1333.11
2015-03-10,1516.03,1333.11
2015-03-11,1516.03,1333.11
2015-03-12,1516.03,1333.11
2015-03-13,1516.03,1333.11
2015-03-14,1516.03,1333.11
2015-03-15,1516.03,1333.11
2015-03-16,1513.71,1329.61
2015-03-17,1513.71,1329.61
2015-03-18,1513.71,1329.61
2015-03-19,1513.71,1329.61
2015-03-20,1513.71,1329.61
2015-03-21,1513.71,1329.61
2015-03-22,1513.71,1329.61
2015-03-30,1510.61,1325.47
2015-03-31,1510.61,1325.47
2015-04-01,1510.61,1325.47
2015-04-02,1510.61,1325.47
2015-04-03,1510.61,1325.47
2015-04-04,1510.61,1325.47
2015-04-05,1510.61,1325.47
2015-04-06,1508.25,1321.99
2015-04-07,1508.25,1321.99
2015-04-08,1508.25,1321.99
2015-04-09,1508.25,1321.99
2015-04-10,1508.25,1321.99
2015-04-11,1508.25,1321.99
2015-04-12,1508.25,1321.99
2015-04-13,1505.81,1318.76
2015-04-14,1505.81,1318.76
2015-04-15,1505.81,1318.76
2015-04-16,1505.81,1318.76
2015-04-17,1505.81,1318.76
2015-04-18,1505.81,1318.76
2015-04-19,1505.81,1318.76
2015-04-20,1505.77,1317.99
2015-04-21,1505.77,1317.99
2015-04-22,1505.77,1317.99
2015-04-23,1505.77,1317.99
2015-04-24,1505.77,1317.99
2015-04-25,1505.77,1317.99
2015-04-26,1505.77,1317.99
2015-04-27,1509.27,1320.07
2015-04-28,1509.27,1320.07
2015-04-29,1509.27,1320.07
2015-04-30,1509.27,1320.07
2015-05-01,1509.27,1320.07
2015-05-02,1509.27,1320.07
2015-05-03,1509.27,1320.07
2015-04-27,1516.28,1324.08
2015-04-28,1516.28,1324.08
2015-04-29,1516.28,1324.08
2015-04-30,1516.28,1324.08
2015-05-01,1516.28,1324.08
2015-05-02,1516.28,1324.08
2015-05-03,1516.28,1324.08
2015-05-04,1532.18,1335.52
2015-05-05,1532.18,1335.52
2015-05-06,1532.18,1335.52
2015-05-07,1532.18,1335.52
2015-05-08,1532.18,1335.52
2015-05-09,1532.18,1335.52
2015-05-10,1532.18,1335.52
2015-05-11,1550.92,1350.47
2015-05-12,1550.92,1350.47
2015-05-13,1550.92,1350.47
2015-05-14,1550.92,1350.47
2015-05-15,1550.92,1350.47
2015-05-16,1550.92,1350.47
2015-05-17,1550.92,1350.47
2015-05-18,1564.84,1360.61
2015-05-19,1564.84,1360.61
2015-05-20,1564.84,1360.61
2015-05-21,1564.84,1360.61
2015-05-22,1564.84,1360.61
2015-05-23,1564.84,1360.61
2015-05-24,1564.84,1360.61
2015-06-01,1572.41,1365.72
2015-06-02,1572.41,1365.72
2015-06-03,1572.41,1365.72
2015-06-04,1572.41,1365.72
2015-06-05,1572.41,1365.72
2015-06-06,1572.41,1365.72
2015-06-07,1572.41,1365.72
2015-06-08,1576.74,1368.13
2015-06-09,1576.74,1368.13
2015-06-10,1576.74,1368.13
2015-06-11,1576.74,1368.13
2015-06-12,1576.74,1368.13
2015-06-13,1576.74,1368.13
2015-06-14,1576.74,1368.13
2015-06-15,1581.0,1369.56
2015-06-16,1581.0,1369.56
2015-06-17,1581.0,1369.56
2015-06-18,1581.0,1369.56
2015-06-19,1581.0,1369.56
2015-06-20,1581.0,1369.56
2015-06-21,1581.0,1369.56
2015-06-22,1584.29,1370.16
2015-06-23,1584.29,1370.16
2015-06-24,1584.29,1370.16
2015-06-25,1584.29,1370.16
2015-06-26,1584.29,1370.16
2015-06-27,1584.29,1370.16
2015-06-28,1584.29,1370.16
2015-06-29,1584.63,1368.87
2015-06-30,1584.63,1368.87
2015-07-01,1584.63,1368.87
2015-07-02,1584.63,1368.87
2015-07-03,1584.63,1368.87
2015-07-04,1584.63,1368.87
2015-07-05,1584.63,1368.87
2015-07-06,1583.26,1365.84
2015-07-07,1583.26,1365.84
2015-07-08,1583.26,1365.84
2015-07-09,1583.26,1365.84
2015-07-10,1583.26,1365.84
2015-07-11,1583.26,1365.84
2015-07-12,1583.26,1365.84
2015-07-13,1579.03,1358.69
2015-07-14,1579.03,1358.69
2015-07-15,1579.03,1358.69
2015-07-16,1579.03,1358.69
2015-07-17,1579.03,1358.69
2015-07-18,1579.03,1358.69
2015-07-19,1579.03,1358.69
2015-07-20,1572.57,1349.16
2015-07-21,1572.57,1349.16
2015-07-22,1572.57,1349.16
2015-07-23,1572.57,1349.16
2015-07-24,1572.57,1349.16
2015-07-25,1572.57,1349.16
2015-07-26,1572.57,1349.16
2015-07-27,1566.17,1339.69
2015-07-28,1566.17,1339.69
2015-07-29,1566.17,1339.69
2015-07-30,1566.17,1339.69
2015-07-31,1566.17,1339.69
2015-08-01,1566.17,1339.69
2015-08-02,1566.17,1339.69
2015-07-27,1559.68,1330.01
2015-07-28,1559.68,1330.01
2015-07-29,1559.68,1330.01
2015-07-30,1559.68,1330.01
2015-07-31,1559.68,1330.01
2015-08-01,1559.68,1330.01
2015-08-02,1559.68,1330.01
2015-08-03,1552.46,1318.71
2015-08-04,1552.46,1318.71
2015-08-05,1552.46,1318.71
2015-08-06,1552.46,1318.71
2015-08-07,1552.46,1318.71
2015-08-08,1552.46,1318.71
2015-08-09,1552.46,1318.71
2015-08-10,1543.76,1306.09
2015-08-11,1543.76,1306.09
2015-08-12,1543.76,1306.09
2015-08-13,1543.76,1306.09
2015-08-14,1543.76,1306.09
2015-08-15,1543.76,1306.09
2015-08-16,1543.76,1306.09
2015-08-17,1531.96,1289.93
2015-08-18,1531.96,1289.93
2015-08-19,1531.96,1289.93
2015-08-20,1531.96,1289.93
2015-08-21,1531.96,1289.93
2015-08-22,1531.96,1289.93
2015-08-23,1531.96,1289.93
2015-08-31,1520.69,1274.99
2015-09-01,1520.69,1274.99
2015-09-02,1520.69,1274.99
2015-09-03,1520.69,1274.99
2015-09-04,1520.69,1274.99
2015-09-05,1520.69,1274.99
2015-09-06,1520.69,1274.99
2015-09-07,1515.06,1267.45
2015-09-08,1515.06,1267.45
2015-09-09,1515.06,1267.45
2015-09-10,1515.06,1267.45
2015-09-11,1515.06,1267.45
2015-09-12,1515.06,1267.45
2015-09-13,1515.06,1267.45
2015-09-14,1512.32,1264.37
2015-09-15,1512.32,1264.37
2015-09-16,1512.32,1264.37
2015-09-17,1512.32,1264.37
2015-09-18,1512.32,1264.37
2015-09-19,1512.32,1264.37
2015-09-20,1512.32,1264.37
2015-09-21,1507.92,1259.89
2015-09-22,1507.92,1259.89
2015-09-23,1507.92,1259.89
2015-09-24,1507.92,1259.89
2015-09-25,1507.92,1259.89
2015-09-26,1507.92,1259.89
2015-09-27,1507.92,1259.89
2015-09-28,1504.74,1256.54
2015-09-29,1504.74,1256.54
2015-09-30,1504.74,1256.54
2015-10-01,1504.74,1256.54
2015-10-02,1504.74,1256.54
2015-10-03,1504.74,1256.54
2015-10-04,1504.74,1256.54
2015-09-28,1502.11,1254.23
2015-09-29,1502.11,1254.23
2015-09-30,1502.11,1254.23
2015-10-01,1502.11,1254.23
2015-10-02,1502.11,1254.23
2015-10-03,1502.11,1254.23
2015-10-04,1502.11,1254.23
2015-10-05,1501.26,1254.04
2015-10-06,1501.26,1254.04
2015-10-07,1501.26,1254.04
2015-10-08,1501.26,1254.04
2015-10-09,1501.26,1254.04
2015-10-10,1501.26,1254.04
2015-10-11,1501.26,1254.04
2015-10-12,1499.14,1252.62
2015-10-13,1499.14,1252.62
2015-10-14,1499.14,1252.62
2015-10-15,1499.14,1252.62
2015-10-16,1499.14,1252.62
2015-10-17,1499.14,1252.62
2015-10-18,1499.14,1252.62
2015-10-19,1492.66,1247.19
2015-10-20,1492.66,1247.19
2015-10-21,1492.66,1247.19
2015-10-22,1492.66,1247.19
2015-10-23,1492.66,1247.19
2015-10-24,1492.66,1247.19
2015-10-25,1492.66,1247.19
2015-10-26,1485.69,1242.07
2015-10-27,1485.69,1242.07
2015-10-28,1485.69,1242.07
2015-10-29,1485.69,1242.07
2015-10-30,1485.69,1242.07
2015-10-31,1485.69,1242.07
2015-11-01,1485.69,1242.07
2015-11-02,1479.64,1237.98
2015-11-03,1479.64,1237.98
2015-11-04,1479.64,1237.98
2015-11-05,1479.64,1237.98
2015-11-06,1479.64,1237.98
2015-11-07,1479.64,1237.98
2015-11-08,1479.64,1237.98
2015-11-09,1473.29,1234.48
2015-11-10,1473.29,1234.48
2015-11-11,1473.29,1234.48
2015-11-12,1473.29,1234.48
2015-11-13,1473.29,1234.48
2015-11-14,1473.29,1234.48
2015-11-15,1473.29,1234.48
2015-11-16,1464.48,1230.0
2015-11-17,1464.48,1230.0
2015-11-18,1464.48,1230.0
2015-11-19,1464.48,1230.0
2015-11-20,1464.48,1230.0
2015-11-21,1464.48,1230.0
2015-11-22,1464.48,1230.0
2015-11-30,1456.66,1226.41
2015-12-01,1456.66,1226.41
2015-12-02,1456.66,1226.41
2015-12-03,1456.66,1226.41
2015-12-04,1456.66,1226.41
2015-12-05,1456.66,1226.41
2015-12-06,1456.66,1226.41
2015-12-07,1448.09,1222.31
2015-12-08,1448.09,1222.31
2015-12-09,1448.09,1222.31
2015-12-10,1448.09,1222.31
2015-12-11,1448.09,1222.31
2015-12-12,1448.09,1222.31
2015-12-13,1448.09,1222.31
2015-12-14,1434.82,1214.19
2015-12-15,1434.82,1214.19
2015-12-16,1434.82,1214.19
2015-12-17,1434.82,1214.19
2015-12-18,1434.82,1214.19
2015-12-19,1434.82,1214.19
2015-12-20,1434.82,1214.19
2015-12-21,1421.65,1203.14
2015-12-22,1421.65,1203.14
2015-12-23,1421.65,1203.14
2015-12-24,1421.65,1203.14
2015-12-25,1421.65,1203.14
2015-12-26,1421.65,1203.14
2015-12-27,1421.65,1203.14
2015-12-28,1411.71,1193.75
2015-12-29,1411.71,1193.75
2015-12-30,1411.71,1193.75
2015-12-31,1411.71,1193.75
2016-01-01,1411.71,1193.75
2016-01-02,1411.71,1193.75
2016-01-03,1411.71,1193.75
2015-12-28,1402.27,1183.96
2015-12-29,1402.27,1183.96
2015-12-30,1402.27,1183.96
2015-12-31,1402.27,1183.96
2016-01-01,1402.27,1183.96
2016-01-02,1402.27,1183.96
2016-01-03,1402.27,1183.96
2016-01-04,1391.87,1169.93
2016-01-05,1391.87,1169.93
2016-01-06,1391.87,1169.93
2016-01-07,1391.87,1169.93
2016-01-08,1391.87,1169.93
2016-01-09,1391.87,1169.93
2016-01-10,1391.87,1169.93
2016-01-11,1380.23,1150.66
2016-01-12,1380.23,1150.66
2016-01-13,1380.23,1150.66
2016-01-14,1380.23,1150.66
2016-01-15,1380.23,1150.66
2016-01-16,1380.23,1150.66
2016-01-17,1380.23,1150.66
2016-01-18,1370.01,1131.74
2016-01-19,1370.01,1131.74
2016-01-20,1370.01,1131.74
2016-01-21,1370.01,1131.74
2016-01-22,1370.01,1131.74
2016-01-23,1370.01,1131.74
2016-01-24,1370.01,1131.74
2016-02-01,1362.2,1116.96
2016-02-02,1362.2,1116.96
2016-02-03,1362.2,1116.96
2016-02-04,1362.2,1116.96
2016-02-05,1362.2,1116.96
2016-02-06,1362.2,1116.96
2016-02-07,1362.2,1116.96
2016-02-08,1358.12,1108.54
2016-02-09,1358.12,1108.54
2016-02-10,1358.12,1108.54
2016-02-11,1358.12,1108.54
2016-02-12,1358.12,1108.54
2016-02-13,1358.12,1108.54
2016-02-14,1358.12,1108.54
2016-02-15,1350.41,1098.56
2016-02-16,1350.41,1098.56
2016-02-17,1350.41,1098.56
2016-02-18,1350.41,1098.56
2016-02-19,1350.41,1098.56
2016-02-20,1350.41,1098.56
2016-02-21,1350.41,1098.56
2016-02-22,1344.28,1091.75
2016-02-23,1344.28,1091.75
2016-02-24,1344.28,1091.75
2016-02-25,1344.28,1091.75
2016-02-26,1344.28,1091.75
2016-02-27,1344.28,1091.75
2016-02-28,1344.28,1091.75
2016-02-29,1340.78,1088.62
2016-03-01,1340.78,1088.62
2016-03-02,1340.78,1088.62
2016-03-03,1340.78,1088.62
2016-03-04,1340.78,1088.62
2016-03-05,1340.78,1088.62
2016-03-06,1340.78,1088.62
2016-03-07,1340.43,1089.46
2016-03-08,1340.43,1089.46
2016-03-09,1340.43,1089.46
2016-03-10,1340.43,1089.46
2016-03-11,1340.43,1089.46
2016-03-12,1340.43,1089.46
2016-03-13,1340.43,1089.46
2016-03-14,1348.12,1100.46
2016-03-15,1348.12,1100.46
2016-03-16,1348.12,1100.46
2016-03-17,1348.12,1100.46
2016-03-18,1348.12,1100.46
2016-03-19,1348.12,1100.46
2016-03-20,1348.12,1100.46
2016-03-21,1357.44,1113.32
2016-03-22,1357.44,1113.32
2016-03-23,1357.44,1113.32
2016-03-24,1357.44,1113.32
2016-03-25,1357.44,1113.32
2016-03-26,1357.44,1113.32
2016-03-27,1357.44,1113.32
2016-03-28,1361.81,1120.18
2016-03-29,1361.81,1120.18
2016-03-30,1361.81,1120.18
2016-03-31,1361.81,1120.18
2016-04-01,1361.81,1120.18
2016-04-02,1361.81,1120.18
2016-04-03,1361.81,1120.18
2016-03-28,1362.57,1121.85
2016-03-29,1362.57,1121.85
2016-03-30,1362.57,1121.85
2016-03-31,1362.57,1121.85
2016-04-01,1362.57,1121.85
2016-04-02,1362.57,1121.85
2016-04-03,1362.57,1121.85
2016-04-04,1361.42,1120.7
2016-04-05,1361.42,1120.7
2016-04-06,1361.42,1120.7
2016-04-07,1361.42,1120.7
2016-04-08,1361.42,1120.7
2016-04-09,1361.42,1120.7
2016-04-10,1361.42,1120.7
2016-04-11,1361.46,1121.11
2016-04-12,1361.46,1121.11
2016-04-13,1361.46,1121.11
2016-04-14,1361.46,1121.11
2016-04-15,1361.46,1121.11
2016-04-16,1361.46,1121.11
2016-04-17,1361.46,1121.11
2016-04-18,1361.13,1121.23
2016-04-19,1361.13,1121.23
2016-04-20,1361.13,1121.23
2016-04-21,1361.13,1121.23
2016-04-22,1361.13,1121.23
2016-04-23,1361.13,1121.23
2016-04-24,1361.13,1121.23
2016-04-25,1366.9,1127.62
2016-04-26,1366.9,1127.62
2016-04-27,1366.9,1127.62
2016-04-28,1366.9,1127.62
2016-04-29,1366.9,1127.62
2016-04-30,1366.9,1127.62
2016-05-01,1366.9,1127.62
2016-05-02,1375.56,1137.79
2016-05-03,1375.56,1137.79
2016-05-04,1375.56,1137.79
2016-05-05,1375.56,1137.79
2016-05-06,1375.56,1137.79
2016-05-07,1375.56,1137.79
2016-05-08,1375.56,1137.79
2016-05-09,1386.89,1154.54
2016-05-10,1386.89,1154.54
2016-05-11,1386.89,1154.54
2016-05-12,1386.89,1154.54
2016-05-13,1386.89,1154.54
2016-05-14,1386.89,1154.54
2016-05-15,1386.89,1154.54
2016-05-16,1404.0,1180.71
2016-05-17,1404.0,1180.71
2016-05-18,1404.0,1180.71
2016-05-19,1404.0,1180.71
2016-05-20,1404.0,1180.71
2016-05-21,1404.0,1180.71
2016-05-22,1404.0,1180.71
2016-05-30,1421.11,1204.58
2016-05-31,1421.11,1204.58
2016-06-01,1421.11,1204.58
2016-06-02,1421.11,1204.58
2016-06-03,1421.11,1204.58
2016-06-04,1421.11,1204.58
2016-06-05,1421.11,1204.58
2016-06-06,1432.07,1218.25
2016-06-07,1432.07,1218.25
2016-06-08,1432.07,1218.25
2016-06-09,1432.07,1218.25
2016-06-10,1432.07,1218.25
2016-06-11,1432.07,1218.25
2016-06-12,1432.07,1218.25
2016-06-13,1439.45,1227.41
2016-06-14,1439.45,1227.41
2016-06-15,1439.45,1227.41
2016-06-16,1439.45,1227.41
2016-06-17,1439.45,1227.41
2016-06-18,1439.45,1227.41
2016-06-19,1439.45,1227.41
2016-06-20,1441.94,1230.6
2016-06-21,1441.94,1230.6
2016-06-22,1441.94,1230.6
2016-06-23,1441.94,1230.6
2016-06-24,1441.94,1230.6
2016-06-25,1441.94,1230.6
2016-06-26,1441.94,1230.6
2016-06-27,1442.55,1231.78
2016-06-28,1442.55,1231.78
2016-06-29,1442.55,1231.78
2016-06-30,1442.55,1231.78
2016-07-01,1442.55,1231.78
2016-07-02,1442.55,1231.78
2016-07-03,1442.55,1231.78
2016-06-27,1442.47,1232.12
2016-06-28,1442.47,1232.12
2016-06-29,1442.47,1232.12
2016-06-30,1442.47,1232.12
2016-07-01,1442.47,1232.12
2016-07-02,1442.47,1232.12
2016-07-03,1442.47,1232.12
2016-07-04,1440.71,1231.15
2016-07-05,1440.71,1231.15
2016-07-06,1440.71,1231.15
2016-07-07,1440.71,1231.15
2016-07-08,1440.71,1231.15
2016-07-09,1440.71,1231.15
2016-07-10,1440.71,1231.15
2016-07-11,1436.72,1228.25
2016-07-12,1436.72,1228.25
2016-07-13,1436.72,1228.25
2016-07-14,1436.72,1228.25
2016-07-15,1436.72,1228.25
2016-07-16,1436.72,1228.25
2016-07-17,1436.72,1228.25
2016-07-18,1431.03,1223.82
2016-07-19,1431.03,1223.82
2016-07-20,1431.03,1223.82
2016-07-21,1431.03,1223.82
2016-07-22,1431.03,1223.82
2016-07-23,1431.03,1223.82
2016-07-24,1431.03,1223.82
2016-08-01,1423.86,1217.83
2016-08-02,1423.86,1217.83
2016-08-03,1423.86,1217.83
2016-08-04,1423.86,1217.83
2016-08-05,1423.86,1217.83
2016-08-06,1423.86,1217.83
2016-08-07,1423.86,1217.83
2016-08-08,1414.98,1210.03
2016-08-09,1414.98,1210.03
2016-08-10,1414.98,1210.03
2016-08-11,1414.98,1210.03
2016-08-12,1414.98,1210.03
2016-08-13,1414.98,1210.03
2016-08-14,1414.98,1210.03
2016-08-15,1408.51,1204.36
2016-08-16,1408.51,1204.36
2016-08-17,1408.51,1204.36
2016-08-18,1408.51,1204.36
2016-08-19,1408.51,1204.36
2016-08-20,1408.51,1204.36
2016-08-21,1408.51,1204.36
2016-08-22,1406.71,1203.03
2016-08-23,1406.71,1203.03
2016-08-24,1406.71,1203.03
2016-08-25,1406.71,1203.03
2016-08-26,1406.71,1203.03
2016-08-27,1406.71,1203.03
2016-08-28,1406.71,1203.03
2016-08-29,1408.15,1204.13
2016-08-30,1408.15,1204.13
2016-08-31,1408.15,1204.13
2016-09-01,1408.15,1204.13
2016-09-02,1408.15,1204.13
2016-09-03,1408.15,1204.13
2016-09-04,1408.15,1204.13
2016-08-29,1408.32,1203.92
2016-08-30,1408.32,1203.92
2016-08-31,1408.32,1203.92
2016-09-01,1408.32,1203.92
2016-09-02,1408.32,1203.92
2016-09-03,1408.32,1203.92
2016-09-04,1408.32,1203.92
2016-09-05,1408.74,1203.51
2016-09-06,1408.74,1203.51
2016-09-07,1408.74,1203.51
2016-09-08,1408.74,1203.51
2016-09-09,1408.74,1203.51
2016-09-10,1408.74,1203.51
2016-09-11,1408.74,1203.51
2016-09-12,1408.47,1202.99
2016-09-13,1408.47,1202.99
2016-09-14,1408.47,1202.99
2016-09-15,1408.47,1202.99
2016-09-16,1408.47,1202.99
2016-09-17,1408.47,1202.99
2016-09-18,1408.47,1202.99
2016-09-19,1407.17,1201.4
2016-09-20,1407.17,1201.4
2016-09-21,1407.17,1201.4
2016-09-22,1407.17,1201.4
2016-09-23,1407.17,1201.4
2016-09-24,1407.17,1201.4
2016-09-25,1407.17,1201.4
2016-09-26,1406.74,1200.62
2016-09-27,1406.74,1200.62
2016-09-28,1406.74,1200.62
2016-09-29,1406.74,1200.62
2016-09-30,1406.74,1200.62
2016-10-01,1406.74,1200.62
2016-10-02,1406.74,1200.62
2016-10-03,1410.92,1205.14
2016-10-04,1410.92,1205.14
2016-10-05,1410.92,1205.14
2016-10-06,1410.92,1205.14
2016-10-07,1410.92,1205.14
2016-10-08,1410.92,1205.14
2016-10-09,1410.92,1205.14
2016-10-10,1418.61,1213.23
2016-10-11,1418.61,1213.23
2016-10-12,1418.61,1213.23
2016-10-13,1418.61,1213.23
2016-10-14,1418.61,1213.23
2016-10-15,1418.61,1213.23
2016-10-16,1418.61,1213.23
2016-10-17,1425.17,1220.24
2016-10-18,1425.17,1220.24
2016-10-19,1425.17,1220.24
2016-10-20,1425.17,1220.24
2016-10-21,1425.17,1220.24
2016-10-22,1425.17,1220.24
2016-10-23,1425.17,1220.24
2016-10-31,1428.49,1224.04
2016-11-01,1428.49,1224.04
2016-11-02,1428.49,1224.04
2016-11-03,1428.49,1224.04
2016-11-04,1428.49,1224.04
2016-11-05,1428.49,1224.04
2016-11-06,1428.49,1224.04
2016-11-07,1429.04,1224.69
2016-11-08,1429.04,1224.69
2016-11-09,1429.04,1224.69
2016-11-10,1429.04,1224.69
2016-11-11,1429.04,1224.69
2016-11-12,1429.04,1224.69
2016-11-13,1429.04,1224.69
2016-11-14,1427.32,1223.12
2016-11-15,1427.32,1223.12
2016-11-16,1427.32,1223.12
2016-11-17,1427.32,1223.12
2016-11-18,1427.32,1223.12
2016-11-19,1427.32,1223.12
2016-11-20,1427.32,1223.12
2016-11-21,1424.84,1220.77
2016-11-22,1424.84,1220.77
2016-11-23,1424.84,1220.77
2016-11-24,1424.84,1220.77
2016-11-25,1424.84,1220.77
2016-11-26,1424.84,1220.77
2016-11-27,1424.84,1220.77
2016-11-28,1425.15,1220.9
2016-11-29,1425.15,1220.9
2016-11-30,1425.15,1220.9
2016-12-01,1425.15,1220.9
2016-12-02,1425.15,1220.9
2016-12-03,1425.15,1220.9
2016-12-04,1425.15,1220.9
2016-11-28,1433.71,1229.39
2016-11-29,1433.71,1229.39
2016-11-30,1433.71,1229.39
2016-12-01,1433.71,1229.39
2016-12-02,1433.71,1229.39
2016-12-03,1433.71,1229.39
2016-12-04,1433.71,1229.39
2016-12-05,1448.16,1243.51
2016-12-06,1448.16,1243.51
2016-12-07,1448.16,1243.51
2016-12-08,1448.16,1243.51
2016-12-09,1448.16,1243.51
2016-12-10,1448.16,1243.51
2016-12-11,1448.16,1243.51
2016-12-12,1464.08,1258.88
2016-12-13,1464.08,1258.88
2016-12-14,1464.08,1258.88
2016-12-15,1464.08,1258.88
2016-12-16,1464.08,1258.88
2016-12-17,1464.08,1258.88
2016-12-18,1464.08,1258.88
2016-12-19,1475.45,1269.73
2016-12-20,1475.45,1269.73
2016-12-21,1475.45,1269.73
2016-12-22,1475.45,1269.73
2016-12-23,1475.45,1269.73
2016-12-24,1475.45,1269.73
2016-12-25,1475.45,1269.73
2016-12-26,1491.85,1285.15
2016-12-27,1491.85,1285.15
2016-12-28,1491.85,1285.15
2016-12-29,1491.85,1285.15
2016-12-30,1491.85,1285.15
2016-12-31,1491.85,1285.15
2017-01-01,1491.85,1285.15
2017-01-02,1505.53,1298.04
2017-01-03,1505.53,1298.04
2017-01-04,1505.53,1298.04
2017-01-05,1505.53,1298.04
2017-01-06,1505.53,1298.04
2017-01-07,1505.53,1298.04
2017-01-08,1505.53,1298.04
2017-01-09,1511.61,1303.84
2017-01-10,1511.61,1303.84
2017-01-11,1511.61,1303.84
2017-01-12,1511.61,1303.84
2017-01-13,1511.61,1303.84
2017-01-14,1511.61,1303.84
2017-01-15,1511.61,1303.84
2017-01-16,1514.46,1306.32
2017-01-17,1514.46,1306.32
2017-01-18,1514.46,1306.32
2017-01-19,1514.46,1306.32
2017-01-20,1514.46,1306.32
2017-01-21,1514.46,1306.32
2017-01-22,1514.46,1306.32
2017-01-30,1516.5,1307.91
2017-01-31,1516.5,1307.91
2017-02-01,1516.5,1307.91
2017-02-02,1516.5,1307.91
2017-02-03,1516.5,1307.91
2017-02-04,1516.5,1307.91
2017-02-05,1516.5,1307.91
2017-02-06,1517.2,1308.27
2017-02-07,1517.2,1308.27
2017-02-08,1517.2,1308.27
2017-02-09,1517.2,1308.27
2017-02-10,1517.2,1308.27
2017-02-11,1517.2,1308.27
2017-02-12,1517.2,1308.27
2017-02-13,1516.91,1307.8
2017-02-14,1516.91,1307.8
2017-02-15,1516.91,1307.8
2017-02-16,1516.91,1307.8
2017-02-17,1516.91,1307.8
2017-02-18,1516.91,1307.8
2017-02-19,1516.91,1307.8
2017-02-20,1516.47,1307.07
2017-02-21,1516.47,1307.07
2017-02-22,1516.47,1307.07
2017-02-23,1516.47,1307.07
2017-02-24,1516.47,1307.07
2017-02-25,1516.47,1307.07
2017-02-26,1516.47,1307.07
2017-02-27,1515.32,1305.69
2017-02-28,1515.32,1305.69
2017-03-01,1515.32,1305.69
2017-03-02,1515.32,1305.69
2017-03-03,1515.32,1305.69
2017-03-04,1515.32,1305.69
2017-03-05,1515.32,1305.69
2017-03-06,1513.58,1303.96
2017-03-07,1513.58,1303.96
2017-03-08,1513.58,1303.96
2017-03-09,1513.58,1303.96
2017-03-10,1513.58,1303.96
2017-03-11,1513.58,1303.96
2017-03-12,1513.58,1303.96
2017-03-13,1510.33,1300.83
2017-03-14,1510.33,1300.83
2017-03-15,1510.33,1300.83
2017-03-16,1510.33,1300.83
2017-03-17,1510.33,1300.83
2017-03-18,1510.33,1300.83
2017-03-19,1510.33,1300.83
2017-03-20,1504.15,1294.67
2017-03-21,1504.15,1294.67
2017-03-22,1504.15,1294.67
2017-03-23,1504.15,1294.67
2017-03-24,1504.15,1294.67
2017-03-25,1504.15,1294.67
2017-03-26,1504.15,1294.67
2017-03-27,1496.22,1286.77
2017-03-28,1496.22,1286.77
2017-03-29,1496.22,1286.77
2017-03-30,1496.22,1286.77
2017-03-31,1496.22,1286.77
2017-04-01,1496.22,1286.77
2017-04-02,1496.22,1286.77
2017-03-27,1488.95,1279.37
2017-03-28,1488.95,1279.37
2017-03-29,1488.95,1279.37
2017-03-30,1488.95,1279.37
2017-03-31,1488.95,1279.37
2017-04-01,1488.95,1279.37
2017-04-02,1488.95,1279.37
2017-04-03,1486.54,1276.75
2017-04-04,1486.54,1276.75
2017-04-05,1486.54,1276.75
2017-04-06,1486.54,1276.75
2017-04-07,1486.54,1276.75
2017-04-08,1486.54,1276.75
2017-04-09,1486.54,1276.75
2017-04-10,1487.41,1277.64
2017-04-11,1487.41,1277.64
2017-04-12,1487.41,1277.64
2017-04-13,1487.41,1277.64
2017-04-14,1487.41,1277.64
2017-04-15,1487.41,1277.64
2017-04-16,1487.41,1277.64
2017-04-17,1487.53,1277.89
2017-04-18,1487.53,1277.89
2017-04-19,1487.53,1277.89
2017-04-20,1487.53,1277.89
2017-04-21,1487.53,1277.89
2017-04-22,1487.53,1277.89
2017-04-23,1487.53,1277.89
2017-05-01,1486.18,1276.43
2017-05-02,1486.18,1276.43
2017-05-03,1486.18,1276.43
2017-05-04,1486.18,1276.43
2017-05-05,1486.18,1276.43
2017-05-06,1486.18,1276.43
2017-05-07,1486.18,1276.43
2017-05-08,1484.39,1274.67
2017-05-09,1484.39,1274.67
2017-05-10,1484.39,1274.67
2017-05-11,1484.39,1274.67
2017-05-12,1484.39,1274.67
2017-05-13,1484.39,1274.67
2017-05-14,1484.39,1274.67
2017-05-15,1480.79,1270.97
2017-05-16,1480.79,1270.97
2017-05-17,1480.79,1270.97
2017-05-18,1480.79,1270.97
2017-05-19,1480.79,1270.97
2017-05-20,1480.79,1270.97
2017-05-21,1480.79,1270.97
2017-05-22,1478.32,1268.47
2017-05-23,1478.32,1268.47
2017-05-24,1478.32,1268.47
2017-05-25,1478.32,1268.47
2017-05-26,1478.32,1268.47
2017-05-27,1478.32,1268.47
2017-05-28,1478.32,1268.47
2017-05-29,1476.36,1266.52
2017-05-30,1476.36,1266.52
2017-05-31,1476.36,1266.52
2017-06-01,1476.36,1266.52
2017-06-02,1476.36,1266.52
2017-06-03,1476.36,1266.52
2017-06-04,1476.36,1266.52
2017-05-29,1472.56,1262.47
2017-05-30,1472.56,1262.47
2017-05-31,1472.56,1262.47
2017-06-01,1472.56,1262.47
2017-06-02,1472.56,1262.47
2017-06-03,1472.56,1262.47
2017-06-04,1472.56,1262.47
2017-06-05,1466.01,1255.52
2017-06-06,1466.01,1255.52
2017-06-07,1466.01,1255.52
2017-06-08,1466.01,1255.52
2017-06-09,1466.01,1255.52
2017-06-10,1466.01,1255.52
2017-06-11,1466.01,1255.52
2017-06-12,1456.91,1246.6
2017-06-13,1456.91,1246.6
2017-06-14,1456.91,1246.6
2017-06-15,1456.91,1246.6
2017-06-16,1456.91,1246.6
2017-06-17,1456.91,1246.6
2017-06-18,1456.91,1246.6
2017-06-19,1447.63,1237.94
2017-06-20,1447.63,1237.94
2017-06-21,1447.63,1237.94
2017-06-22,1447.63,1237.94
2017-06-23,1447.63,1237.94
2017-06-24,1447.63,1237.94
2017-06-25,1447.63,1237.94
2017-06-26,1440.45,1231.06
2017-06-27,1440.45,1231.06
2017-06-28,1440.45,1231.06
2017-06-29,1440.45,1231.06
2017-06-30,1440.45,1231.06
2017-07-01,1440.45,1231.06
2017-07-02,1440.45,1231.06
2017-07-03,1438.39,1229.22
2017-07-04,1438.39,1229.22
2017-07-05,1438.39,1229.22
2017-07-06,1438.39,1229.22
2017-07-07,1438.39,1229.22
2017-07-08,1438.39,1229.22
2017-07-09,1438.39,1229.22
2017-07-10,1437.88,1229.2
2017-07-11,1437.88,1229.2
2017-07-12,1437.88,1229.2
2017-07-13,1437.88,1229.2
2017-07-14,1437.88,1229.2
2017-07-15,1437.88,1229.2
2017-07-16,1437.88,1229.2
2017-07-17,1437.75,1229.42
2017-07-18,1437.75,1229.42
2017-07-19,1437.75,1229.42
2017-07-20,1437.75,1229.42
2017-07-21,1437.75,1229.42
2017-07-22,1437.75,1229.42
2017-07-23,1437.75,1229.42
2017-07-31,1439.38,1231.56
2017-08-01,1439.38,1231.56
2017-08-02,1439.38,1231.56
2017-08-03,1439.38,1231.56
2017-08-04,1439.38,1231.56
2017-08-05,1439.38,1231.56
2017-08-06,1439.38,1231.56
2017-08-07,1444.62,1237.55
2017-08-08,1444.62,1237.55
2017-08-09,1444.62,1237.55
2017-08-10,1444.62,1237.55
2017-08-11,1444.62,1237.55
2017-08-12,1444.62,1237.55
2017-08-13,1444.62,1237.55
2017-08-14,1452.21,1245.37
2017-08-15,1452.21,1245.37
2017-08-16,1452.21,1245.37
2017-08-17,1452.21,1245.37
2017-08-18,1452.21,1245.37
2017-08-19,1452.21,1245.37
2017-08-20,1452.21,1245.37
2017-08-21,1457.21,1250.56
2017-08-22,1457.21,1250.56
2017-08-23,1457.21,1250.56
2017-08-24,1457.21,1250.56
2017-08-25,1457.21,1250.56
2017-08-26,1457.21,1250.56
2017-08-27,1457.21,1250.56
2017-08-28,1461.45,1254.51
2017-08-29,1461.45,1254.51
2017-08-30,1461.45,1254.51
2017-08-31,1461.45,1254.51
2017-09-01,1461.45,1254.51
2017-09-02,1461.45,1254.51
2017-09-03,1461.45,1254.51
2017-08-28,1466.27,1258.32
2017-08-29,1466.27,1258.32
2017-08-30,1466.27,1258.32
2017-08-31,1466.27,1258.32
2017-09-01,1466.27,1258.32
2017-09-02,1466.27,1258.32
2017-09-03,1466.27,1258.32
2017-09-04,1475.09,1266.31
2017-09-05,1475.09,1266.31
2017-09-06,1475.09,1266.31
2017-09-07,1475.09,1266.31
2017-09-08,1475.09,1266.31
2017-09-09,1475.09,1266.31
2017-09-10,1475.09,1266.31
2017-09-11,1484.97,1275.97
2017-09-12,1484.97,1275.97
2017-09-13,1484.97,1275.97
2017-09-14,1484.97,1275.97
2017-09-15,1484.97,1275.97
2017-09-16,1484.97,1275.97
2017-09-17,1484.97,1275.97
2017-09-18,1491.66,1282.56
2017-09-19,1491.66,1282.56
2017-09-20,1491.66,1282.56
2017-09-21,1491.66,1282.56
2017-09-22,1491.66,1282.56
2017-09-23,1491.66,1282.56
2017-09-24,1491.66,1282.56
2017-09-25,1500.45,1291.26
2017-09-26,1500.45,1291.26
2017-09-27,1500.45,1291.26
2017-09-28,1500.45,1291.26
2017-09-29,1500.45,1291.26
2017-09-30,1500.45,1291.26
2017-10-01,1500.45,1291.26
2017-10-02,1503.09,1293.96
2017-10-03,1503.09,1293.96
2017-10-04,1503.09,1293.96
2017-10-05,1503.09,1293.96
2017-10-06,1503.09,1293.96
2017-10-07,1503.09,1293.96
2017-10-08,1503.09,1293.96
2017-10-09,1505.33,1296.43
2017-10-10,1505.33,1296.43
2017-10-11,1505.33,1296.43
2017-10-12,1505.33,1296.43
2017-10-13,1505.33,1296.43
2017-10-14,1505.33,1296.43
2017-10-15,1505.33,1296.43
2017-10-16,1506.6,1297.98
2017-10-17,1506.6,1297.98
2017-10-18,1506.6,1297.98
2017-10-19,1506.6,1297.98
2017-10-20,1506.6,1297.98
2017-10-21,1506.6,1297.98
2017-10-22,1506.6,1297.98
2017-10-30,1508.0,1299.68
2017-10-31,1508.0,1299.68
2017-11-01,1508.0,1299.68
2017-11-02,1508.0,1299.68
2017-11-03,1508.0,1299.68
2017-11-04,1508.0,1299.68
2017-11-05,1508.0,1299.68
2017-11-06,1512.07,1304.14
2017-11-07,1512.07,1304.14
2017-11-08,1512.07,1304.14
2017-11-09,1512.07,1304.14
2017-11-10,1512.07,1304.14
2017-11-11,1512.07,1304.14
2017-11-12,1512.07,1304.14
2017-11-13,1520.32,1312.18
2017-11-14,1520.32,1312.18
2017-11-15,1520.32,1312.18
2017-11-16,1520.32,1312.18
2017-11-17,1520.32,1312.18
2017-11-18,1520.32,1312.18
2017-11-19,1520.32,1312.18
2017-11-20,1526.79,1318.58
2017-11-21,1526.79,1318.58
2017-11-22,1526.79,1318.58
2017-11-23,1526.79,1318.58
2017-11-24,1526.79,1318.58
2017-11-25,1526.79,1318.58
2017-11-26,1526.79,1318.58
2017-11-27,1532.15,1324.12
2017-11-28,1532.15,1324.12
2017-11-29,1532.15,1324.12
2017-11-30,1532.15,1324.12
2017-12-01,1532.15,1324.12
2017-12-02,1532.15,1324.12
2017-12-03,1532.15,1324.12
2017-11-27,1536.93,1328.97
2017-11-28,1536.93,1328.97
2017-11-29,1536.93,1328.97
2017-11-30,1536.93,1328.97
2017-12-01,1536.93,1328.97
2017-12-02,1536.93,1328.97
2017-12-03,1536.93,1328.97
2017-12-04,1539.23,1331.25
2017-12-05,1539.23,1331.25
2017-12-06,1539.23,1331.25
2017-12-07,1539.23,1331.25
2017-12-08,1539.23,1331.25
2017-12-09,1539.23,1331.25
2017-12-10,1539.23,1331.25
2017-12-11,1541.45,1333.62
2017-12-12,1541.45,1333.62
2017-12-13,1541.45,1333.62
2017-12-14,1541.45,1333.62
2017-12-15,1541.45,1333.62
2017-12-16,1541.45,1333.62
2017-12-17,1541.45,1333.62
2017-12-18,1543.08,1335.19
2017-12-19,1543.08,1335.19
2017-12-20,1543.08,1335.19
2017-12-21,1543.08,1335.19
2017-12-22,1543.08,1335.19
2017-12-23,1543.08,1335.19
2017-12-24,1543.08,1335.19
2018-01-01,1544.9,1336.95
2018-01-02,1544.9,1336.95
2018-01-03,1544.9,1336.95
2018-01-04,1544.9,1336.95
2018-01-05,1544.9,1336.95
2018-01-06,1544.9,1336.95
2018-01-07,1544.9,1336.95
2018-01-08,1547.85,1340.31
2018-01-09,1547.85,1340.31
2018-01-10,1547.85,1340.31
2018-01-11,1547.85,1340.31
2018-01-12,1547.85,1340.31
2018-01-13,1547.85,1340.31
2018-01-14,1547.85,1340.31
2018-01-15,1551.47,1344.38
2018-01-16,1551.47,1344.38
2018-01-17,1551.47,1344.38
2018-01-18,1551.47,1344.38
2018-01-19,1551.47,1344.38
2018-01-20,1551.47,1344.38
2018-01-21,1551.47,1344.38
2018-01-22,1555.3,1349.01
2018-01-23,1555.3,1349.01
2018-01-24,1555.3,1349.01
2018-01-25,1555.3,1349.01
2018-01-26,1555.3,1349.01
2018-01-27,1555.3,1349.01
2018-01-28,1555.3,1349.01
2018-01-29,1559.71,1354.6
2018-01-30,1559.71,1354.6
2018-01-31,1559.71,1354.6
2018-02-01,1559.71,1354.6
2018-02-02,1559.71,1354.6
2018-02-03,1559.71,1354.6
2018-02-04,1559.71,1354.6
2018-01-29,1563.81,1359.46
2018-01-30,1563.81,1359.46
2018-01-31,1563.81,1359.46
2018-02-01,1563.81,1359.46
2018-02-02,1563.81,1359.46
2018-02-03,1563.81,1359.46
2018-02-04,1563.81,1359.46
2018-02-05,1565.6,1361.41
2018-02-06,1565.6,1361.41
2018-02-07,1565.6,1361.41
2018-02-08,1565.6,1361.41
2018-02-09,1565.6,1361.41
2018-02-10,1565.6,1361.41
2018-02-11,1565.6,1361.41
2018-02-12,1565.38,1361.38
2018-02-13,1565.38,1361.38
2018-02-14,1565.38,1361.38
2018-02-15,1565.38,1361.38
2018-02-16,1565.38,1361.38
2018-02-17,1565.38,1361.38
2018-02-18,1565.38,1361.38
2018-02-19,1564.01,1360.23
2018-02-20,1564.01,1360.23
2018-02-21,1564.01,1360.23
2018-02-22,1564.01,1360.23
2018-02-23,1564.01,1360.23
2018-02-24,1564.01,1360.23
2018-02-25,1564.01,1360.23
2018-02-26,1562.57,1358.93
2018-02-27,1562.57,1358.93
2018-02-28,1562.57,1358.93
2018-03-01,1562.57,1358.93
2018-03-02,1562.57,1358.93
2018-03-03,1562.57,1358.93
2018-03-04,1562.57,1358.93
2018-03-05,1559.86,1356.5
2018-03-06,1559.86,1356.5
2018-03-07,1559.86,1356.5
2018-03-08,1559.86,1356.5
2018-03-09,1559.86,1356.5
2018-03-10,1559.86,1356.5
2018-03-11,1559.86,1356.5
2018-03-12,1555.57,1352.37
2018-03-13,1555.57,1352.37
2018-03-14,1555.57,1352.37
2018-03-15,1555.57,1352.37
2018-03-16,1555.57,1352.37
2018-03-17,1555.57,1352.37
2018-03-18,1555.57,1352.37
2018-03-19,1552.87,1349.98
2018-03-20,1552.87,1349.98
2018-03-21,1552.87,1349.98
2018-03-22,1552.87,1349.98
2018-03-23,1552.87,1349.98
2018-03-24,1552.87,1349.98
2018-03-25,1552.87,1349.98
2018-03-26,1551.24,1348.53
2018-03-27,1551.24,1348.53
2018-03-28,1551.24,1348.53
2018-03-29,1551.24,1348.53
2018-03-30,1551.24,1348.53
2018-03-31,1551.24,1348.53
2018-04-01,1551.24,1348.53
2018-04-02,1550.05,1347.54
2018-04-03,1550.05,1347.54
2018-04-04,1550.05,1347.54
2018-04-05,1550.05,1347.54
2018-04-06,1550.05,1347.54
2018-04-07,1550.05,1347.54
2018-04-08,1550.05,1347.54
2018-04-09,1549.98,1347.7
2018-04-10,1549.98,1347.7
2018-04-11,1549.98,1347.7
2018-04-12,1549.98,1347.7
2018-04-13,1549.98,1347.7
2018-04-14,1549.98,1347.7
2018-04-15,1549.98,1347.7
2018-04-16,1552.27,1350.33
2018-04-17,1552.27,1350.33
2018-04-18,1552.27,1350.33
2018-04-19,1552.27,1350.33
2018-04-20,1552.27,1350.33
2018-04-21,1552.27,1350.33
2018-04-22,1552.27,1350.33
2018-04-30,1557.26,1355.76
2018-05-01,1557.26,1355.76
2018-05-02,1557.26,1355.76
2018-05-03,1557.26,1355.76
2018-05-04,1557.26,1355.76
2018-05-05,1557.26,1355.76
2018-05-06,1557.26,1355.76
2018-05-07,1564.21,1363.22
2018-05-08,1564.21,1363.22
2018-05-09,1564.21,1363.22
2018-05-10,1564.21,1363.22
2018-05-11,1564.21,1363.22
2018-05-12,1564.21,1363.22
2018-05-13,1564.21,1363.22
2018-05-14,1577.15,1377.29
2018-05-15,1577.15,1377.29
2018-05-16,1577.15,1377.29
2018-05-17,1577.15,1377.29
2018-05-18,1577.15,1377.29
2018-05-19,1577.15,1377.29
2018-05-20,1577.15,1377.29
2018-05-21,1590.13,1390.87
2018-05-22,1590.13,1390.87
2018-05-23,1590.13,1390.87
2018-05-24,1590.13,1390.87
2018-05-25,1590.13,1390.87
2018-05-26,1590.13,1390.87
2018-05-27,1590.13,1390.87
2018-05-28,1605.02,1405.76
2018-05-29,1605.02,1405.76
2018-05-30,1605.02,1405.76
2018-05-31,1605.02,1405.76
2018-06-01,1605.02,1405.76
2018-06-02,1605.02,1405.76
2018-06-03,1605.02,1405.76
2018-05-28,1609.71,1410.45
2018-05-29,1609.71,1410.45
2018-05-30,1609.71,1410.45
2018-05-31,1609.71,1410.45
2018-06-01,1609.71,1410.45
2018-06-02,1609.71,1410.45
2018-06-03,1609.71,1410.45
2018-06-04,1610.12,1410.99
2018-06-05,1610.12,1410.99
2018-06-06,1610.12,1410.99
2018-06-07,1610.12,1410.99
2018-06-08,1610.12,1410.99
2018-06-09,1610.12,1410.99
2018-06-10,1610.12,1410.99
2018-06-11,1609.1,1410.12
2018-06-12,1609.1,1410.12
2018-06-13,1609.1,1410.12
2018-06-14,1609.1,1410.12
2018-06-15,1609.1,1410.12
2018-06-16,1609.1,1410.12
2018-06-17,1609.1,1410.12
2018-06-18,1607.8,1408.84
2018-06-19,1607.8,1408.84
2018-06-20,1607.8,1408.84
2018-06-21,1607.8,1408.84
2018-06-22,1607.8,1408.84
2018-06-23,1607.8,1408.84
2018-06-24,1607.8,1408.84
2018-06-25,1608.17,1409.05
2018-06-26,1608.17,1409.05
2018-06-27,1608.17,1409.05
2018-06-28,1608.17,1409.05
2018-06-29,1608.17,1409.05
2018-06-30,1608.17,1409.05
2018-07-01,1608.17,1409.05
2018-07-02,1609.88,1410.75
2018-07-03,1609.88,1410.75
2018-07-04,1609.88,1410.75
2018-07-05,1609.88,1410.75
2018-07-06,1609.88,1410.75
2018-07-07,1609.88,1410.75
2018-07-08,1609.88,1410.75
2018-07-09,1611.55,1412.57
2018-07-10,1611.55,1412.57
2018-07-11,1611.55,1412.57
2018-07-12,1611.55,1412.57
2018-07-13,1611.55,1412.57
2018-07-14,1611.55,1412.57
2018-07-15,1611.55,1412.57
2018-07-16,1612.21,1413.22
2018-07-17,1612.21,1413.22
2018-07-18,1612.21,1413.22
2018-07-19,1612.21,1413.22
2018-07-20,1612.21,1413.22
2018-07-21,1612.21,1413.22
2018-07-22,1612.21,1413.22
2018-07-30,1613.95,1414.86
2018-07-31,1613.95,1414.86
2018-08-01,1613.95,1414.86
2018-08-02,1613.95,1414.86
2018-08-03,1613.95,1414.86
2018-08-04,1613.95,1414.86
2018-08-05,1613.95,1414.86
2018-08-06,1616.49,1417.33
2018-08-07,1616.49,1417.33
2018-08-08,1616.49,1417.33
2018-08-09,1616.49,1417.33
2018-08-10,1616.49,1417.33
2018-08-11,1616.49,1417.33
2018-08-12,1616.49,1417.33
2018-08-13,1618.38,1419.2
2018-08-14,1618.38,1419.2
2018-08-15,1618.38,1419.2
2018-08-16,1618.38,1419.2
2018-08-17,1618.38,1419.2
2018-08-18,1618.38,1419.2
2018-08-19,1618.38,1419.2
2018-08-20,1619.44,1420.23
2018-08-21,1619.44,1420.23
2018-08-22,1619.44,1420.23
2018-08-23,1619.44,1420.23
2018-08-24,1619.44,1420.23
2018-08-25,1619.44,1420.23
2018-08-26,1619.44,1420.23
2018-08-27,1620.31,1421.13
2018-08-28,1620.31,1421.13
2018-08-29,1620.31,1421.13
2018-08-30,1620.31,1421.13
2018-08-31,1620.31,1421.13
2018-09-01,1620.31,1421.13
2018-09-02,1620.31,1421.13
2018-08-27,1623.4,1424.47
2018-08-28,1623.4,1424.47
2018-08-29,1623.4,1424.47
2018-08-30,1623.4,1424.47
2018-08-31,1623.4,1424.47
2018-09-01,1623.4,1424.47
2018-09-02,1623.4,1424.47
2018-09-03,1630.28,1431.59
2018-09-04,1630.28,1431.59
2018-09-05,1630.28,1431.59
2018-09-06,1630.28,1431.59
2018-09-07,1630.28,1431.59
2018-09-08,1630.28,1431.59
2018-09-09,1630.28,1431.59
2018-09-10,1640.9,1442.46
2018-09-11,1640.9,1442.46
2018-09-12,1640.9,1442.46
2018-09-13,1640.9,1442.46
2018-09-14,1640.9,1442.46
2018-09-15,1640.9,1442.46
2018-09-16,1640.9,1442.46
2018-09-17,1650.15,1451.46
2018-09-18,1650.15,1451.46
2018-09-19,1650.15,1451.46
2018-09-20,1650.15,1451.46
2018-09-21,1650.15,1451.46
2018-09-22,1650.15,1451.46
2018-09-23,1650.15,1451.46
2018-10-01,1659.55,1461.45
2018-10-02,1659.55,1461.45
2018-10-03,1659.55,1461.45
2018-10-04,1659.55,1461.45
2018-10-05,1659.55,1461.45
2018-10-06,1659.55,1461.45
2018-10-07,1659.55,1461.45
2018-10-08,1674.93,1477.93
2018-10-09,1674.93,1477.93
2018-10-10,1674.93,1477.93
2018-10-11,1674.93,1477.93
2018-10-12,1674.93,1477.93
2018-10-13,1674.93,1477.93
2018-10-14,1674.93,1477.93
2018-10-15,1686.25,1490.43
2018-10-16,1686.25,1490.43
2018-10-17,1686.25,1490.43
2018-10-18,1686.25,1490.43
2018-10-19,1686.25,1490.43
2018-10-20,1686.25,1490.43
2018-10-21,1686.25,1490.43
2018-10-22,1689.7,1494.58
2018-10-23,1689.7,1494.58
2018-10-24,1689.7,1494.58
2018-10-25,1689.7,1494.58
2018-10-26,1689.7,1494.58
2018-10-27,1689.7,1494.58
2018-10-28,1689.7,1494.58
2018-10-29,1690.04,1495.27
2018-10-30,1690.04,1495.27
2018-10-31,1690.04,1495.27
2018-11-01,1690.04,1495.27
2018-11-02,1690.04,1495.27
2018-11-03,1690.04,1495.27
2018-11-04,1690.04,1495.27
2018-10-29,1660.37,1475.39
2018-10-30,1660.37,1475.39
2018-10-31,1660.37,1475.39
2018-11-01,1660.37,1475.39
2018-11-02,1660.37,1475.39
2018-11-03,1660.37,1475.39
2018-11-04,1660.37,1475.39
2018-11-05,1575.15,1419.19
2018-11-06,1575.15,1419.19
2018-11-07,1575.15,1419.19
2018-11-08,1575.15,1419.19
2018-11-09,1575.15,1419.19
2018-11-10,1575.15,1419.19
2018-11-11,1575.15,1419.19
2018-11-12,1546.54,1402.49
2018-11-13,1546.54,1402.49
2018-11-14,1546.54,1402.49
2018-11-15,1546.54,1402.49
2018-11-16,1546.54,1402.49
2018-11-17,1546.54,1402.49
2018-11-18,1546.54,1402.49
2018-11-19,1516.32,1385.08
2018-11-20,1516.32,1385.08
2018-11-21,1516.32,1385.08
2018-11-22,1516.32,1385.08
2018-11-23,1516.32,1385.08
2018-11-24,1516.32,1385.08
2018-11-25,1516.32,1385.08
2018-11-26,1480.95,1362.07
2018-11-27,1480.95,1362.07
2018-11-28,1480.95,1362.07
2018-11-29,1480.95,1362.07
2018-11-30,1480.95,1362.07
2018-12-01,1480.95,1362.07
2018-12-02,1480.95,1362.07
2018-12-03,1451.73,1341.09
2018-12-04,1451.73,1341.09
2018-12-05,1451.73,1341.09
2018-12-06,1451.73,1341.09
2018-12-07,1451.73,1341.09
2018-12-08,1451.73,1341.09
2018-12-09,1451.73,1341.09
2018-12-10,1426.48,1320.37
2018-12-11,1426.48,1320.37
2018-12-12,1426.48,1320.37
2018-12-13,1426.48,1320.37
2018-12-14,1426.48,1320.37
2018-12-15,1426.48,1320.37
2018-12-16,1426.48,1320.37
2018-12-17,1397.39,1293.96
2018-12-18,1397.39,1293.96
2018-12-19,1397.39,1293.96
2018-12-20,1397.39,1293.96
2018-12-21,1397.39,1293.96
2018-12-22,1397.39,1293.96
2018-12-23,1397.39,1293.96
2018-12-31,1375.16,1272.58
2019-01-01,1375.16,1272.58
2019-01-02,1375.16,1272.58
2019-01-03,1375.16,1272.58
2019-01-04,1375.16,1272.58
2019-01-05,1375.16,1272.58
2019-01-06,1375.16,1272.58
2019-01-07,1355.02,1253.11
2019-01-08,1355.02,1253.11
2019-01-09,1355.02,1253.11
2019-01-10,1355.02,1253.11
2019-01-11,1355.02,1253.11
2019-01-12,1355.02,1253.11
2019-01-13,1355.02,1253.11
2019-01-14,1347.97,1246.2
2019-01-15,1347.97,1246.2
2019-01-16,1347.97,1246.2
2019-01-17,1347.97,1246.2
2019-01-18,1347.97,1246.2
2019-01-19,1347.97,1246.2
2019-01-20,1347.97,1246.2
2019-01-21,1345.52,1243.88
2019-01-22,1345.52,1243.88
2019-01-23,1345.52,1243.88
2019-01-24,1345.52,1243.88
2019-01-25,1345.52,1243.88
2019-01-26,1345.52,1243.88
2019-01-27,1345.52,1243.88
2019-01-28,1344.7,1243.27
2019-01-29,1344.7,1243.27
2019-01-30,1344.7,1243.27
2019-01-31,1344.7,1243.27
2019-02-01,1344.7,1243.27
2019-02-02,1344.7,1243.27
2019-02-03,1344.7,1243.27
2019-01-28,1344.02,1242.61
2019-01-29,1344.02,1242.61
2019-01-30,1344.02,1242.61
2019-01-31,1344.02,1242.61
2019-02-01,1344.02,1242.61
2019-02-02,1344.02,1242.61
2019-02-03,1344.02,1242.61
2019-02-04,1342.71,1241.75
2019-02-05,1342.71,1241.75
2019-02-06,1342.71,1241.75
2019-02-07,1342.71,1241.75
2019-02-08,1342.71,1241.75
2019-02-09,1342.71,1241.75
2019-02-10,1342.71,1241.75
2019-02-11,1342.88,1242.23
2019-02-12,1342.88,1242.23
2019-02-13,1342.88,1242.23
2019-02-14,1342.88,1242.23
2019-02-15,1342.88,1242.23
2019-02-16,1342.88,1242.23
2019-02-17,1342.88,1242.23
2019-02-18,1345.92,1245.58
2019-02-19,1345.92,1245.58
2019-02-20,1345.92,1245.58
2019-02-21,1345.92,1245.58
2019-02-22,1345.92,1245.58
2019-02-23,1345.92,1245.58
2019-02-24,1345.92,1245.58
2019-02-25,1350.31,1250.34
2019-02-26,1350.31,1250.34
2019-02-27,1350.31,1250.34
2019-02-28,1350.31,1250.34
2019-03-01,1350.31,1250.34
2019-03-02,1350.31,1250.34
2019-03-03,1350.31,1250.34
2019-03-04,1359.32,1259.6
2019-03-05,1359.32,1259.6
2019-03-06,1359.32,1259.6
2019-03-07,1359.32,1259.6
2019-03-08,1359.32,1259.6
2019-03-09,1359.32,1259.6
2019-03-10,1359.32,1259.6
2019-03-11,1375.51,1275.18
2019-03-12,1375.51,1275.18
2019-03-13,1375.51,1275.18
2019-03-14,1375.51,1275.18
2019-03-15,1375.51,1275.18
2019-03-16,1375.51,1275.18
2019-03-17,1375.51,1275.18
2019-03-18,1388.16,1287.06
2019-03-19,1388.16,1287.06
2019-03-20,1388.16,1287.06
2019-03-21,1388.16,1287.06
2019-03-22,1388.16,1287.06
2019-03-23,1388.16,1287.06
2019-03-24,1388.16,1287.06
2019-04-01,1397.99,1295.78
2019-04-02,1397.99,1295.78
2019-04-03,1397.99,1295.78
2019-04-04,1397.99,1295.78
2019-04-05,1397.99,1295.78
2019-04-06,1397.99,1295.78
2019-04-07,1397.99,1295.78
2019-04-08,1408.3,1304.31
2019-04-09,1408.3,1304.31
2019-04-10,1408.3,1304.31
2019-04-11,1408.3,1304.31
2019-04-12,1408.3,1304.31
2019-04-13,1408.3,1304.31
2019-04-14,1408.3,1304.31
2019-04-15,1423.11,1316.17
2019-04-16,1423.11,1316.17
2019-04-17,1423.11,1316.17
2019-04-18,1423.11,1316.17
2019-04-19,1423.11,1316.17
2019-04-20,1423.11,1316.17
2019-04-21,1423.11,1316.17
2019-04-22,1441.02,1328.88
2019-04-23,1441.02,1328.88
2019-04-24,1441.02,1328.88
2019-04-25,1441.02,1328.88
2019-04-26,1441.02,1328.88
2019-04-27,1441.02,1328.88
2019-04-28,1441.02,1328.88
2019-04-29,1459.98,1342.71
2019-04-30,1459.98,1342.71
2019-05-01,1459.98,1342.71
2019-05-02,1459.98,1342.71
2019-05-03,1459.98,1342.71
2019-05-04,1459.98,1342.71
2019-05-05,1459.98,1342.71
2019-05-06,1496.37,1370.39
2019-05-07,1496.37,1370.39
2019-05-08,1496.37,1370.39
2019-05-09,1496.37,1370.39
2019-05-10,1496.37,1370.39
2019-05-11,1496.37,1370.39
2019-05-12,1496.37,1370.39
2019-05-13,1525.52,1392.03
2019-05-14,1525.52,1392.03
2019-05-15,1525.52,1392.03
2019-05-16,1525.52,1392.03
2019-05-17,1525.52,1392.03
2019-05-18,1525.52,1392.03
2019-05-19,1525.52,1392.03
2019-05-20,1532.33,1396.26
2019-05-21,1532.33,1396.26
2019-05-22,1532.33,1396.26
2019-05-23,1532.33,1396.26
2019-05-24,1532.33,1396.26
2019-05-25,1532.33,1396.26
2019-05-26,1532.33,1396.26
2019-05-27,1536.31,1398.64
2019-05-28,1536.31,1398.64
2019-05-29,1536.31,1398.64
2019-05-30,1536.31,1398.64
2019-05-31,1536.31,1398.64
2019-06-01,1536.31,1398.64
2019-06-02,1536.31,1398.64
2019-05-27,1535.07,1396.87
2019-05-28,1535.07,1396.87
2019-05-29,1535.07,1396.87
2019-05-30,1535.07,1396.87
2019-05-31,1535.07,1396.87
2019-06-01,1535.07,1396.87
2019-06-02,1535.07,1396.87
2019-06-03,1527.66,1389.64
2019-06-04,1527.66,1389.64
2019-06-05,1527.66,1389.64
2019-06-06,1527.66,1389.64
2019-06-07,1527.66,1389.64
2019-06-08,1527.66,1389.64
2019-06-09,1527.66,1389.64
2019-06-10,1512.53,1374.92
2019-06-11,1512.53,1374.92
2019-06-12,1512.53,1374.92
2019-06-13,1512.53,1374.92
2019-06-14,1512.53,1374.92
2019-06-15,1512.53,1374.92
2019-06-16,1512.53,1374.92
2019-06-17,1501.18,1363.67
2019-06-18,1501.18,1363.67
2019-06-19,1501.18,1363.67
2019-06-20,1501.18,1363.67
2019-06-21,1501.18,1363.67
2019-06-22,1501.18,1363.67
2019-06-23,1501.18,1363.67
2019-07-01,1495.66,1358.43
2019-07-02,1495.66,1358.43
2019-07-03,1495.66,1358.43
2019-07-04,1495.66,1358.43
2019-07-05,1495.66,1358.43
2019-07-06,1495.66,1358.43
2019-07-07,1495.66,1358.43
2019-07-08,1491.09,1353.23
2019-07-09,1491.09,1353.23
2019-07-10,1491.09,1353.23
2019-07-11,1491.09,1353.23
2019-07-12,1491.09,1353.23
2019-07-13,1491.09,1353.23
2019-07-14,1491.09,1353.23
2019-07-15,1490.35,1351.7
2019-07-16,1490.35,1351.7
2019-07-17,1490.35,1351.7
2019-07-18,1490.35,1351.7
2019-07-19,1490.35,1351.7
2019-07-20,1490.35,1351.7
2019-07-21,1490.35,1351.7
2019-07-22,1490.55,1351.19
2019-07-23,1490.55,1351.19
2019-07-24,1490.55,1351.19
2019-07-25,1490.55,1351.19
2019-07-26,1490.55,1351.19
2019-07-27,1490.55,1351.19
2019-07-28,1490.55,1351.19
2019-07-29,1492.07,1351.62
2019-07-30,1492.07,1351.62
2019-07-31,1492.07,1351.62
2019-08-01,1492.07,1351.62
2019-08-02,1492.07,1351.62
2019-08-03,1492.07,1351.62
2019-08-04,1492.07,1351.62
2019-07-29,1494.02,1352.6
2019-07-30,1494.02,1352.6
2019-07-31,1494.02,1352.6
2019-08-01,1494.02,1352.6
2019-08-02,1494.02,1352.6
2019-08-03,1494.02,1352.6
2019-08-04,1494.02,1352.6
2019-08-05,1493.5,1351.64
2019-08-06,1493.5,1351.64
2019-08-07,1493.5,1351.64
2019-08-08,1493.5,1351.64
2019-08-09,1493.5,1351.64
2019-08-10,1493.5,1351.64
2019-08-11,1493.5,1351.64
2019-08-12,1493.09,1351.13
2019-08-13,1493.09,1351.13
2019-08-14,1493.09,1351.13
2019-08-15,1493.09,1351.13
2019-08-16,1493.09,1351.13
2019-08-17,1493.09,1351.13
2019-08-18,1493.09,1351.13
2019-08-19,1493.96,1351.81
2019-08-20,1493.96,1351.81
2019-08-21,1493.96,1351.81
2019-08-22,1493.96,1351.81
2019-08-23,1493.96,1351.81
2019-08-24,1493.96,1351.81
2019-08-25,1493.96,1351.81
2019-08-26,1516.92,1369.66
2019-08-27,1516.92,1369.66
2019-08-28,1516.92,1369.66
2019-08-29,1516.92,1369.66
2019-08-30,1516.92,1369.66
2019-08-31,1516.92,1369.66
2019-09-01,1516.92,1369.66
2019-09-02,1523.47,1375.03
2019-09-03,1523.47,1375.03
2019-09-04,1523.47,1375.03
2019-09-05,1523.47,1375.03
2019-09-06,1523.47,1375.03
2019-09-07,1523.47,1375.03
2019-09-08,1523.47,1375.03
2019-09-09,1529.09,1379.49
2019-09-10,1529.09,1379.49
2019-09-11,1529.09,1379.49
2019-09-12,1529.09,1379.49
2019-09-13,1529.09,1379.49
2019-09-14,1529.09,1379.49
2019-09-15,1529.09,1379.49
2019-09-16,1538.99,1388.0
2019-09-17,1538.99,1388.0
2019-09-18,1538.99,1388.0
2019-09-19,1538.99,1388.0
2019-09-20,1538.99,1388.0
2019-09-21,1538.99,1388.0
2019-09-22,1538.99,1388.0
2019-09-30,1543.28,1391.49
2019-10-01,1543.28,1391.49
2019-10-02,1543.28,1391.49
2019-10-03,1543.28,1391.49
2019-10-04,1543.28,1391.49
2019-10-05,1543.28,1391.49
2019-10-06,1543.28,1391.49
2019-10-07,1542.7,1390.42
2019-10-08,1542.7,1390.42
2019-10-09,1542.7,1390.42
2019-10-10,1542.7,1390.42
2019-10-11,1542.7,1390.42
2019-10-12,1542.7,1390.42
2019-10-13,1542.7,1390.42
2019-10-14,1541.29,1388.51
2019-10-15,1541.29,1388.51
2019-10-16,1541.29,1388.51
2019-10-17,1541.29,1388.51
2019-10-18,1541.29,1388.51
2019-10-19,1541.29,1388.51
2019-10-20,1541.29,1388.51
2019-10-21,1538.83,1385.72
2019-10-22,1538.83,1385.72
2019-10-23,1538.83,1385.72
2019-10-24,1538.83,1385.72
2019-10-25,1538.83,1385.72
2019-10-26,1538.83,1385.72
2019-10-27,1538.83,1385.72
2019-10-28,1537.03,1383.55
2019-10-29,1537.03,1383.55
2019-10-30,1537.03,1383.55
2019-10-31,1537.03,1383.55
2019-11-01,1537.03,1383.55
2019-11-02,1537.03,1383.55
2019-11-03,1537.03,1383.55
2019-10-28,1535.14,1381.5
2019-10-29,1535.14,1381.5
2019-10-30,1535.14,1381.5
2019-10-31,1535.14,1381.5
2019-11-01,1535.14,1381.5
2019-11-02,1535.14,1381.5
2019-11-03,1535.14,1381.5
2019-11-04,1534.4,1380.29
2019-11-05,1534.4,1380.29
2019-11-06,1534.4,1380.29
2019-11-07,1534.4,1380.29
2019-11-08,1534.4,1380.29
2019-11-09,1534.4,1380.29
2019-11-10,1534.4,1380.29
2019-11-11,1535.41,1379.88
2019-11-12,1535.41,1379.88
2019-11-13,1535.41,1379.88
2019-11-14,1535.41,1379.88
2019-11-15,1535.41,1379.88
2019-11-16,1535.41,1379.88
2019-11-17,1535.41,1379.88
2019-11-18,1537.15,1380.04
2019-11-19,1537.15,1380.04
2019-11-20,1537.15,1380.04
2019-11-21,1537.15,1380.04
2019-11-22,1537.15,1380.04
2019-11-23,1537.15,1380.04
2019-11-24,1537.15,1380.04
2019-11-25,1539.77,1380.84
2019-11-26,1539.77,1380.84
2019-11-27,1539.77,1380.84
2019-11-28,1539.77,1380.84
2019-11-29,1539.77,1380.84
2019-11-30,1539.77,1380.84
2019-12-01,1539.77,1380.84
2019-12-02,1544.14,1382.67
2019-12-03,1544.14,1382.67
2019-12-04,1544.14,1382.67
2019-12-05,1544.14,1382.67
2019-12-06,1544.14,1382.67
2019-12-07,1544.14,1382.67
2019-12-08,1544.14,1382.67
2019-12-09,1549.16,1385.45
2019-12-10,1549.16,1385.45
2019-12-11,1549.16,1385.45
2019-12-12,1549.16,1385.45
2019-12-13,1549.16,1385.45
2019-12-14,1549.16,1385.45
2019-12-15,1549.16,1385.45
2019-12-16,1554.05,1388.66
2019-12-17,1554.05,1388.66
2019-12-18,1554.05,1388.66
2019-12-19,1554.05,1388.66
2019-12-20,1554.05,1388.66
2019-12-21,1554.05,1388.66
2019-12-22,1554.05,1388.66
2019-12-30,1558.67,1391.73
2019-12-31,1558.67,1391.73
2020-01-01,1558.67,1391.73
2020-01-02,1558.67,1391.73
2020-01-03,1558.67,1391.73
2020-01-04,1558.67,1391.73
2020-01-05,1558.67,1391.73
2020-01-06,1565.09,1396.34
2020-01-07,1565.09,1396.34
2020-01-08,1565.09,1396.34
2020-01-09,1565.09,1396.34
2020-01-10,1565.09,1396.34
2020-01-11,1565.09,1396.34
2020-01-12,1565.09,1396.34
2020-01-13,1571.14,1400.86
2020-01-14,1571.14,1400.86
2020-01-15,1571.14,1400.86
2020-01-16,1571.14,1400.86
2020-01-17,1571.14,1400.86
2020-01-18,1571.14,1400.86
2020-01-19,1571.14,1400.86
2020-01-20,1571.15,1400.36
2020-01-21,1571.15,1400.36
2020-01-22,1571.15,1400.36
2020-01-23,1571.15,1400.36
2020-01-24,1571.15,1400.36
2020-01-25,1571.15,1400.36
2020-01-26,1571.15,1400.36
2020-01-27,1570.02,1398.6
2020-01-28,1570.02,1398.6
2020-01-29,1570.02,1398.6
2020-01-30,1570.02,1398.6
2020-01-31,1570.02,1398.6
2020-02-01,1570.02,1398.6
2020-02-02,1570.02,1398.6
2020-01-27,1563.28,1391.24
2020-01-28,1563.28,1391.24
2020-01-29,1563.28,1391.24
2020-01-30,1563.28,1391.24
2020-01-31,1563.28,1391.24
2020-02-01,1563.28,1391.24
2020-02-02,1563.28,1391.24
2020-02-03,1552.57,1379.01
2020-02-04,1552.57,1379.01
2020-02-05,1552.57,1379.01
2020-02-06,1552.57,1379.01
2020-02-07,1552.57,1379.01
2020-02-08,1552.57,1379.01
2020-02-09,1552.57,1379.01
2020-02-10,1538.49,1362.0
2020-02-11,1538.49,1362.0
2020-02-12,1538.49,1362.0
2020-02-13,1538.49,1362.0
2020-02-14,1538.49,1362.0
2020-02-15,1538.49,1362.0
2020-02-16,1538.49,1362.0
2020-02-17,1530.49,1351.68
2020-02-18,1530.49,1351.68
2020-02-19,1530.49,1351.68
2020-02-20,1530.49,1351.68
2020-02-21,1530.49,1351.68
2020-02-22,1530.49,1351.68
2020-02-23,1530.49,1351.68
2020-02-24,1519.49,1337.97
2020-02-25,1519.49,1337.97
2020-02-26,1519.49,1337.97
2020-02-27,1519.49,1337.97
2020-02-28,1519.49,1337.97
2020-02-29,1519.49,1337.97
2020-03-01,1519.49,1337.97
2020-03-02,1503.81,1319.08
2020-03-03,1503.81,1319.08
2020-03-04,1503.81,1319.08
2020-03-05,1503.81,1319.08
2020-03-06,1503.81,1319.08
2020-03-07,1503.81,1319.08
2020-03-08,1503.81,1319.08
2020-03-09,1472.25,1282.7
2020-03-10,1472.25,1282.7
2020-03-11,1472.25,1282.7
2020-03-12,1472.25,1282.7
2020-03-13,1472.25,1282.7
2020-03-14,1472.25,1282.7
2020-03-15,1472.25,1282.7
2020-03-16,1430.46,1237.4
2020-03-17,1430.46,1237.4
2020-03-18,1430.46,1237.4
2020-03-19,1430.46,1237.4
2020-03-20,1430.46,1237.4
2020-03-21,1430.46,1237.4
2020-03-22,1430.46,1237.4
2020-03-30,1391.59,1197.8
2020-03-31,1391.59,1197.8
2020-04-01,1391.59,1197.8
2020-04-02,1391.59,1197.8
2020-04-03,1391.59,1197.8
2020-04-04,1391.59,1197.8
2020-04-05,1391.59,1197.8
2020-04-06,1357.3,1164.18
2020-04-07,1357.3,1164.18
2020-04-08,1357.3,1164.18
2020-04-09,1357.3,1164.18
2020-04-10,1357.3,1164.18
2020-04-11,1357.3,1164.18
2020-04-12,1357.3,1164.18
2020-04-13,1330.75,1138.87
2020-04-14,1330.75,1138.87
2020-04-15,1330.75,1138.87
2020-04-16,1330.75,1138.87
2020-04-17,1330.75,1138.87
2020-04-18,1330.75,1138.87
2020-04-19,1330.75,1138.87
2020-04-20,1301.78,1111.95
2020-04-21,1301.78,1111.95
2020-04-22,1301.78,1111.95
2020-04-23,1301.78,1111.95
2020-04-24,1301.78,1111.95
2020-04-25,1301.78,1111.95
2020-04-26,1301.78,1111.95
2020-04-27,1274.52,1085.68
2020-04-28,1274.52,1085.68
2020-04-29,1274.52,1085.68
2020-04-30,1274.52,1085.68
2020-05-01,1274.52,1085.68
2020-05-02,1274.52,1085.68
2020-05-03,1274.52,1085.68
2020-04-27,1257.73,1068.86
2020-04-28,1257.73,1068.86
2020-04-29,1257.73,1068.86
2020-04-30,1257.73,1068.86
2020-05-01,1257.73,1068.86
2020-05-02,1257.73,1068.86
2020-05-03,1257.73,1068.86
2020-05-04,1249.29,1060.51
2020-05-05,1249.29,1060.51
2020-05-06,1249.29,1060.51
2020-05-07,1249.29,1060.51
2020-05-08,1249.29,1060.51
2020-05-09,1249.29,1060.51
2020-05-10,1249.29,1060.51
2020-05-11,1248.85,1059.98
2020-05-12,1248.85,1059.98
2020-05-13,1248.85,1059.98
2020-05-14,1248.85,1059.98
2020-05-15,1248.85,1059.98
2020-05-16,1248.85,1059.98
2020-05-17,1248.85,1059.98
2020-05-18,1258.63,1068.56
2020-05-19,1258.63,1068.56
2020-05-20,1258.63,1068.56
2020-05-21,1258.63,1068.56
2020-05-22,1258.63,1068.56
2020-05-23,1258.63,1068.56
2020-05-24,1258.63,1068.56
2020-06-01,1276.11,1084.2
2020-06-02,1276.11,1084.2
2020-06-03,1276.11,1084.2
2020-06-04,1276.11,1084.2
2020-06-05,1276.11,1084.2
2020-06-06,1276.11,1084.2
2020-06-07,1276.11,1084.2
2020-06-08,1305.59,1111.66
2020-06-09,1305.59,1111.66
2020-06-10,1305.59,1111.66
2020-06-11,1305.59,1111.66
2020-06-12,1305.59,1111.66
2020-06-13,1305.59,1111.66
2020-06-14,1305.59,1111.66
2020-06-15,1329.93,1134.34
2020-06-16,1329.93,1134.34
2020-06-17,1329.93,1134.34
2020-06-18,1329.93,1134.34
2020-06-19,1329.93,1134.34
2020-06-20,1329.93,1134.34
2020-06-21,1329.93,1134.34
2020-06-22,1346.27,1149.77
2020-06-23,1346.27,1149.77
2020-06-24,1346.27,1149.77
2020-06-25,1346.27,1149.77
2020-06-26,1346.27,1149.77
2020-06-27,1346.27,1149.77
2020-06-28,1346.27,1149.77
2020-06-29,1355.37,1158.44
2020-06-30,1355.37,1158.44
2020-07-01,1355.37,1158.44
2020-07-02,1355.37,1158.44
2020-07-03,1355.37,1158.44
2020-07-04,1355.37,1158.44
2020-07-05,1355.37,1158.44
2020-07-06,1359.38,1162.25
2020-07-07,1359.38,1162.25
2020-07-08,1359.38,1162.25
2020-07-09,1359.38,1162.25
2020-07-10,1359.38,1162.25
2020-07-11,1359.38,1162.25
2020-07-12,1359.38,1162.25
2020-07-13,1360.79,1163.42
2020-07-14,1360.79,1163.42
2020-07-15,1360.79,1163.42
2020-07-16,1360.79,1163.42
2020-07-17,1360.79,1163.42
2020-07-18,1360.79,1163.42
2020-07-19,1360.79,1163.42
2020-07-20,1361.12,1163.57
2020-07-21,1361.12,1163.57
2020-07-22,1361.12,1163.57
2020-07-23,1361.12,1163.57
2020-07-24,1361.12,1163.57
2020-07-25,1361.12,1163.57
2020-07-26,1361.12,1163.57
2020-07-27,1361.02,1163.46
2020-07-28,1361.02,1163.46
2020-07-29,1361.02,1163.46
2020-07-30,1361.02,1163.46
2020-07-31,1361.02,1163.46
2020-08-01,1361.02,1163.46
2020-08-02,1361.02,1163.46
2020-07-27,1361.19,1163.72
2020-07-28,1361.19,1163.72
2020-07-29,1361.19,1163.72
2020-07-30,1361.19,1163.72
2020-07-31,1361.19,1163.72
2020-08-01,1361.19,1163.72
2020-08-02,1361.19,1163.72
2020-08-03,1361.05,1163.46
2020-08-04,1361.05,1163.46
2020-08-05,1361.05,1163.46
2020-08-06,1361.05,1163.46
2020-08-07,1361.05,1163.46
2020-08-08,1361.05,1163.46
2020-08-09,1361.05,1163.46
2020-08-10,1361.24,1163.72
2020-08-11,1361.24,1163.72
2020-08-12,1361.24,1163.72
2020-08-13,1361.24,1163.72
2020-08-14,1361.24,1163.72
2020-08-15,1361.24,1163.72
2020-08-16,1361.24,1163.72
2020-08-17,1361.13,1163.59
2020-08-18,1361.13,1163.59
2020-08-19,1361.13,1163.59
2020-08-20,1361.13,1163.59
2020-08-21,1361.13,1163.59
2020-08-22,1361.13,1163.59
2020-08-23,1361.13,1163.59
2020-08-31,1360.49,1162.9
2020-09-01,1360.49,1162.9
2020-09-02,1360.49,1162.9
2020-09-03,1360.49,1162.9
2020-09-04,1360.49,1162.9
2020-09-05,1360.49,1162.9
2020-09-06,1360.49,1162.9
2020-09-07,1359.08,1161.21
2020-09-08,1359.08,1161.21
2020-09-09,1359.08,1161.21
2020-09-10,1359.08,1161.21
2020-09-11,1359.08,1161.21
2020-09-12,1359.08,1161.21
2020-09-13,1359.08,1161.21
2020-09-14,1353.96,1155.94
2020-09-15,1353.96,1155.94
2020-09-16,1353.96,1155.94
2020-09-17,1353.96,1155.94
2020-09-18,1353.96,1155.94
2020-09-19,1353.96,1155.94
2020-09-20,1353.96,1155.94
2020-09-21,1347.31,1149.17
2020-09-22,1347.31,1149.17
2020-09-23,1347.31,1149.17
2020-09-24,1347.31,1149.17
2020-09-25,1347.31,1149.17
2020-09-26,1347.31,1149.17
2020-09-27,1347.31,1149.17
2020-09-28,1342.46,1143.83
2020-09-29,1342.46,1143.83
2020-09-30,1342.46,1143.83
2020-10-01,1342.46,1143.83
2020-10-02,1342.46,1143.83
2020-10-03,1342.46,1143.83
2020-10-04,1342.46,1143.83
2020-09-28,1338.38,1139.22
2020-09-29,1338.38,1139.22
2020-09-30,1338.38,1139.22
2020-10-01,1338.38,1139.22
2020-10-02,1338.38,1139.22
2020-10-03,1338.38,1139.22
2020-10-04,1338.38,1139.22
2020-10-05,1334.63,1135.4
2020-10-06,1334.63,1135.4
2020-10-07,1334.63,1135.4
2020-10-08,1334.63,1135.4
2020-10-09,1334.63,1135.4
2020-10-10,1334.63,1135.4
2020-10-11,1334.63,1135.4
2020-10-12,1331.34,1131.92
2020-10-13,1331.34,1131.92
2020-10-14,1331.34,1131.92
2020-10-15,1331.34,1131.92
2020-10-16,1331.34,1131.92
2020-10-17,1331.34,1131.92
2020-10-18,1331.34,1131.92
2020-10-19,1327.95,1128.38
2020-10-20,1327.95,1128.38
2020-10-21,1327.95,1128.38
2020-10-22,1327.95,1128.38
2020-10-23,1327.95,1128.38
2020-10-24,1327.95,1128.38
2020-10-25,1327.95,1128.38
2020-10-26,1322.24,1122.45
2020-10-27,1322.24,1122.45
2020-10-28,1322.24,1122.45
2020-10-29,1322.24,1122.45
2020-10-30,1322.24,1122.45
2020-10-31,1322.24,1122.45
2020-11-01,1322.24,1122.45
2020-11-02,1318.29,1118.25
2020-11-03,1318.29,1118.25
2020-11-04,1318.29,1118.25
2020-11-05,1318.29,1118.25
2020-11-06,1318.29,1118.25
2020-11-07,1318.29,1118.25
2020-11-08,1318.29,1118.25
2020-11-09,1317.38,1117.25
2020-11-10,1317.38,1117.25
2020-11-11,1317.38,1117.25
2020-11-12,1317.38,1117.25
2020-11-13,1317.38,1117.25
2020-11-14,1317.38,1117.25
2020-11-15,1317.38,1117.25
2020-11-16,1318.78,1118.68
2020-11-17,1318.78,1118.68
2020-11-18,1318.78,1118.68
2020-11-19,1318.78,1118.68
2020-11-20,1318.78,1118.68
2020-11-21,1318.78,1118.68
2020-11-22,1318.78,1118.68
2020-11-30,1326.95,1127.18
2020-12-01,1326.95,1127.18
2020-12-02,1326.95,1127.18
2020-12-03,1326.95,1127.18
2020-12-04,1326.95,1127.18
2020-12-05,1326.95,1127.18
2020-12-06,1326.95,1127.18
2020-12-07,1339.13,1139.53
2020-12-08,1339.13,1139.53
2020-12-09,1339.13,1139.53
2020-12-10,1339.13,1139.53
2020-12-11,1339.13,1139.53
2020-12-12,1339.13,1139.53
2020-12-13,1339.13,1139.53
2020-12-14,1357.69,1158.15
2020-12-15,1357.69,1158.15
2020-12-16,1357.69,1158.15
2020-12-17,1357.69,1158.15
2020-12-18,1357.69,1158.15
2020-12-19,1357.69,1158.15
2020-12-20,1357.69,1158.15
2020-12-21,1389.42,1190.07
2020-12-22,1389.42,1190.07
2020-12-23,1389.42,1190.07
2020-12-24,1389.42,1190.07
2020-12-25,1389.42,1190.07
2020-12-26,1389.42,1190.07
2020-12-27,1389.42,1190.07
2020-12-28,1413.45,1214.29
2020-12-29,1413.45,1214.29
2020-12-30,1413.45,1214.29
2020-12-31,1413.45,1214.29
2021-01-01,1413.45,1214.29
2021-01-02,1413.45,1214.29
2021-01-03,1413.45,1214.29
2020-12-28,1430.14,1230.94
2020-12-29,1430.14,1230.94
2020-12-30,1430.14,1230.94
2020-12-31,1430.14,1230.94
2021-01-01,1430.14,1230.94
2021-01-02,1430.14,1230.94
2021-01-03,1430.14,1230.94
2021-01-04,1439.26,1239.78
2021-01-05,1439.26,1239.78
2021-01-06,1439.26,1239.78
2021-01-07,1439.26,1239.78
2021-01-08,1439.26,1239.78
2021-01-09,1439.26,1239.78
2021-01-10,1439.26,1239.78
2021-01-11,1447.16,1247.61
2021-01-12,1447.16,1247.61
2021-01-13,1447.16,1247.61
2021-01-14,1447.16,1247.61
2021-01-15,1447.16,1247.61
2021-01-16,1447.16,1247.61
2021-01-17,1447.16,1247.61
2021-01-18,1450.47,1250.81
2021-01-19,1450.47,1250.81
2021-01-20,1450.47,1250.81
2021-01-21,1450.47,1250.81
2021-01-22,1450.47,1250.81
2021-01-23,1450.47,1250.81
2021-01-24,1450.47,1250.81
2021-02-01,1452.0,1252.36
2021-02-02,1452.0,1252.36
2021-02-03,1452.0,1252.36
2021-02-04,1452.0,1252.36
2021-02-05,1452.0,1252.36
2021-02-06,1452.0,1252.36
2021-02-07,1452.0,1252.36
2021-02-08,1455.9,1256.15
2021-02-09,1455.9,1256.15
2021-02-10,1455.9,1256.15
2021-02-11,1455.9,1256.15
2021-02-12,1455.9,1256.15
2021-02-13,1455.9,1256.15
2021-02-14,1455.9,1256.15
2021-02-15,1463.16,1263.23
2021-02-16,1463.16,1263.23
2021-02-17,1463.16,1263.23
2021-02-18,1463.16,1263.23
2021-02-19,1463.16,1263.23
2021-02-20,1463.16,1263.23
2021-02-21,1463.16,1263.23
2021-02-22,1473.32,1273.27
2021-02-23,1473.32,1273.27
2021-02-24,1473.32,1273.27
2021-02-25,1473.32,1273.27
2021-02-26,1473.32,1273.27
2021-02-27,1473.32,1273.27
2021-02-28,1473.32,1273.27
2021-03-01,1482.98,1283.02
2021-03-02,1482.98,1283.02
2021-03-03,1482.98,1283.02
2021-03-04,1482.98,1283.02
2021-03-05,1482.98,1283.02
2021-03-06,1482.98,1283.02
2021-03-07,1482.98,1283.02
2021-03-08,1498.55,1298.46
2021-03-09,1498.55,1298.46
2021-03-10,1498.55,1298.46
2021-03-11,1498.55,1298.46
2021-03-12,1498.55,1298.46
2021-03-13,1498.55,1298.46
2021-03-14,1498.55,1298.46
2021-03-15,1517.37,1316.82
2021-03-16,1517.37,1316.82
2021-03-17,1517.37,1316.82
2021-03-18,1517.37,1316.82
2021-03-19,1517.37,1316.82
2021-03-20,1517.37,1316.82
2021-03-21,1517.37,1316.82
2021-03-22,1529.95,1328.99
2021-03-23,1529.95,1328.99
2021-03-24,1529.95,1328.99
2021-03-25,1529.95,1328.99
2021-03-26,1529.95,1328.99
2021-03-27,1529.95,1328.99
2021-03-28,1529.95,1328.99
2021-03-29,1533.91,1332.24
2021-03-30,1533.91,1332.24
2021-03-31,1533.91,1332.24
2021-04-01,1533.91,1332.24
2021-04-02,1533.91,1332.24
2021-04-03,1533.91,1332.24
2021-04-04,1533.91,1332.24
2021-03-29,1535.02,1333.4
2021-03-30,1535.02,1333.4
2021-03-31,1535.02,1333.4
2021-04-01,1535.02,1333.4
2021-04-02,1535.02,1333.4
2021-04-03,1535.02,1333.4
2021-04-04,1535.02,1333.4
2021-04-05,1534.87,1333.11
2021-04-06,1534.87,1333.11
2021-04-07,1534.87,1333.11
2021-04-08,1534.87,1333.11
2021-04-09,1534.87,1333.11
2021-04-10,1534.87,1333.11
2021-04-11,1534.87,1333.11
2021-04-12,1534.27,1332.36
2021-04-13,1534.27,1332.36
2021-04-14,1534.27,1332.36
2021-04-15,1534.27,1332.36
2021-04-16,1534.27,1332.36
2021-04-17,1534.27,1332.36
2021-04-18,1534.27,1332.36
2021-04-19,1533.97,1332.03
2021-04-20,1533.97,1332.03
2021-04-21,1533.97,1332.03
2021-04-22,1533.97,1332.03
2021-04-23,1533.97,1332.03
2021-04-24,1533.97,1332.03
2021-04-25,1533.97,1332.03
2021-04-26,1534.35,1332.18
2021-04-27,1534.35,1332.18
2021-04-28,1534.35,1332.18
2021-04-29,1534.35,1332.18
2021-04-30,1534.35,1332.18
2021-05-01,1534.35,1332.18
2021-05-02,1534.35,1332.18
2021-05-03,1537.04,1334.51
2021-05-04,1537.04,1334.51
2021-05-05,1537.04,1334.51
2021-05-06,1537.04,1334.51
2021-05-07,1537.04,1334.51
2021-05-08,1537.04,1334.51
2021-05-09,1537.04,1334.51
2021-05-10,1542.58,1339.64
2021-05-11,1542.58,1339.64
2021-05-12,1542.58,1339.64
2021-05-13,1542.58,1339.64
2021-05-14,1542.58,1339.64
2021-05-15,1542.58,1339.64
2021-05-16,1542.58,1339.64
2021-05-17,1547.45,1344.42
2021-05-18,1547.45,1344.42
2021-05-19,1547.45,1344.42
2021-05-20,1547.45,1344.42
2021-05-21,1547.45,1344.42
2021-05-22,1547.45,1344.42
2021-05-23,1547.45,1344.42
2021-05-31,1554.11,1351.03
2021-06-01,1554.11,1351.03
2021-06-02,1554.11,1351.03
2021-06-03,1554.11,1351.03
2021-06-04,1554.11,1351.03
2021-06-05,1554.11,1351.03
2021-06-06,1554.11,1351.03
2021-06-07,1564.55,1361.33
2021-06-08,1564.55,1361.33
2021-06-09,1564.55,1361.33
2021-06-10,1564.55,1361.33
2021-06-11,1564.55,1361.33
2021-06-12,1564.55,1361.33
2021-06-13,1564.55,1361.33
2021-06-14,1576.23,1373.22
2021-06-15,1576.23,1373.22
2021-06-16,1576.23,1373.22
2021-06-17,1576.23,1373.22
2021-06-18,1576.23,1373.22
2021-06-19,1576.23,1373.22
2021-06-20,1576.23,1373.22
2021-06-21,1587.57,1384.72
2021-06-22,1587.57,1384.72
2021-06-23,1587.57,1384.72
2021-06-24,1587.57,1384.72
2021-06-25,1587.57,1384.72
2021-06-26,1587.57,1384.72
2021-06-27,1587.57,1384.72
2021-06-28,1600.93,1398.1
2021-06-29,1600.93,1398.1
2021-06-30,1600.93,1398.1
2021-07-01,1600.93,1398.1
2021-07-02,1600.93,1398.1
2021-07-03,1600.93,1398.1
2021-07-04,1600.93,1398.1
2021-06-28,1614.99,1411.76
2021-06-29,1614.99,1411.76
2021-06-30,1614.99,1411.76
2021-07-01,1614.99,1411.76
2021-07-02,1614.99,1411.76
2021-07-03,1614.99,1411.76
2021-07-04,1614.99,1411.76
2021-07-05,1628.21,1424.46
2021-07-06,1628.21,1424.46
2021-07-07,1628.21,1424.46
2021-07-08,1628.21,1424.46
2021-07-09,1628.21,1424.46
2021-07-10,1628.21,1424.46
2021-07-11,1628.21,1424.46
2021-07-12,1637.27,1433.34
2021-07-13,1637.27,1433.34
2021-07-14,1637.27,1433.34
2021-07-15,1637.27,1433.34
2021-07-16,1637.27,1433.34
2021-07-17,1637.27,1433.34
2021-07-18,1637.27,1433.34
2021-07-19,1641.06,1436.76
2021-07-20,1641.06,1436.76
2021-07-21,1641.06,1436.76
2021-07-22,1641.06,1436.76
2021-07-23,1641.06,1436.76
2021-07-24,1641.06,1436.76
2021-07-25,1641.06,1436.76
2021-07-26,1645.06,1440.37
2021-07-27,1645.06,1440.37
2021-07-28,1645.06,1440.37
2021-07-29,1645.06,1440.37
2021-07-30,1645.06,1440.37
2021-07-31,1645.06,1440.37
2021-08-01,1645.06,1440.37
2021-08-02,1647.29,1442.15
2021-08-03,1647.29,1442.15
2021-08-04,1647.29,1442.15
2021-08-05,1647.29,1442.15
2021-08-06,1647.29,1442.15
2021-08-07,1647.29,1442.15
2021-08-08,1647.29,1442.15
2021-08-09,1647.05,1441.68
2021-08-10,1647.05,1441.68
2021-08-11,1647.05,1441.68
2021-08-12,1647.05,1441.68
2021-08-13,1647.05,1441.68
2021-08-14,1647.05,1441.68
2021-08-15,1647.05,1441.68
2021-08-16,1644.82,1439.37
2021-08-17,1644.82,1439.37
2021-08-18,1644.82,1439.37
2021-08-19,1644.82,1439.37
2021-08-20,1644.82,1439.37
2021-08-21,1644.82,1439.37
2021-08-22,1644.82,1439.37
2021-08-30,1643.42,1437.92
2021-08-31,1643.42,1437.92
2021-09-01,1643.42,1437.92
2021-09-02,1643.42,1437.92
2021-09-03,1643.42,1437.92
2021-09-04,1643.42,1437.92
2021-09-05,1643.42,1437.92
2021-09-06,1642.26,1436.67
2021-09-07,1642.26,1436.67
2021-09-08,1642.26,1436.67
2021-09-09,1642.26,1436.67
2021-09-10,1642.26,1436.67
2021-09-11,1642.26,1436.67
2021-09-12,1642.26,1436.67
2021-09-13,1641.81,1436.2
2021-09-14,1641.81,1436.2
2021-09-15,1641.81,1436.2
2021-09-16,1641.81,1436.2
2021-09-17,1641.81,1436.2
2021-09-18,1641.81,1436.2
2021-09-19,1641.81,1436.2
2021-09-20,1642.6,1436.88
2021-09-21,1642.6,1436.88
2021-09-22,1642.6,1436.88
2021-09-23,1642.6,1436.88
2021-09-24,1642.6,1436.88
2021-09-25,1642.6,1436.88
2021-09-26,1642.6,1436.88
2021-09-27,1644.61,1439.2
2021-09-28,1644.61,1439.2
2021-09-29,1644.61,1439.2
2021-09-30,1644.61,1439.2
2021-10-01,1644.61,1439.2
2021-10-02,1644.61,1439.2
2021-10-03,1644.61,1439.2
2021-09-27,1654.47,1449.73
2021-09-28,1654.47,1449.73
2021-09-29,1654.47,1449.73
2021-09-30,1654.47,1449.73
2021-10-01,1654.47,1449.73
2021-10-02,1654.47,1449.73
2021-10-03,1654.47,1449.73
2021-10-04,1687.23,1483.58
2021-10-05,1687.23,1483.58
2021-10-06,1687.23,1483.58
2021-10-07,1687.23,1483.58
2021-10-08,1687.23,1483.58
2021-10-09,1687.23,1483.58
2021-10-10,1687.23,1483.58
2021-10-11,1732.47,1530.42
2021-10-12,1732.47,1530.42
2021-10-13,1732.47,1530.42
2021-10-14,1732.47,1530.42
2021-10-15,1732.47,1530.42
2021-10-16,1732.47,1530.42
2021-10-17,1732.47,1530.42
2021-10-18,1762.84,1560.95
2021-10-19,1762.84,1560.95
2021-10-20,1762.84,1560.95
2021-10-21,1762.84,1560.95
2021-10-22,1762.84,1560.95
2021-10-23,1762.84,1560.95
2021-10-24,1762.84,1560.95
2021-11-01,1787.97,1585.13
2021-11-02,1787.97,1585.13
2021-11-03,1787.97,1585.13
2021-11-04,1787.97,1585.13
2021-11-05,1787.97,1585.13
2021-11-06,1787.97,1585.13
2021-11-07,1787.97,1585.13
2021-11-08,1806.98,1602.57
2021-11-09,1806.98,1602.57
2021-11-10,1806.98,1602.57
2021-11-11,1806.98,1602.57
2021-11-12,1806.98,1602.57
2021-11-13,1806.98,1602.57
2021-11-14,1806.98,1602.57
2021-11-15,1716.59,1535.58
2021-11-16,1716.59,1535.58
2021-11-17,1716.59,1535.58
2021-11-18,1716.59,1535.58
2021-11-19,1716.59,1535.58
2021-11-20,1716.59,1535.58
2021-11-21,1716.59,1535.58
2021-11-22,1687.46,1511.9
2021-11-23,1687.46,1511.9
2021-11-24,1687.46,1511.9
2021-11-25,1687.46,1511.9
2021-11-26,1687.46,1511.9
2021-11-27,1687.46,1511.9
2021-11-28,1687.46,1511.9
2021-11-29,1677.68,1503.16
2021-11-30,1677.68,1503.16
2021-12-01,1677.68,1503.16
2021-12-02,1677.68,1503.16
2021-12-03,1677.68,1503.16
2021-12-04,1677.68,1503.16
2021-12-05,1677.68,1503.16
2021-12-06,1664.71,1489.75
2021-12-07,1664.71,1489.75
2021-12-08,1664.71,1489.75
2021-12-09,1664.71,1489.75
2021-12-10,1664.71,1489.75
2021-12-11,1664.71,1489.75
2021-12-12,1664.71,1489.75
2021-12-13,1648.9,1472.07
2021-12-14,1648.9,1472.07
2021-12-15,1648.9,1472.07
2021-12-16,1648.9,1472.07
2021-12-17,1648.9,1472.07
2021-12-18,1648.9,1472.07
2021-12-19,1648.9,1472.07
2021-12-20,1634.6,1455.72
2021-12-21,1634.6,1455.72
2021-12-22,1634.6,1455.72
2021-12-23,1634.6,1455.72
2021-12-24,1634.6,1455.72
2021-12-25,1634.6,1455.72
2021-12-26,1634.6,1455.72
2021-12-27,1626.24,1445.76
2021-12-28,1626.24,1445.76
2021-12-29,1626.24,1445.76
2021-12-30,1626.24,1445.76
2021-12-31,1626.24,1445.76
2022-01-01,1626.24,1445.76
2022-01-02,1626.24,1445.76
2021-12-27,1622.35,1440.89
2021-12-28,1622.35,1440.89
2021-12-29,1622.35,1440.89
2021-12-30,1622.35,1440.89
2021-12-31,1622.35,1440.89
2022-01-01,1622.35,1440.89
2022-01-02,1622.35,1440.89
2022-01-03,1621.91,1439.89
2022-01-04,1621.91,1439.89
2022-01-05,1621.91,1439.89
2022-01-06,1621.91,1439.89
2022-01-07,1621.91,1439.89
2022-01-08,1621.91,1439.89
2022-01-09,1621.91,1439.89
2022-01-10,1632.02,1450.0
2022-01-11,1632.02,1450.0
2022-01-12,1632.02,1450.0
2022-01-13,1632.02,1450.0
2022-01-14,1632.02,1450.0
2022-01-15,1632.02,1450.0
2022-01-16,1632.02,1450.0
2022-01-17,1650.96,1469.62
2022-01-18,1650.96,1469.62
2022-01-19,1650.96,1469.62
2022-01-20,1650.96,1469.62
2022-01-21,1650.96,1469.62
2022-01-22,1650.96,1469.62
2022-01-23,1650.96,1469.62
2022-01-31,1667.62,1485.99
2022-02-01,1667.62,1485.99
2022-02-02,1667.62,1485.99
2022-02-03,1667.62,1485.99
2022-02-04,1667.62,1485.99
2022-02-05,1667.62,1485.99
2022-02-06,1667.62,1485.99
2022-02-07,1691.81,1511.17
2022-02-08,1691.81,1511.17
2022-02-09,1691.81,1511.17
2022-02-10,1691.81,1511.17
2022-02-11,1691.81,1511.17
2022-02-12,1691.81,1511.17
2022-02-13,1691.81,1511.17
2022-02-14,1718.4,1540.18
2022-02-15,1718.4,1540.18
2022-02-16,1718.4,1540.18
2022-02-17,1718.4,1540.18
2022-02-18,1718.4,1540.18
2022-02-19,1718.4,1540.18
2022-02-20,1718.4,1540.18
2022-02-21,1739.79,1564.49
2022-02-22,1739.79,1564.49
2022-02-23,1739.79,1564.49
2022-02-24,1739.79,1564.49
2022-02-25,1739.79,1564.49
2022-02-26,1739.79,1564.49
2022-02-27,1739.79,1564.49
2022-02-28,1763.96,1591.3
2022-03-01,1763.96,1591.3
2022-03-02,1763.96,1591.3
2022-03-03,1763.96,1591.3
2022-03-04,1763.96,1591.3
2022-03-05,1763.96,1591.3
2022-03-06,1763.96,1591.3
2022-03-07,1861.64,1709.98
2022-03-08,1861.64,1709.98
2022-03-09,1861.64,1709.98
2022-03-10,1861.64,1709.98
2022-03-11,1861.64,1709.98
2022-03-12,1861.64,1709.98
2022-03-13,1861.64,1709.98
2022-03-14,1994.39,1902.47
2022-03-15,1994.39,1902.47
2022-03-16,1994.39,1902.47
2022-03-17,1994.39,1902.47
2022-03-18,1994.39,1902.47
2022-03-19,1994.39,1902.47
2022-03-20,1994.39,1902.47
2022-03-21,2001.93,1918.05
2022-03-22,2001.93,1918.05
2022-03-23,2001.93,1918.05
2022-03-24,2001.93,1918.05
2022-03-25,2001.93,1918.05
2022-03-26,2001.93,1918.05
2022-03-27,2001.93,1918.05
2022-03-28,2000.06,1919.78
2022-03-29,2000.06,1919.78
2022-03-30,2000.06,1919.78
2022-03-31,2000.06,1919.78
2022-04-01,2000.06,1919.78
2022-04-02,2000.06,1919.78
2022-04-03,2000.06,1919.78
2022-03-28,1990.47,1911.76
2022-03-29,1990.47,1911.76
2022-03-30,1990.47,1911.76
2022-03-31,1990.47,1911.76
2022-04-01,1990.47,1911.76
2022-04-02,1990.47,1911.76
2022-04-03,1990.47,1911.76
2022-04-04,1977.17,1902.61
2022-04-05,1977.17,1902.61
2022-04-06,1977.17,1902.61
2022-04-07,1977.17,1902.61
2022-04-08,1977.17,1902.61
2022-04-09,1977.17,1902.61
2022-04-10,1977.17,1902.61
2022-04-11,1967.82,1899.63
2022-04-12,1967.82,1899.63
2022-04-13,1967.82,1899.63
2022-04-14,1967.82,1899.63
2022-04-15,1967.82,1899.63
2022-04-16,1967.82,1899.63
2022-04-17,1967.82,1899.63
2022-04-18,1968.23,1907.74
2022-04-19,1968.23,1907.74
2022-04-20,1968.23,1907.74
2022-04-21,1968.23,1907.74
2022-04-22,1968.23,1907.74
2022-04-23,1968.23,1907.74
2022-04-24,1968.23,1907.74
2022-04-25,1940.73,1906.89
2022-04-26,1940.73,1906.89
2022-04-27,1940.73,1906.89
2022-04-28,1940.73,1906.89
2022-04-29,1940.73,1906.89
2022-04-30,1940.73,1906.89
2022-05-01,1940.73,1906.89
2022-05-02,1942.6,1939.68
2022-05-03,1942.6,1939.68
2022-05-04,1942.6,1939.68
2022-05-05,1942.6,1939.68
2022-05-06,1942.6,1939.68
2022-05-07,1942.6,1939.68
2022-05-08,1942.6,1939.68
2022-05-09,1963.57,1976.37
2022-05-10,1963.57,1976.37
2022-05-11,1963.57,1976.37
2022-05-12,1963.57,1976.37
2022-05-13,1963.57,1976.37
2022-05-14,1963.57,1976.37
2022-05-15,1963.57,1976.37
2022-05-16,1993.75,2000.33
2022-05-17,1993.75,2000.33
2022-05-18,1993.75,2000.33
2022-05-19,1993.75,2000.33
2022-05-20,1993.75,2000.33
2022-05-21,1993.75,2000.33
2022-05-22,1993.75,2000.33
2022-05-30,2013.01,2008.42
2022-05-31,2013.01,2008.42
2022-06-01,2013.01,2008.42
2022-06-02,2013.01,2008.42
2022-06-03,2013.01,2008.42
2022-06-04,2013.01,2008.42
2022-06-05,2013.01,2008.42
2022-06-06,2037.52,2030.78
2022-06-07,2037.52,2030.78
2022-06-08,2037.52,2030.78
2022-06-09,2037.52,2030.78
2022-06-10,2037.52,2030.78
2022-06-11,2037.52,2030.78
2022-06-12,2037.52,2030.78
2022-06-13,2080.94,2082.65
2022-06-14,2080.94,2082.65
2022-06-15,2080.94,2082.65
2022-06-16,2080.94,2082.65
2022-06-17,2080.94,2082.65
2022-06-18,2080.94,2082.65
2022-06-19,2080.94,2082.65
2022-06-20,2115.78,2127.17
2022-06-21,2115.78,2127.17
2022-06-22,2115.78,2127.17
2022-06-23,2115.78,2127.17
2022-06-24,2115.78,2127.17
2022-06-25,2115.78,2127.17
2022-06-26,2115.78,2127.17
2022-06-27,2137.65,2158.24
2022-06-28,2137.65,2158.24
2022-06-29,2137.65,2158.24
2022-06-30,2137.65,2158.24
2022-07-01,2137.65,2158.24
2022-07-02,2137.65,2158.24
2022-07-03,2137.65,2158.24
2022-06-27,2116.78,2150.43
2022-06-28,2116.78,2150.43
2022-06-29,2116.78,2150.43
2022-06-30,2116.78,2150.43
2022-07-01,2116.78,2150.43
2022-07-02,2116.78,2150.43
2022-07-03,2116.78,2150.43
2022-07-04,2080.69,2123.3
2022-07-05,2080.69,2123.3
2022-07-06,2080.69,2123.3
2022-07-07,2080.69,2123.3
2022-07-08,2080.69,2123.3
2022-07-09,2080.69,2123.3
2022-07-10,2080.69,2123.3
2022-07-11,2013.14,2072.51
2022-07-12,2013.14,2072.51
2022-07-13,2013.14,2072.51
2022-07-14,2013.14,2072.51
2022-07-15,2013.14,2072.51
2022-07-16,2013.14,2072.51
2022-07-17,2013.14,2072.51
2022-07-18,1937.71,2015.5
2022-07-19,1937.71,2015.5
2022-07-20,1937.71,2015.5
2022-07-21,1937.71,2015.5
2022-07-22,1937.71,2015.5
2022-07-23,1937.71,2015.5
2022-07-24,1937.71,2015.5
2022-08-01,1881.86,1969.76
2022-08-02,1881.86,1969.76
2022-08-03,1881.86,1969.76
2022-08-04,1881.86,1969.76
2022-08-05,1881.86,1969.76
2022-08-06,1881.86,1969.76
2022-08-07,1881.86,1969.76
2022-08-08,1833.21,1927.52
2022-08-09,1833.21,1927.52
2022-08-10,1833.21,1927.52
2022-08-11,1833.21,1927.52
2022-08-12,1833.21,1927.52
2022-08-13,1833.21,1927.52
2022-08-14,1833.21,1927.52
2022-08-15,1780.15,1878.81
2022-08-16,1780.15,1878.81
2022-08-17,1780.15,1878.81
2022-08-18,1780.15,1878.81
2022-08-19,1780.15,1878.81
2022-08-20,1780.15,1878.81
2022-08-21,1780.15,1878.81
2022-08-22,1743.76,1843.56
2022-08-23,1743.76,1843.56
2022-08-24,1743.76,1843.56
2022-08-25,1743.76,1843.56
2022-08-26,1743.76,1843.56
2022-08-27,1743.76,1843.56
2022-08-28,1743.76,1843.56
2022-08-29,1740.25,1844.58
2022-08-30,1740.25,1844.58
2022-08-31,1740.25,1844.58
2022-09-01,1740.25,1844.58
2022-09-02,1740.25,1844.58
2022-09-03,1740.25,1844.58
2022-09-04,1740.25,1844.58
2022-08-29,1741.18,1852.05
2022-08-30,1741.18,1852.05
2022-08-31,1741.18,1852.05
2022-09-01,1741.18,1852.05
2022-09-02,1741.18,1852.05
2022-09-03,1741.18,1852.05
2022-09-04,1741.18,1852.05
2022-09-05,1740.37,1857.67
2022-09-06,1740.37,1857.67
2022-09-07,1740.37,1857.67
2022-09-08,1740.37,1857.67
2022-09-09,1740.37,1857.67
2022-09-10,1740.37,1857.67
2022-09-11,1740.37,1857.67
2022-09-12,1731.58,1855.01
2022-09-13,1731.58,1855.01
2022-09-14,1731.58,1855.01
2022-09-15,1731.58,1855.01
2022-09-16,1731.58,1855.01
2022-09-17,1731.58,1855.01
2022-09-18,1731.58,1855.01
2022-09-19,1704.85,1836.46
2022-09-20,1704.85,1836.46
2022-09-21,1704.85,1836.46
2022-09-22,1704.85,1836.46
2022-09-23,1704.85,1836.46
2022-09-24,1704.85,1836.46
2022-09-25,1704.85,1836.46
2022-09-26,1673.96,1817.84
2022-09-27,1673.96,1817.84
2022-09-28,1673.96,1817.84
2022-09-29,1673.96,1817.84
2022-09-30,1673.96,1817.84
2022-10-01,1673.96,1817.84
2022-10-02,1673.96,1817.84
2022-10-03,1666.53,1824.75
2022-10-04,1666.53,1824.75
2022-10-05,1666.53,1824.75
2022-10-06,1666.53,1824.75
2022-10-07,1666.53,1824.75
2022-10-08,1666.53,1824.75
2022-10-09,1666.53,1824.75
2022-10-10,1665.59,1840.03
2022-10-11,1665.59,1840.03
2022-10-12,1665.59,1840.03
2022-10-13,1665.59,1840.03
2022-10-14,1665.59,1840.03
2022-10-15,1665.59,1840.03
2022-10-16,1665.59,1840.03
2022-10-17,1663.46,1857.74
2022-10-18,1663.46,1857.74
2022-10-19,1663.46,1857.74
2022-10-20,1663.46,1857.74
2022-10-21,1663.46,1857.74
2022-10-22,1663.46,1857.74
2022-10-23,1663.46,1857.74
2022-10-31,1659.9,1871.68
2022-11-01,1659.9,1871.68
2022-11-02,1659.9,1871.68
2022-11-03,1659.9,1871.68
2022-11-04,1659.9,1871.68
2022-11-05,1659.9,1871.68
2022-11-06,1659.9,1871.68
2022-11-07,1659.6,1884.45
2022-11-08,1659.6,1884.45
2022-11-09,1659.6,1884.45
2022-11-10,1659.6,1884.45
2022-11-11,1659.6,1884.45
2022-11-12,1659.6,1884.45
2022-11-13,1659.6,1884.45
2022-11-14,1658.66,1888.8
2022-11-15,1658.66,1888.8
2022-11-16,1658.66,1888.8
2022-11-17,1658.66,1888.8
2022-11-18,1658.66,1888.8
2022-11-19,1658.66,1888.8
2022-11-20,1658.66,1888.8
2022-11-21,1644.46,1878.35
2022-11-22,1644.46,1878.35
2022-11-23,1644.46,1878.35
2022-11-24,1644.46,1878.35
2022-11-25,1644.46,1878.35
2022-11-26,1644.46,1878.35
2022-11-27,1644.46,1878.35
2022-11-28,1626.21,1861.98
2022-11-29,1626.21,1861.98
2022-11-30,1626.21,1861.98
2022-12-01,1626.21,1861.98
2022-12-02,1626.21,1861.98
2022-12-03,1626.21,1861.98
2022-12-04,1626.21,1861.98
2022-11-28,1611.1,1845.74
2022-11-29,1611.1,1845.74
2022-11-30,1611.1,1845.74
2022-12-01,1611.1,1845.74
2022-12-02,1611.1,1845.74
2022-12-03,1611.1,1845.74
2022-12-04,1611.1,1845.74
2022-12-05,1568.87,1797.19
2022-12-06,1568.87,1797.19
2022-12-07,1568.87,1797.19
2022-12-08,1568.87,1797.19
2022-12-09,1568.87,1797.19
2022-12-10,1568.87,1797.19
2022-12-11,1568.87,1797.19
2022-12-12,1537.29,1751.35
2022-12-13,1537.29,1751.35
2022-12-14,1537.29,1751.35
2022-12-15,1537.29,1751.35
2022-12-16,1537.29,1751.35
2022-12-17,1537.29,1751.35
2022-12-18,1537.29,1751.35
2022-12-19,1526.92,1728.7
2022-12-20,1526.92,1728.7
2022-12-21,1526.92,1728.7
2022-12-22,1526.92,1728.7
2022-12-23,1526.92,1728.7
2022-12-24,1526.92,1728.7
2022-12-25,1526.92,1728.7
2022-12-26,1553.55,1718.18
2022-12-27,1553.55,1718.18
2022-12-28,1553.55,1718.18
2022-12-29,1553.55,1718.18
2022-12-30,1553.55,1718.18
2022-12-31,1553.55,1718.18
2023-01-01,1553.55,1718.18
2023-01-02,1562.0,1691.54
2023-01-03,1562.0,1691.54
2023-01-04,1562.0,1691.54
2023-01-05,1562.0,1691.54
2023-01-06,1562.0,1691.54
2023-01-07,1562.0,1691.54
2023-01-08,1562.0,1691.54
2023-01-09,1560.16,1662.58
2023-01-10,1560.16,1662.58
2023-01-11,1560.16,1662.58
2023-01-12,1560.16,1662.58
2023-01-13,1560.16,1662.58
2023-01-14,1560.16,1662.58
2023-01-15,1560.16,1662.58
2023-01-16,1567.35,1652.16
2023-01-17,1567.35,1652.16
2023-01-18,1567.35,1652.16
2023-01-19,1567.35,1652.16
2023-01-20,1567.35,1652.16
2023-01-21,1567.35,1652.16
2023-01-22,1567.35,1652.16
2023-01-30,1575.6,1647.76
2023-01-31,1575.6,1647.76
2023-02-01,1575.6,1647.76
2023-02-02,1575.6,1647.76
2023-02-03,1575.6,1647.76
2023-02-04,1575.6,1647.76
2023-02-05,1575.6,1647.76
2023-02-06,1578.61,1632.78
2023-02-07,1578.61,1632.78
2023-02-08,1578.61,1632.78
2023-02-09,1578.61,1632.78
2023-02-10,1578.61,1632.78
2023-02-11,1578.61,1632.78
2023-02-12,1578.61,1632.78
2023-02-13,1577.33,1608.93
2023-02-14,1577.33,1608.93
2023-02-15,1577.33,1608.93
2023-02-16,1577.33,1608.93
2023-02-17,1577.33,1608.93
2023-02-18,1577.33,1608.93
2023-02-19,1577.33,1608.93
2023-02-20,1579.05,1584.86
2023-02-21,1579.05,1584.86
2023-02-22,1579.05,1584.86
2023-02-23,1579.05,1584.86
2023-02-24,1579.05,1584.86
2023-02-25,1579.05,1584.86
2023-02-26,1579.05,1584.86
2023-02-27,1580.15,1562.6
2023-02-28,1580.15,1562.6
2023-03-01,1580.15,1562.6
2023-03-02,1580.15,1562.6
2023-03-03,1580.15,1562.6
2023-03-04,1580.15,1562.6
2023-03-05,1580.15,1562.6
2023-03-06,1586.98,1550.07
2023-03-07,1586.98,1550.07
2023-03-08,1586.98,1550.07
2023-03-09,1586.98,1550.07
2023-03-10,1586.98,1550.07
2023-03-11,1586.98,1550.07
2023-03-12,1586.98,1550.07
2023-03-13,1596.8,1546.18
2023-03-14,1596.8,1546.18
2023-03-15,1596.8,1546.18
2023-03-16,1596.8,1546.18
2023-03-17,1596.8,1546.18
2023-03-18,1596.8,1546.18
2023-03-19,1596.8,1546.18
2023-03-20,1596.36,1534.33
2023-03-21,1596.36,1534.33
2023-03-22,1596.36,1534.33
2023-03-23,1596.36,1534.33
2023-03-24,1596.36,1534.33
2023-03-25,1596.36,1534.33
2023-03-26,1596.36,1534.33
2023-03-27,1593.61,1521.76
2023-03-28,1593.61,1521.76
2023-03-29,1593.61,1521.76
2023-03-30,1593.61,1521.76
2023-03-31,1593.61,1521.76
2023-04-01,1593.61,1521.76
2023-04-02,1593.61,1521.76
2023-03-27,1600.89,1520.82
2023-03-28,1600.89,1520.82
2023-03-29,1600.89,1520.82
2023-03-30,1600.89,1520.82
2023-03-31,1600.89,1520.82
2023-04-01,1600.89,1520.82
2023-04-02,1600.89,1520.82
2023-04-03,1631.12,1534.29
2023-04-04,1631.12,1534.29
2023-04-05,1631.12,1534.29
2023-04-06,1631.12,1534.29
2023-04-07,1631.12,1534.29
2023-04-08,1631.12,1534.29
2023-04-09,1631.12,1534.29
2023-04-10,1659.78,1546.28
2023-04-11,1659.78,1546.28
2023-04-12,1659.78,1546.28
2023-04-13,1659.78,1546.28
2023-04-14,1659.78,1546.28
2023-04-15,1659.78,1546.28
2023-04-16,1659.78,1546.28
2023-04-17,1665.12,1542.15
2023-04-18,1665.12,1542.15
2023-04-19,1665.12,1542.15
2023-04-20,1665.12,1542.15
2023-04-21,1665.12,1542.15
2023-04-22,1665.12,1542.15
2023-04-23,1665.12,1542.15
2023-05-01,1661.19,1529.42
2023-05-02,1661.19,1529.42
2023-05-03,1661.19,1529.42
2023-05-04,1661.19,1529.42
2023-05-05,1661.19,1529.42
2023-05-06,1661.19,1529.42
2023-05-07,1661.19,1529.42
2023-05-08,1648.94,1505.56
2023-05-09,1648.94,1505.56
2023-05-10,1648.94,1505.56
2023-05-11,1648.94,1505.56
2023-05-12,1648.94,1505.56
2023-05-13,1648.94,1505.56
2023-05-14,1648.94,1505.56
2023-05-15,1627.35,1468.69
2023-05-16,1627.35,1468.69
2023-05-17,1627.35,1468.69
2023-05-18,1627.35,1468.69
2023-05-19,1627.35,1468.69
2023-05-20,1627.35,1468.69
2023-05-21,1627.35,1468.69
2023-05-22,1609.52,1438.99
2023-05-23,1609.52,1438.99
2023-05-24,1609.52,1438.99
2023-05-25,1609.52,1438.99
2023-05-26,1609.52,1438.99
2023-05-27,1609.52,1438.99
2023-05-28,1609.52,1438.99
2023-05-29,1598.96,1421.28
2023-05-30,1598.96,1421.28
2023-05-31,1598.96,1421.28
2023-06-01,1598.96,1421.28
2023-06-02,1598.96,1421.28
2023-06-03,1598.96,1421.28
2023-06-04,1598.96,1421.28
2023-05-29,1588.91,1406.1
2023-05-30,1588.91,1406.1
2023-05-31,1588.91,1406.1
2023-06-01,1588.91,1406.1
2023-06-02,1588.91,1406.1
2023-06-03,1588.91,1406.1
2023-06-04,1588.91,1406.1
2023-06-05,1582.37,1396.26
2023-06-06,1582.37,1396.26
2023-06-07,1582.37,1396.26
2023-06-08,1582.37,1396.26
2023-06-09,1582.37,1396.26
2023-06-10,1582.37,1396.26
2023-06-11,1582.37,1396.26
2023-06-12,1575.78,1387.6
2023-06-13,1575.78,1387.6
2023-06-14,1575.78,1387.6
2023-06-15,1575.78,1387.6
2023-06-16,1575.78,1387.6
2023-06-17,1575.78,1387.6
2023-06-18,1575.78,1387.6
2023-06-19,1572.05,1382.74
2023-06-20,1572.05,1382.74
2023-06-21,1572.05,1382.74
2023-06-22,1572.05,1382.74
2023-06-23,1572.05,1382.74
2023-06-24,1572.05,1382.74
2023-06-25,1572.05,1382.74
2023-06-26,1569.2,1379.13
2023-06-27,1569.2,1379.13
2023-06-28,1569.2,1379.13
2023-06-29,1569.2,1379.13
2023-06-30,1569.2,1379.13
2023-07-01,1569.2,1379.13
2023-07-02,1569.2,1379.13
2023-07-03,1572.15,1382.03
2023-07-04,1572.15,1382.03
2023-07-05,1572.15,1382.03
2023-07-06,1572.15,1382.03
2023-07-07,1572.15,1382.03
2023-07-08,1572.15,1382.03
2023-07-09,1572.15,1382.03
2023-07-10,1583.66,1394.87
2023-07-11,1583.66,1394.87
2023-07-12,1583.66,1394.87
2023-07-13,1583.66,1394.87
2023-07-14,1583.66,1394.87
2023-07-15,1583.66,1394.87
2023-07-16,1583.66,1394.87
2023-07-17,1599.34,1411.81
2023-07-18,1599.34,1411.81
2023-07-19,1599.34,1411.81
2023-07-20,1599.34,1411.81
2023-07-21,1599.34,1411.81
2023-07-22,1599.34,1411.81
2023-07-23,1599.34,1411.81
2023-07-31,1638.83,1451.4
2023-08-01,1638.83,1451.4
2023-08-02,1638.83,1451.4
2023-08-03,1638.83,1451.4
2023-08-04,1638.83,1451.4
2023-08-05,1638.83,1451.4
2023-08-06,1638.83,1451.4
2023-08-07,1694.99,1526.01
2023-08-08,1694.99,1526.01
2023-08-09,1694.99,1526.01
2023-08-10,1694.99,1526.01
2023-08-11,1694.99,1526.01
2023-08-12,1694.99,1526.01
2023-08-13,1694.99,1526.01
2023-08-14,1727.72,1588.3
2023-08-15,1727.72,1588.3
2023-08-16,1727.72,1588.3
2023-08-17,1727.72,1588.3
2023-08-18,1727.72,1588.3
2023-08-19,1727.72,1588.3
2023-08-20,1727.72,1588.3
2023-08-21,1740.78,1617.74
2023-08-22,1740.78,1617.74
2023-08-23,1740.78,1617.74
2023-08-24,1740.78,1617.74
2023-08-25,1740.78,1617.74
2023-08-26,1740.78,1617.74
2023-08-27,1740.78,1617.74
2023-08-28,1744.94,1630.03
2023-08-29,1744.94,1630.03
2023-08-30,1744.94,1630.03
2023-08-31,1744.94,1630.03
2023-09-01,1744.94,1630.03
2023-09-02,1744.94,1630.03
2023-09-03,1744.94,1630.03
2023-08-28,1749.98,1640.58
2023-08-29,1749.98,1640.58
2023-08-30,1749.98,1640.58
2023-08-31,1749.98,1640.58
2023-09-01,1749.98,1640.58
2023-09-02,1749.98,1640.58
2023-09-03,1749.98,1640.58
2023-09-04,1759.58,1655.3
2023-09-05,1759.58,1655.3
2023-09-06,1759.58,1655.3
2023-09-07,1759.58,1655.3
2023-09-08,1759.58,1655.3
2023-09-09,1759.58,1655.3
2023-09-10,1759.58,1655.3
2023-09-11,1776.31,1676.8
2023-09-12,1776.31,1676.8
2023-09-13,1776.31,1676.8
2023-09-14,1776.31,1676.8
2023-09-15,1776.31,1676.8
2023-09-16,1776.31,1676.8
2023-09-17,1776.31,1676.8
2023-09-18,1789.7,1692.75
2023-09-19,1789.7,1692.75
2023-09-20,1789.7,1692.75
2023-09-21,1789.7,1692.75
2023-09-22,1789.7,1692.75
2023-09-23,1789.7,1692.75
2023-09-24,1789.7,1692.75
2023-09-25,1795.99,1700.15
2023-09-26,1795.99,1700.15
2023-09-27,1795.99,1700.15
2023-09-28,1795.99,1700.15
2023-09-29,1795.99,1700.15
2023-09-30,1795.99,1700.15
2023-10-01,1795.99,1700.15
2023-10-02,1788.32,1696.32
2023-10-03,1788.32,1696.32
2023-10-04,1788.32,1696.32
2023-10-05,1788.32,1696.32
2023-10-06,1788.32,1696.32
2023-10-07,1788.32,1696.32
2023-10-08,1788.32,1696.32
2023-10-09,1775.04,1689.32
2023-10-10,1775.04,1689.32
2023-10-11,1775.04,1689.32
2023-10-12,1775.04,1689.32
2023-10-13,1775.04,1689.32
2023-10-14,1775.04,1689.32
2023-10-15,1775.04,1689.32
2023-10-16,1763.52,1684.48
2023-10-17,1763.52,1684.48
2023-10-18,1763.52,1684.48
2023-10-19,1763.52,1684.48
2023-10-20,1763.52,1684.48
2023-10-21,1763.52,1684.48
2023-10-22,1763.52,1684.48
2023-10-30,1745.77,1675.91
2023-10-31,1745.77,1675.91
2023-11-01,1745.77,1675.91
2023-11-02,1745.77,1675.91
2023-11-03,1745.77,1675.91
2023-11-04,1745.77,1675.91
2023-11-05,1745.77,1675.91
2023-11-06,1720.14,1661.45
2023-11-07,1720.14,1661.45
2023-11-08,1720.14,1661.45
2023-11-09,1720.14,1661.45
2023-11-10,1720.14,1661.45
2023-11-11,1720.14,1661.45
2023-11-12,1720.14,1661.45
2023-11-13,1686.08,1634.32
2023-11-14,1686.08,1634.32
2023-11-15,1686.08,1634.32
2023-11-16,1686.08,1634.32
2023-11-17,1686.08,1634.32
2023-11-18,1686.08,1634.32
2023-11-19,1686.08,1634.32
2023-11-20,1660.18,1607.82
2023-11-21,1660.18,1607.82
2023-11-22,1660.18,1607.82
2023-11-23,1660.18,1607.82
2023-11-24,1660.18,1607.82
2023-11-25,1660.18,1607.82
2023-11-26,1660.18,1607.82
2023-11-27,1641.24,1584.98
2023-11-28,1641.24,1584.98
2023-11-29,1641.24,1584.98
2023-11-30,1641.24,1584.98
2023-12-01,1641.24,1584.98
2023-12-02,1641.24,1584.98
2023-12-03,1641.24,1584.98
2023-11-27,1626.59,1563.79
2023-11-28,1626.59,1563.79
2023-11-29,1626.59,1563.79
2023-11-30,1626.59,1563.79
2023-12-01,1626.59,1563.79
2023-12-02,1626.59,1563.79
2023-12-03,1626.59,1563.79
2023-12-04,1606.62,1534.55
2023-12-05,1606.62,1534.55
2023-12-06,1606.62,1534.55
2023-12-07,1606.62,1534.55
2023-12-08,1606.62,1534.55
2023-12-09,1606.62,1534.55
2023-12-10,1606.62,1534.55
2023-12-11,1588.52,1509.55
2023-12-12,1588.52,1509.55
2023-12-13,1588.52,1509.55
2023-12-14,1588.52,1509.55
2023-12-15,1588.52,1509.55
2023-12-16,1588.52,1509.55
2023-12-17,1588.52,1509.55
2023-12-18,1582.59,1500.12
2023-12-19,1582.59,1500.12
2023-12-20,1582.59,1500.12
2023-12-21,1582.59,1500.12
2023-12-22,1582.59,1500.12
2023-12-23,1582.59,1500.12
2023-12-24,1582.59,1500.12
2024-01-01,1577.14,1492.16
2024-01-02,1577.14,1492.16
2024-01-03,1577.14,1492.16
2024-01-04,1577.14,1492.16
2024-01-05,1577.14,1492.16
2024-01-06,1577.14,1492.16
2024-01-07,1577.14,1492.16
2024-01-08,1570.17,1482.62
2024-01-09,1570.17,1482.62
2024-01-10,1570.17,1482.62
2024-01-11,1570.17,1482.62
2024-01-12,1570.17,1482.62
2024-01-13,1570.17,1482.62
2024-01-14,1570.17,1482.62
2024-01-15,1564.18,1474.67
2024-01-16,1564.18,1474.67
2024-01-17,1564.18,1474.67
2024-01-18,1564.18,1474.67
2024-01-19,1564.18,1474.67
2024-01-20,1564.18,1474.67
2024-01-21,1564.18,1474.67
2024-01-22,1563.71,1473.04
2024-01-23,1563.71,1473.04
2024-01-24,1563.71,1473.04
2024-01-25,1563.71,1473.04
2024-01-26,1563.71,1473.04
2024-01-27,1563.71,1473.04
2024-01-28,1563.71,1473.04
2024-01-29,1578.98,1485.91
2024-01-30,1578.98,1485.91
2024-01-31,1578.98,1485.91
2024-02-01,1578.98,1485.91
2024-02-02,1578.98,1485.91
2024-02-03,1578.98,1485.91
2024-02-04,1578.98,1485.91
2024-01-29,1596.34,1501.01
2024-01-30,1596.34,1501.01
2024-01-31,1596.34,1501.01
2024-02-01,1596.34,1501.01
2024-02-02,1596.34,1501.01
2024-02-03,1596.34,1501.01
2024-02-04,1596.34,1501.01
2024-02-05,1609.51,1512.66
2024-02-06,1609.51,1512.66
2024-02-07,1609.51,1512.66
2024-02-08,1609.51,1512.66
2024-02-09,1609.51,1512.66
2024-02-10,1609.51,1512.66
2024-02-11,1609.51,1512.66
2024-02-12,1627.08,1529.54
2024-02-13,1627.08,1529.54
2024-02-14,1627.08,1529.54
2024-02-15,1627.08,1529.54
2024-02-16,1627.08,1529.54
2024-02-17,1627.08,1529.54
2024-02-18,1627.08,1529.54
2024-02-19,1635.4,1537.15
2024-02-20,1635.4,1537.15
2024-02-21,1635.4,1537.15
2024-02-22,1635.4,1537.15
2024-02-23,1635.4,1537.15
2024-02-24,1635.4,1537.15
2024-02-25,1635.4,1537.15
2024-02-26,1639.09,1540.11
2024-02-27,1639.09,1540.11
2024-02-28,1639.09,1540.11
2024-02-29,1639.09,1540.11
2024-03-01,1639.09,1540.11
2024-03-02,1639.09,1540.11
2024-03-03,1639.09,1540.11
2024-03-04,1639.16,1539.72
2024-03-05,1639.16,1539.72
2024-03-06,1639.16,1539.72
2024-03-07,1639.16,1539.72
2024-03-08,1639.16,1539.72
2024-03-09,1639.16,1539.72
2024-03-10,1639.16,1539.72
2024-03-11,1638.05,1538.17
2024-03-12,1638.05,1538.17
2024-03-13,1638.05,1538.17
2024-03-14,1638.05,1538.17
2024-03-15,1638.05,1538.17
2024-03-16,1638.05,1538.17
2024-03-17,1638.05,1538.17
2024-03-18,1639.5,1538.17
2024-03-19,1639.5,1538.17
2024-03-20,1639.5,1538.17
2024-03-21,1639.5,1538.17
2024-03-22,1639.5,1538.17
2024-03-23,1639.5,1538.17
2024-03-24,1639.5,1538.17
2024-04-01,1646.96,1540.2
2024-04-02,1646.96,1540.2
2024-04-03,1646.96,1540.2
2024-04-04,1646.96,1540.2
2024-04-05,1646.96,1540.2
2024-04-06,1646.96,1540.2
2024-04-07,1646.96,1540.2
2024-04-08,1673.25,1551.3
2024-04-09,1673.25,1551.3
2024-04-10,1673.25,1551.3
2024-04-11,1673.25,1551.3
2024-04-12,1673.25,1551.3
2024-04-13,1673.25,1551.3
2024-04-14,1673.25,1551.3
2024-04-15,1695.05,1562.35
2024-04-16,1695.05,1562.35
2024-04-17,1695.05,1562.35
2024-04-18,1695.05,1562.35
2024-04-19,1695.05,1562.35
2024-04-20,1695.05,1562.35
2024-04-21,1695.05,1562.35
2024-04-22,1708.37,1566.73
2024-04-23,1708.37,1566.73
2024-04-24,1708.37,1566.73
2024-04-25,1708.37,1566.73
2024-04-26,1708.37,1566.73
2024-04-27,1708.37,1566.73
2024-04-28,1708.37,1566.73
2024-04-29,1712.93,1566.25
2024-04-30,1712.93,1566.25
2024-05-01,1712.93,1566.25
2024-05-02,1712.93,1566.25
2024-05-03,1712.93,1566.25
2024-05-04,1712.93,1566.25
2024-05-05,1712.93,1566.25
2024-05-06,1711.72,1560.77
2024-05-07,1711.72,1560.77
2024-05-08,1711.72,1560.77
2024-05-09,1711.72,1560.77
2024-05-10,1711.72,1560.77
2024-05-11,1711.72,1560.77
2024-05-12,1711.72,1560.77
