Date,GDP,Economic growth rate
2015-01-01,394273,2.4
2015-01-02,394273,2.4
2015-01-03,394273,2.4
2015-01-04,394273,2.4
2015-01-05,394273,2.4
2015-01-06,394273,2.4
2015-01-07,394273,2.4
2015-01-08,394273,2.4
2015-01-09,394273,2.4
2015-01-10,394273,2.4
2015-01-11,394273,2.4
2015-01-12,394273,2.4
2015-01-13,394273,2.4
2015-01-14,394273,2.4
2015-01-15,394273,2.4
2015-01-16,394273,2.4
2015-01-17,394273,2.4
2015-01-18,394273,2.4
2015-01-19,394273,2.4
2015-01-20,394273,2.4
2015-01-21,394273,2.4
2015-01-22,394273,2.4
2015-01-23,394273,2.4
2015-01-24,394273,2.4
2015-01-25,394273,2.4
2015-01-26,394273,2.4
2015-01-27,394273,2.4
2015-01-28,394273,2.4
2015-01-29,394273,2.4
2015-01-30,394273,2.4
2015-01-31,394273,2.4
2015-02-01,394273,2.4
2015-02-02,394273,2.4
2015-02-03,394273,2.4
2015-02-04,394273,2.4
2015-02-05,394273,2.4
2015-02-06,394273,2.4
2015-02-07,394273,2.4
2015-02-08,394273,2.4
2015-02-09,394273,2.4
2015-02-10,394273,2.4
2015-02-11,394273,2.4
2015-02-12,394273,2.4
2015-02-13,394273,2.4
2015-02-14,394273,2.4
2015-02-15,394273,2.4
2015-02-16,394273,2.4
2015-02-17,394273,2.4
2015-02-18,394273,2.4
2015-02-19,394273,2.4
2015-02-20,394273,2.4
2015-02-21,394273,2.4
2015-02-22,394273,2.4
2015-02-23,394273,2.4
2015-02-24,394273,2.4
2015-02-25,394273,2.4
2015-02-26,394273,2.4
2015-02-27,394273,2.4
2015-02-28,394273,2.4
2015-03-01,394273,2.4
2015-03-02,394273,2.4
2015-03-03,394273,2.4
2015-03-04,394273,2.4
2015-03-05,394273,2.4
2015-03-06,394273,2.4
2015-03-07,394273,2.4
2015-03-08,394273,2.4
2015-03-09,394273,2.4
2015-03-10,394273,2.4
2015-03-11,394273,2.4
2015-03-12,394273,2.4
2015-03-13,394273,2.4
2015-03-14,394273,2.4
2015-03-15,394273,2.4
2015-03-16,394273,2.4
2015-03-17,394273,2.4
2015-03-18,394273,2.4
2015-03-19,394273,2.4
2015-03-20,394273,2.4
2015-03-21,394273,2.4
2015-03-22,394273,2.4
2015-03-23,394273,2.4
2015-03-24,394273,2.4
2015-03-25,394273,2.4
2015-03-26,394273,2.4
2015-03-27,394273,2.4
2015-03-28,394273,2.4
2015-03-29,394273,2.4
2015-03-30,394273,2.4
2015-03-31,394273,2.4
2015-04-01,411387,2
2015-04-02,411387,2
2015-04-03,411387,2
2015-04-04,411387,2
2015-04-05,411387,2
2015-04-06,411387,2
2015-04-07,411387,2
2015-04-08,411387,2
2015-04-09,411387,2
2015-04-10,411387,2
2015-04-11,411387,2
2015-04-12,411387,2
2015-04-13,411387,2
2015-04-14,411387,2
2015-04-15,411387,2
2015-04-16,411387,2
2015-04-17,411387,2
2015-04-18,411387,2
2015-04-19,411387,2
2015-04-20,411387,2
2015-04-21,411387,2
2015-04-22,411387,2
2015-04-23,411387,2
2015-04-24,411387,2
2015-04-25,411387,2
2015-04-26,411387,2
2015-04-27,411387,2
2015-04-28,411387,2
2015-04-29,411387,2
2015-04-30,411387,2
2015-05-01,411387,2
2015-05-02,411387,2
2015-05-03,411387,2
2015-05-04,411387,2
2015-05-05,411387,2
2015-05-06,411387,2
2015-05-07,411387,2
2015-05-08,411387,2
2015-05-09,411387,2
2015-05-10,411387,2
2015-05-11,411387,2
2015-05-12,411387,2
2015-05-13,411387,2
2015-05-14,411387,2
2015-05-15,411387,2
2015-05-16,411387,2
2015-05-17,411387,2
2015-05-18,411387,2
2015-05-19,411387,2
2015-05-20,411387,2
2015-05-21,411387,2
2015-05-22,411387,2
2015-05-23,411387,2
2015-05-24,411387,2
2015-05-25,411387,2
2015-05-26,411387,2
2015-05-27,411387,2
2015-05-28,411387,2
2015-05-29,411387,2
2015-05-30,411387,2
2015-05-31,411387,2
2015-06-01,411387,2
2015-06-02,411387,2
2015-06-03,411387,2
2015-06-04,411387,2
2015-06-05,411387,2
2015-06-06,411387,2
2015-06-07,411387,2
2015-06-08,411387,2
2015-06-09,411387,2
2015-06-10,411387,2
2015-06-11,411387,2
2015-06-12,411387,2
2015-06-13,411387,2
2015-06-14,411387,2
2015-06-15,411387,2
2015-06-16,411387,2
2015-06-17,411387,2
2015-06-18,411387,2
2015-06-19,411387,2
2015-06-20,411387,2
2015-06-21,411387,2
2015-06-22,411387,2
2015-06-23,411387,2
2015-06-24,411387,2
2015-06-25,411387,2
2015-06-26,411387,2
2015-06-27,411387,2
2015-06-28,411387,2
2015-06-29,411387,2
2015-06-30,411387,2
2015-07-01,420791,3.3
2015-07-02,420791,3.3
2015-07-03,420791,3.3
2015-07-04,420791,3.3
2015-07-05,420791,3.3
2015-07-06,420791,3.3
2015-07-07,420791,3.3
2015-07-08,420791,3.3
2015-07-09,420791,3.3
2015-07-10,420791,3.3
2015-07-11,420791,3.3
2015-07-12,420791,3.3
2015-07-13,420791,3.3
2015-07-14,420791,3.3
2015-07-15,420791,3.3
2015-07-16,420791,3.3
2015-07-17,420791,3.3
2015-07-18,420791,3.3
2015-07-19,420791,3.3
2015-07-20,420791,3.3
2015-07-21,420791,3.3
2015-07-22,420791,3.3
2015-07-23,420791,3.3
2015-07-24,420791,3.3
2015-07-25,420791,3.3
2015-07-26,420791,3.3
2015-07-27,420791,3.3
2015-07-28,420791,3.3
2015-07-29,420791,3.3
2015-07-30,420791,3.3
2015-07-31,420791,3.3
2015-08-01,420791,3.3
2015-08-02,420791,3.3
2015-08-03,420791,3.3
2015-08-04,420791,3.3
2015-08-05,420791,3.3
2015-08-06,420791,3.3
2015-08-07,420791,3.3
2015-08-08,420791,3.3
2015-08-09,420791,3.3
2015-08-10,420791,3.3
2015-08-11,420791,3.3
2015-08-12,420791,3.3
2015-08-13,420791,3.3
2015-08-14,420791,3.3
2015-08-15,420791,3.3
2015-08-16,420791,3.3
2015-08-17,420791,3.3
2015-08-18,420791,3.3
2015-08-19,420791,3.3
2015-08-20,420791,3.3
2015-08-21,420791,3.3
2015-08-22,420791,3.3
2015-08-23,420791,3.3
2015-08-24,420791,3.3
2015-08-25,420791,3.3
2015-08-26,420791,3.3
2015-08-27,420791,3.3
2015-08-28,420791,3.3
2015-08-29,420791,3.3
2015-08-30,420791,3.3
2015-08-31,420791,3.3
2015-09-01,420791,3.3
2015-09-02,420791,3.3
2015-09-03,420791,3.3
2015-09-04,420791,3.3
2015-09-05,420791,3.3
2015-09-06,420791,3.3
2015-09-07,420791,3.3
2015-09-08,420791,3.3
2015-09-09,420791,3.3
2015-09-10,420791,3.3
2015-09-11,420791,3.3
2015-09-12,420791,3.3
2015-09-13,420791,3.3
2015-09-14,420791,3.3
2015-09-15,420791,3.3
2015-09-16,420791,3.3
2015-09-17,420791,3.3
2015-09-18,420791,3.3
2015-09-19,420791,3.3
2015-09-20,420791,3.3
2015-09-21,420791,3.3
2015-09-22,420791,3.3
2015-09-23,420791,3.3
2015-09-24,420791,3.3
2015-09-25,420791,3.3
2015-09-26,420791,3.3
2015-09-27,420791,3.3
2015-09-28,420791,3.3
2015-09-29,420791,3.3
2015-09-30,420791,3.3
2015-10-01,431570,3.4
2015-10-02,431570,3.4
2015-10-03,431570,3.4
2015-10-04,431570,3.4
2015-10-05,431570,3.4
2015-10-06,431570,3.4
2015-10-07,431570,3.4
2015-10-08,431570,3.4
2015-10-09,431570,3.4
2015-10-10,431570,3.4
2015-10-11,431570,3.4
2015-10-12,431570,3.4
2015-10-13,431570,3.4
2015-10-14,431570,3.4
2015-10-15,431570,3.4
2015-10-16,431570,3.4
2015-10-17,431570,3.4
2015-10-18,431570,3.4
2015-10-19,431570,3.4
2015-10-20,431570,3.4
2015-10-21,431570,3.4
2015-10-22,431570,3.4
2015-10-23,431570,3.4
2015-10-24,431570,3.4
2015-10-25,431570,3.4
2015-10-26,431570,3.4
2015-10-27,431570,3.4
2015-10-28,431570,3.4
2015-10-29,431570,3.4
2015-10-30,431570,3.4
2015-10-31,431570,3.4
2015-11-01,431570,3.4
2015-11-02,431570,3.4
2015-11-03,431570,3.4
2015-11-04,431570,3.4
2015-11-05,431570,3.4
2015-11-06,431570,3.4
2015-11-07,431570,3.4
2015-11-08,431570,3.4
2015-11-09,431570,3.4
2015-11-10,431570,3.4
2015-11-11,431570,3.4
2015-11-12,431570,3.4
2015-11-13,431570,3.4
2015-11-14,431570,3.4
2015-11-15,431570,3.4
2015-11-16,431570,3.4
2015-11-17,431570,3.4
2015-11-18,431570,3.4
2015-11-19,431570,3.4
2015-11-20,431570,3.4
2015-11-21,431570,3.4
2015-11-22,431570,3.4
2015-11-23,431570,3.4
2015-11-24,431570,3.4
2015-11-25,431570,3.4
2015-11-26,431570,3.4
2015-11-27,431570,3.4
2015-11-28,431570,3.4
2015-11-29,431570,3.4
2015-11-30,431570,3.4
2015-12-01,431570,3.4
2015-12-02,431570,3.4
2015-12-03,431570,3.4
2015-12-04,431570,3.4
2015-12-05,431570,3.4
2015-12-06,431570,3.4
2015-12-07,431570,3.4
2015-12-08,431570,3.4
2015-12-09,431570,3.4
2015-12-10,431570,3.4
2015-12-11,431570,3.4
2015-12-12,431570,3.4
2015-12-13,431570,3.4
2015-12-14,431570,3.4
2015-12-15,431570,3.4
2015-12-16,431570,3.4
2015-12-17,431570,3.4
2015-12-18,431570,3.4
2015-12-19,431570,3.4
2015-12-20,431570,3.4
2015-12-21,431570,3.4
2015-12-22,431570,3.4
2015-12-23,431570,3.4
2015-12-24,431570,3.4
2015-12-25,431570,3.4
2015-12-26,431570,3.4
2015-12-27,431570,3.4
2015-12-28,431570,3.4
2015-12-29,431570,3.4
2015-12-30,431570,3.4
2015-12-31,431570,3.4
2016-01-01,413495,2.8
2016-01-02,413495,2.8
2016-01-03,413495,2.8
2016-01-04,413495,2.8
2016-01-05,413495,2.8
2016-01-06,413495,2.8
2016-01-07,413495,2.8
2016-01-08,413495,2.8
2016-01-09,413495,2.8
2016-01-10,413495,2.8
2016-01-11,413495,2.8
2016-01-12,413495,2.8
2016-01-13,413495,2.8
2016-01-14,413495,2.8
2016-01-15,413495,2.8
2016-01-16,413495,2.8
2016-01-17,413495,2.8
2016-01-18,413495,2.8
2016-01-19,413495,2.8
2016-01-20,413495,2.8
2016-01-21,413495,2.8
2016-01-22,413495,2.8
2016-01-23,413495,2.8
2016-01-24,413495,2.8
2016-01-25,413495,2.8
2016-01-26,413495,2.8
2016-01-27,413495,2.8
2016-01-28,413495,2.8
2016-01-29,413495,2.8
2016-01-30,413495,2.8
2016-01-31,413495,2.8
2016-02-01,413495,2.8
2016-02-02,413495,2.8
2016-02-03,413495,2.8
2016-02-04,413495,2.8
2016-02-05,413495,2.8
2016-02-06,413495,2.8
2016-02-07,413495,2.8
2016-02-08,413495,2.8
2016-02-09,413495,2.8
2016-02-10,413495,2.8
2016-02-11,413495,2.8
2016-02-12,413495,2.8
2016-02-13,413495,2.8
2016-02-14,413495,2.8
2016-02-15,413495,2.8
2016-02-16,413495,2.8
2016-02-17,413495,2.8
2016-02-18,413495,2.8
2016-02-19,413495,2.8
2016-02-20,413495,2.8
2016-02-21,413495,2.8
2016-02-22,413495,2.8
2016-02-23,413495,2.8
2016-02-24,413495,2.8
2016-02-25,413495,2.8
2016-02-26,413495,2.8
2016-02-27,413495,2.8
2016-02-28,413495,2.8
2016-02-29,413495,2.8
2016-03-01,413495,2.8
2016-03-02,413495,2.8
2016-03-03,413495,2.8
2016-03-04,413495,2.8
2016-03-05,413495,2.8
2016-03-06,413495,2.8
2016-03-07,413495,2.8
2016-03-08,413495,2.8
2016-03-09,413495,2.8
2016-03-10,413495,2.8
2016-03-11,413495,2.8
2016-03-12,413495,2.8
2016-03-13,413495,2.8
2016-03-14,413495,2.8
2016-03-15,413495,2.8
2016-03-16,413495,2.8
2016-03-17,413495,2.8
2016-03-18,413495,2.8
2016-03-19,413495,2.8
2016-03-20,413495,2.8
2016-03-21,413495,2.8
2016-03-22,413495,2.8
2016-03-23,413495,2.8
2016-03-24,413495,2.8
2016-03-25,413495,2.8
2016-03-26,413495,2.8
2016-03-27,413495,2.8
2016-03-28,413495,2.8
2016-03-29,413495,2.8
2016-03-30,413495,2.8
2016-03-31,413495,2.8
2016-04-01,434536,3.6
2016-04-02,434536,3.6
2016-04-03,434536,3.6
2016-04-04,434536,3.6
2016-04-05,434536,3.6
2016-04-06,434536,3.6
2016-04-07,434536,3.6
2016-04-08,434536,3.6
2016-04-09,434536,3.6
2016-04-10,434536,3.6
2016-04-11,434536,3.6
2016-04-12,434536,3.6
2016-04-13,434536,3.6
2016-04-14,434536,3.6
2016-04-15,434536,3.6
2016-04-16,434536,3.6
2016-04-17,434536,3.6
2016-04-18,434536,3.6
2016-04-19,434536,3.6
2016-04-20,434536,3.6
2016-04-21,434536,3.6
2016-04-22,434536,3.6
2016-04-23,434536,3.6
2016-04-24,434536,3.6
2016-04-25,434536,3.6
2016-04-26,434536,3.6
2016-04-27,434536,3.6
2016-04-28,434536,3.6
2016-04-29,434536,3.6
2016-04-30,434536,3.6
2016-05-01,434536,3.6
2016-05-02,434536,3.6
2016-05-03,434536,3.6
2016-05-04,434536,3.6
2016-05-05,434536,3.6
2016-05-06,434536,3.6
2016-05-07,434536,3.6
2016-05-08,434536,3.6
2016-05-09,434536,3.6
2016-05-10,434536,3.6
2016-05-11,434536,3.6
2016-05-12,434536,3.6
2016-05-13,434536,3.6
2016-05-14,434536,3.6
2016-05-15,434536,3.6
2016-05-16,434536,3.6
2016-05-17,434536,3.6
2016-05-18,434536,3.6
2016-05-19,434536,3.6
2016-05-20,434536,3.6
2016-05-21,434536,3.6
2016-05-22,434536,3.6
2016-05-23,434536,3.6
2016-05-24,434536,3.6
2016-05-25,434536,3.6
2016-05-26,434536,3.6
2016-05-27,434536,3.6
2016-05-28,434536,3.6
2016-05-29,434536,3.6
2016-05-30,434536,3.6
2016-05-31,434536,3.6
2016-06-01,434536,3.6
2016-06-02,434536,3.6
2016-06-03,434536,3.6
2016-06-04,434536,3.6
2016-06-05,434536,3.6
2016-06-06,434536,3.6
2016-06-07,434536,3.6
2016-06-08,434536,3.6
2016-06-09,434536,3.6
2016-06-10,434536,3.6
2016-06-11,434536,3.6
2016-06-12,434536,3.6
2016-06-13,434536,3.6
2016-06-14,434536,3.6
2016-06-15,434536,3.6
2016-06-16,434536,3.6
2016-06-17,434536,3.6
2016-06-18,434536,3.6
2016-06-19,434536,3.6
2016-06-20,434536,3.6
2016-06-21,434536,3.6
2016-06-22,434536,3.6
2016-06-23,434536,3.6
2016-06-24,434536,3.6
2016-06-25,434536,3.6
2016-06-26,434536,3.6
2016-06-27,434536,3.6
2016-06-28,434536,3.6
2016-06-29,434536,3.6
2016-06-30,434536,3.6
2016-07-01,439480,2.8
2016-07-02,439480,2.8
2016-07-03,439480,2.8
2016-07-04,439480,2.8
2016-07-05,439480,2.8
2016-07-06,439480,2.8
2016-07-07,439480,2.8
2016-07-08,439480,2.8
2016-07-09,439480,2.8
2016-07-10,439480,2.8
2016-07-11,439480,2.8
2016-07-12,439480,2.8
2016-07-13,439480,2.8
2016-07-14,439480,2.8
2016-07-15,439480,2.8
2016-07-16,439480,2.8
2016-07-17,439480,2.8
2016-07-18,439480,2.8
2016-07-19,439480,2.8
2016-07-20,439480,2.8
2016-07-21,439480,2.8
2016-07-22,439480,2.8
2016-07-23,439480,2.8
2016-07-24,439480,2.8
2016-07-25,439480,2.8
2016-07-26,439480,2.8
2016-07-27,439480,2.8
2016-07-28,439480,2.8
2016-07-29,439480,2.8
2016-07-30,439480,2.8
2016-07-31,439480,2.8
2016-08-01,439480,2.8
2016-08-02,439480,2.8
2016-08-03,439480,2.8
2016-08-04,439480,2.8
2016-08-05,439480,2.8
2016-08-06,439480,2.8
2016-08-07,439480,2.8
2016-08-08,439480,2.8
2016-08-09,439480,2.8
2016-08-10,439480,2.8
2016-08-11,439480,2.8
2016-08-12,439480,2.8
2016-08-13,439480,2.8
2016-08-14,439480,2.8
2016-08-15,439480,2.8
2016-08-16,439480,2.8
2016-08-17,439480,2.8
2016-08-18,439480,2.8
2016-08-19,439480,2.8
2016-08-20,439480,2.8
2016-08-21,439480,2.8
2016-08-22,439480,2.8
2016-08-23,439480,2.8
2016-08-24,439480,2.8
2016-08-25,439480,2.8
2016-08-26,439480,2.8
2016-08-27,439480,2.8
2016-08-28,439480,2.8
2016-08-29,439480,2.8
2016-08-30,439480,2.8
2016-08-31,439480,2.8
2016-09-01,439480,2.8
2016-09-02,439480,2.8
2016-09-03,439480,2.8
2016-09-04,439480,2.8
2016-09-05,439480,2.8
2016-09-06,439480,2.8
2016-09-07,439480,2.8
2016-09-08,439480,2.8
2016-09-09,439480,2.8
2016-09-10,439480,2.8
2016-09-11,439480,2.8
2016-09-12,439480,2.8
2016-09-13,439480,2.8
2016-09-14,439480,2.8
2016-09-15,439480,2.8
2016-09-16,439480,2.8
2016-09-17,439480,2.8
2016-09-18,439480,2.8
2016-09-19,439480,2.8
2016-09-20,439480,2.8
2016-09-21,439480,2.8
2016-09-22,439480,2.8
2016-09-23,439480,2.8
2016-09-24,439480,2.8
2016-09-25,439480,2.8
2016-09-26,439480,2.8
2016-09-27,439480,2.8
2016-09-28,439480,2.8
2016-09-29,439480,2.8
2016-09-30,439480,2.8
2016-10-01,453268,2.6
2016-10-02,453268,2.6
2016-10-03,453268,2.6
2016-10-04,453268,2.6
2016-10-05,453268,2.6
2016-10-06,453268,2.6
2016-10-07,453268,2.6
2016-10-08,453268,2.6
2016-10-09,453268,2.6
2016-10-10,453268,2.6
2016-10-11,453268,2.6
2016-10-12,453268,2.6
2016-10-13,453268,2.6
2016-10-14,453268,2.6
2016-10-15,453268,2.6
2016-10-16,453268,2.6
2016-10-17,453268,2.6
2016-10-18,453268,2.6
2016-10-19,453268,2.6
2016-10-20,453268,2.6
2016-10-21,453268,2.6
2016-10-22,453268,2.6
2016-10-23,453268,2.6
2016-10-24,453268,2.6
2016-10-25,453268,2.6
2016-10-26,453268,2.6
2016-10-27,453268,2.6
2016-10-28,453268,2.6
2016-10-29,453268,2.6
2016-10-30,453268,2.6
2016-10-31,453268,2.6
2016-11-01,453268,2.6
2016-11-02,453268,2.6
2016-11-03,453268,2.6
2016-11-04,453268,2.6
2016-11-05,453268,2.6
2016-11-06,453268,2.6
2016-11-07,453268,2.6
2016-11-08,453268,2.6
2016-11-09,453268,2.6
2016-11-10,453268,2.6
2016-11-11,453268,2.6
2016-11-12,453268,2.6
2016-11-13,453268,2.6
2016-11-14,453268,2.6
2016-11-15,453268,2.6
2016-11-16,453268,2.6
2016-11-17,453268,2.6
2016-11-18,453268,2.6
2016-11-19,453268,2.6
2016-11-20,453268,2.6
2016-11-21,453268,2.6
2016-11-22,453268,2.6
2016-11-23,453268,2.6
2016-11-24,453268,2.6
2016-11-25,453268,2.6
2016-11-26,453268,2.6
2016-11-27,453268,2.6
2016-11-28,453268,2.6
2016-11-29,453268,2.6
2016-11-30,453268,2.6
2016-12-01,453268,2.6
2016-12-02,453268,2.6
2016-12-03,453268,2.6
2016-12-04,453268,2.6
2016-12-05,453268,2.6
2016-12-06,453268,2.6
2016-12-07,453268,2.6
2016-12-08,453268,2.6
2016-12-09,453268,2.6
2016-12-10,453268,2.6
2016-12-11,453268,2.6
2016-12-12,453268,2.6
2016-12-13,453268,2.6
2016-12-14,453268,2.6
2016-12-15,453268,2.6
2016-12-16,453268,2.6
2016-12-17,453268,2.6
2016-12-18,453268,2.6
2016-12-19,453268,2.6
2016-12-20,453268,2.6
2016-12-21,453268,2.6
2016-12-22,453268,2.6
2016-12-23,453268,2.6
2016-12-24,453268,2.6
2016-12-25,453268,2.6
2016-12-26,453268,2.6
2016-12-27,453268,2.6
2016-12-28,453268,2.6
2016-12-29,453268,2.6
2016-12-30,453268,2.6
2016-12-31,453268,2.6
2017-01-01,433086,3.1
2017-01-02,433086,3.1
2017-01-03,433086,3.1
2017-01-04,433086,3.1
2017-01-05,433086,3.1
2017-01-06,433086,3.1
2017-01-07,433086,3.1
2017-01-08,433086,3.1
2017-01-09,433086,3.1
2017-01-10,433086,3.1
2017-01-11,433086,3.1
2017-01-12,433086,3.1
2017-01-13,433086,3.1
2017-01-14,433086,3.1
2017-01-15,433086,3.1
2017-01-16,433086,3.1
2017-01-17,433086,3.1
2017-01-18,433086,3.1
2017-01-19,433086,3.1
2017-01-20,433086,3.1
2017-01-21,433086,3.1
2017-01-22,433086,3.1
2017-01-23,433086,3.1
2017-01-24,433086,3.1
2017-01-25,433086,3.1
2017-01-26,433086,3.1
2017-01-27,433086,3.1
2017-01-28,433086,3.1
2017-01-29,433086,3.1
2017-01-30,433086,3.1
2017-01-31,433086,3.1
2017-02-01,433086,3.1
2017-02-02,433086,3.1
2017-02-03,433086,3.1
2017-02-04,433086,3.1
2017-02-05,433086,3.1
2017-02-06,433086,3.1
2017-02-07,433086,3.1
2017-02-08,433086,3.1
2017-02-09,433086,3.1
2017-02-10,433086,3.1
2017-02-11,433086,3.1
2017-02-12,433086,3.1
2017-02-13,433086,3.1
2017-02-14,433086,3.1
2017-02-15,433086,3.1
2017-02-16,433086,3.1
2017-02-17,433086,3.1
2017-02-18,433086,3.1
2017-02-19,433086,3.1
2017-02-20,433086,3.1
2017-02-21,433086,3.1
2017-02-22,433086,3.1
2017-02-23,433086,3.1
2017-02-24,433086,3.1
2017-02-25,433086,3.1
2017-02-26,433086,3.1
2017-02-27,433086,3.1
2017-02-28,433086,3.1
2017-03-01,433086,3.1
2017-03-02,433086,3.1
2017-03-03,433086,3.1
2017-03-04,433086,3.1
2017-03-05,433086,3.1
2017-03-06,433086,3.1
2017-03-07,433086,3.1
2017-03-08,433086,3.1
2017-03-09,433086,3.1
2017-03-10,433086,3.1
2017-03-11,433086,3.1
2017-03-12,433086,3.1
2017-03-13,433086,3.1
2017-03-14,433086,3.1
2017-03-15,433086,3.1
2017-03-16,433086,3.1
2017-03-17,433086,3.1
2017-03-18,433086,3.1
2017-03-19,433086,3.1
2017-03-20,433086,3.1
2017-03-21,433086,3.1
2017-03-22,433086,3.1
2017-03-23,433086,3.1
2017-03-24,433086,3.1
2017-03-25,433086,3.1
2017-03-26,433086,3.1
2017-03-27,433086,3.1
2017-03-28,433086,3.1
2017-03-29,433086,3.1
2017-03-30,433086,3.1
2017-03-31,433086,3.1
2017-04-01,454227,2.8
2017-04-02,454227,2.8
2017-04-03,454227,2.8
2017-04-04,454227,2.8
2017-04-05,454227,2.8
2017-04-06,454227,2.8
2017-04-07,454227,2.8
2017-04-08,454227,2.8
2017-04-09,454227,2.8
2017-04-10,454227,2.8
2017-04-11,454227,2.8
2017-04-12,454227,2.8
2017-04-13,454227,2.8
2017-04-14,454227,2.8
2017-04-15,454227,2.8
2017-04-16,454227,2.8
2017-04-17,454227,2.8
2017-04-18,454227,2.8
2017-04-19,454227,2.8
2017-04-20,454227,2.8
2017-04-21,454227,2.8
2017-04-22,454227,2.8
2017-04-23,454227,2.8
2017-04-24,454227,2.8
2017-04-25,454227,2.8
2017-04-26,454227,2.8
2017-04-27,454227,2.8
2017-04-28,454227,2.8
2017-04-29,454227,2.8
2017-04-30,454227,2.8
2017-05-01,454227,2.8
2017-05-02,454227,2.8
2017-05-03,454227,2.8
2017-05-04,454227,2.8
2017-05-05,454227,2.8
2017-05-06,454227,2.8
2017-05-07,454227,2.8
2017-05-08,454227,2.8
2017-05-09,454227,2.8
2017-05-10,454227,2.8
2017-05-11,454227,2.8
2017-05-12,454227,2.8
2017-05-13,454227,2.8
2017-05-14,454227,2.8
2017-05-15,454227,2.8
2017-05-16,454227,2.8
2017-05-17,454227,2.8
2017-05-18,454227,2.8
2017-05-19,454227,2.8
2017-05-20,454227,2.8
2017-05-21,454227,2.8
2017-05-22,454227,2.8
2017-05-23,454227,2.8
2017-05-24,454227,2.8
2017-05-25,454227,2.8
2017-05-26,454227,2.8
2017-05-27,454227,2.8
2017-05-28,454227,2.8
2017-05-29,454227,2.8
2017-05-30,454227,2.8
2017-05-31,454227,2.8
2017-06-01,454227,2.8
2017-06-02,454227,2.8
2017-06-03,454227,2.8
2017-06-04,454227,2.8
2017-06-05,454227,2.8
2017-06-06,454227,2.8
2017-06-07,454227,2.8
2017-06-08,454227,2.8
2017-06-09,454227,2.8
2017-06-10,454227,2.8
2017-06-11,454227,2.8
2017-06-12,454227,2.8
2017-06-13,454227,2.8
2017-06-14,454227,2.8
2017-06-15,454227,2.8
2017-06-16,454227,2.8
2017-06-17,454227,2.8
2017-06-18,454227,2.8
2017-06-19,454227,2.8
2017-06-20,454227,2.8
2017-06-21,454227,2.8
2017-06-22,454227,2.8
2017-06-23,454227,2.8
2017-06-24,454227,2.8
2017-06-25,454227,2.8
2017-06-26,454227,2.8
2017-06-27,454227,2.8
2017-06-28,454227,2.8
2017-06-29,454227,2.8
2017-06-30,454227,2.8
2017-07-01,473428,3.9
2017-07-02,473428,3.9
2017-07-03,473428,3.9
2017-07-04,473428,3.9
2017-07-05,473428,3.9
2017-07-06,473428,3.9
2017-07-07,473428,3.9
2017-07-08,473428,3.9
2017-07-09,473428,3.9
2017-07-10,473428,3.9
2017-07-11,473428,3.9
2017-07-12,473428,3.9
2017-07-13,473428,3.9
2017-07-14,473428,3.9
2017-07-15,473428,3.9
2017-07-16,473428,3.9
2017-07-17,473428,3.9
2017-07-18,473428,3.9
2017-07-19,473428,3.9
2017-07-20,473428,3.9
2017-07-21,473428,3.9
2017-07-22,473428,3.9
2017-07-23,473428,3.9
2017-07-24,473428,3.9
2017-07-25,473428,3.9
2017-07-26,473428,3.9
2017-07-27,473428,3.9
2017-07-28,473428,3.9
2017-07-29,473428,3.9
2017-07-30,473428,3.9
2017-07-31,473428,3.9
2017-08-01,473428,3.9
2017-08-02,473428,3.9
2017-08-03,473428,3.9
2017-08-04,473428,3.9
2017-08-05,473428,3.9
2017-08-06,473428,3.9
2017-08-07,473428,3.9
2017-08-08,473428,3.9
2017-08-09,473428,3.9
2017-08-10,473428,3.9
2017-08-11,473428,3.9
2017-08-12,473428,3.9
2017-08-13,473428,3.9
2017-08-14,473428,3.9
2017-08-15,473428,3.9
2017-08-16,473428,3.9
2017-08-17,473428,3.9
2017-08-18,473428,3.9
2017-08-19,473428,3.9
2017-08-20,473428,3.9
2017-08-21,473428,3.9
2017-08-22,473428,3.9
2017-08-23,473428,3.9
2017-08-24,473428,3.9
2017-08-25,473428,3.9
2017-08-26,473428,3.9
2017-08-27,473428,3.9
2017-08-28,473428,3.9
2017-08-29,473428,3.9
2017-08-30,473428,3.9
2017-08-31,473428,3.9
2017-09-01,473428,3.9
2017-09-02,473428,3.9
2017-09-03,473428,3.9
2017-09-04,473428,3.9
2017-09-05,473428,3.9
2017-09-06,473428,3.9
2017-09-07,473428,3.9
2017-09-08,473428,3.9
2017-09-09,473428,3.9
2017-09-10,473428,3.9
2017-09-11,473428,3.9
2017-09-12,473428,3.9
2017-09-13,473428,3.9
2017-09-14,473428,3.9
2017-09-15,473428,3.9
2017-09-16,473428,3.9
2017-09-17,473428,3.9
2017-09-18,473428,3.9
2017-09-19,473428,3.9
2017-09-20,473428,3.9
2017-09-21,473428,3.9
2017-09-22,473428,3.9
2017-09-23,473428,3.9
2017-09-24,473428,3.9
2017-09-25,473428,3.9
2017-09-26,473428,3.9
2017-09-27,473428,3.9
2017-09-28,473428,3.9
2017-09-29,473428,3.9
2017-09-30,473428,3.9
2017-10-01,474958,2.9
2017-10-02,474958,2.9
2017-10-03,474958,2.9
2017-10-04,474958,2.9
2017-10-05,474958,2.9
2017-10-06,474958,2.9
2017-10-07,474958,2.9
2017-10-08,474958,2.9
2017-10-09,474958,2.9
2017-10-10,474958,2.9
2017-10-11,474958,2.9
2017-10-12,474958,2.9
2017-10-13,474958,2.9
2017-10-14,474958,2.9
2017-10-15,474958,2.9
2017-10-16,474958,2.9
2017-10-17,474958,2.9
2017-10-18,474958,2.9
2017-10-19,474958,2.9
2017-10-20,474958,2.9
2017-10-21,474958,2.9
2017-10-22,474958,2.9
2017-10-23,474958,2.9
2017-10-24,474958,2.9
2017-10-25,474958,2.9
2017-10-26,474958,2.9
2017-10-27,474958,2.9
2017-10-28,474958,2.9
2017-10-29,474958,2.9
2017-10-30,474958,2.9
2017-10-31,474958,2.9
2017-11-01,474958,2.9
2017-11-02,474958,2.9
2017-11-03,474958,2.9
2017-11-04,474958,2.9
2017-11-05,474958,2.9
2017-11-06,474958,2.9
2017-11-07,474958,2.9
2017-11-08,474958,2.9
2017-11-09,474958,2.9
2017-11-10,474958,2.9
2017-11-11,474958,2.9
2017-11-12,474958,2.9
2017-11-13,474958,2.9
2017-11-14,474958,2.9
2017-11-15,474958,2.9
2017-11-16,474958,2.9
2017-11-17,474958,2.9
2017-11-18,474958,2.9
2017-11-19,474958,2.9
2017-11-20,474958,2.9
2017-11-21,474958,2.9
2017-11-22,474958,2.9
2017-11-23,474958,2.9
2017-11-24,474958,2.9
2017-11-25,474958,2.9
2017-11-26,474958,2.9
2017-11-27,474958,2.9
2017-11-28,474958,2.9
2017-11-29,474958,2.9
2017-11-30,474958,2.9
2017-12-01,474958,2.9
2017-12-02,474958,2.9
2017-12-03,474958,2.9
2017-12-04,474958,2.9
2017-12-05,474958,2.9
2017-12-06,474958,2.9
2017-12-07,474958,2.9
2017-12-08,474958,2.9
2017-12-09,474958,2.9
2017-12-10,474958,2.9
2017-12-11,474958,2.9
2017-12-12,474958,2.9
2017-12-13,474958,2.9
2017-12-14,474958,2.9
2017-12-15,474958,2.9
2017-12-16,474958,2.9
2017-12-17,474958,2.9
2017-12-18,474958,2.9
2017-12-19,474958,2.9
2017-12-20,474958,2.9
2017-12-21,474958,2.9
2017-12-22,474958,2.9
2017-12-23,474958,2.9
2017-12-24,474958,2.9
2017-12-25,474958,2.9
2017-12-26,474958,2.9
2017-12-27,474958,2.9
2017-12-28,474958,2.9
2017-12-29,474958,2.9
2017-12-30,474958,2.9
2017-12-31,474958,2.9
2018-01-01,449358,2.9
2018-01-02,449358,2.9
2018-01-03,449358,2.9
2018-01-04,449358,2.9
2018-01-05,449358,2.9
2018-01-06,449358,2.9
2018-01-07,449358,2.9
2018-01-08,449358,2.9
2018-01-09,449358,2.9
2018-01-10,449358,2.9
2018-01-11,449358,2.9
2018-01-12,449358,2.9
2018-01-13,449358,2.9
2018-01-14,449358,2.9
2018-01-15,449358,2.9
2018-01-16,449358,2.9
2018-01-17,449358,2.9
2018-01-18,449358,2.9
2018-01-19,449358,2.9
2018-01-20,449358,2.9
2018-01-21,449358,2.9
2018-01-22,449358,2.9
2018-01-23,449358,2.9
2018-01-24,449358,2.9
2018-01-25,449358,2.9
2018-01-26,449358,2.9
2018-01-27,449358,2.9
2018-01-28,449358,2.9
2018-01-29,449358,2.9
2018-01-30,449358,2.9
2018-01-31,449358,2.9
2018-02-01,449358,2.9
2018-02-02,449358,2.9
2018-02-03,449358,2.9
2018-02-04,449358,2.9
2018-02-05,449358,2.9
2018-02-06,449358,2.9
2018-02-07,449358,2.9
2018-02-08,449358,2.9
2018-02-09,449358,2.9
2018-02-10,449358,2.9
2018-02-11,449358,2.9
2018-02-12,449358,2.9
2018-02-13,449358,2.9
2018-02-14,449358,2.9
2018-02-15,449358,2.9
2018-02-16,449358,2.9
2018-02-17,449358,2.9
2018-02-18,449358,2.9
2018-02-19,449358,2.9
2018-02-20,449358,2.9
2018-02-21,449358,2.9
2018-02-22,449358,2.9
2018-02-23,449358,2.9
2018-02-24,449358,2.9
2018-02-25,449358,2.9
2018-02-26,449358,2.9
2018-02-27,449358,2.9
2018-02-28,449358,2.9
2018-03-01,449358,2.9
2018-03-02,449358,2.9
2018-03-03,449358,2.9
2018-03-04,449358,2.9
2018-03-05,449358,2.9
2018-03-06,449358,2.9
2018-03-07,449358,2.9
2018-03-08,449358,2.9
2018-03-09,449358,2.9
2018-03-10,449358,2.9
2018-03-11,449358,2.9
2018-03-12,449358,2.9
2018-03-13,449358,2.9
2018-03-14,449358,2.9
2018-03-15,449358,2.9
2018-03-16,449358,2.9
2018-03-17,449358,2.9
2018-03-18,449358,2.9
2018-03-19,449358,2.9
2018-03-20,449358,2.9
2018-03-21,449358,2.9
2018-03-22,449358,2.9
2018-03-23,449358,2.9
2018-03-24,449358,2.9
2018-03-25,449358,2.9
2018-03-26,449358,2.9
2018-03-27,449358,2.9
2018-03-28,449358,2.9
2018-03-29,449358,2.9
2018-03-30,449358,2.9
2018-03-31,449358,2.9
2018-04-01,472929,3.1
2018-04-02,472929,3.1
2018-04-03,472929,3.1
2018-04-04,472929,3.1
2018-04-05,472929,3.1
2018-04-06,472929,3.1
2018-04-07,472929,3.1
2018-04-08,472929,3.1
2018-04-09,472929,3.1
2018-04-10,472929,3.1
2018-04-11,472929,3.1
2018-04-12,472929,3.1
2018-04-13,472929,3.1
2018-04-14,472929,3.1
2018-04-15,472929,3.1
2018-04-16,472929,3.1
2018-04-17,472929,3.1
2018-04-18,472929,3.1
2018-04-19,472929,3.1
2018-04-20,472929,3.1
2018-04-21,472929,3.1
2018-04-22,472929,3.1
2018-04-23,472929,3.1
2018-04-24,472929,3.1
2018-04-25,472929,3.1
2018-04-26,472929,3.1
2018-04-27,472929,3.1
2018-04-28,472929,3.1
2018-04-29,472929,3.1
2018-04-30,472929,3.1
2018-05-01,472929,3.1
2018-05-02,472929,3.1
2018-05-03,472929,3.1
2018-05-04,472929,3.1
2018-05-05,472929,3.1
2018-05-06,472929,3.1
2018-05-07,472929,3.1
2018-05-08,472929,3.1
2018-05-09,472929,3.1
2018-05-10,472929,3.1
2018-05-11,472929,3.1
2018-05-12,472929,3.1
2018-05-13,472929,3.1
2018-05-14,472929,3.1
2018-05-15,472929,3.1
2018-05-16,472929,3.1
2018-05-17,472929,3.1
2018-05-18,472929,3.1
2018-05-19,472929,3.1
2018-05-20,472929,3.1
2018-05-21,472929,3.1
2018-05-22,472929,3.1
2018-05-23,472929,3.1
2018-05-24,472929,3.1
2018-05-25,472929,3.1
2018-05-26,472929,3.1
2018-05-27,472929,3.1
2018-05-28,472929,3.1
2018-05-29,472929,3.1
2018-05-30,472929,3.1
2018-05-31,472929,3.1
2018-06-01,472929,3.1
2018-06-02,472929,3.1
2018-06-03,472929,3.1
2018-06-04,472929,3.1
2018-06-05,472929,3.1
2018-06-06,472929,3.1
2018-06-07,472929,3.1
2018-06-08,472929,3.1
2018-06-09,472929,3.1
2018-06-10,472929,3.1
2018-06-11,472929,3.1
2018-06-12,472929,3.1
2018-06-13,472929,3.1
2018-06-14,472929,3.1
2018-06-15,472929,3.1
2018-06-16,472929,3.1
2018-06-17,472929,3.1
2018-06-18,472929,3.1
2018-06-19,472929,3.1
2018-06-20,472929,3.1
2018-06-21,472929,3.1
2018-06-22,472929,3.1
2018-06-23,472929,3.1
2018-06-24,472929,3.1
2018-06-25,472929,3.1
2018-06-26,472929,3.1
2018-06-27,472929,3.1
2018-06-28,472929,3.1
2018-06-29,472929,3.1
2018-06-30,472929,3.1
2018-07-01,485724,2.4
2018-07-02,485724,2.4
2018-07-03,485724,2.4
2018-07-04,485724,2.4
2018-07-05,485724,2.4
2018-07-06,485724,2.4
2018-07-07,485724,2.4
2018-07-08,485724,2.4
2018-07-09,485724,2.4
2018-07-10,485724,2.4
2018-07-11,485724,2.4
2018-07-12,485724,2.4
2018-07-13,485724,2.4
2018-07-14,485724,2.4
2018-07-15,485724,2.4
2018-07-16,485724,2.4
2018-07-17,485724,2.4
2018-07-18,485724,2.4
2018-07-19,485724,2.4
2018-07-20,485724,2.4
2018-07-21,485724,2.4
2018-07-22,485724,2.4
2018-07-23,485724,2.4
2018-07-24,485724,2.4
2018-07-25,485724,2.4
2018-07-26,485724,2.4
2018-07-27,485724,2.4
2018-07-28,485724,2.4
2018-07-29,485724,2.4
2018-07-30,485724,2.4
2018-07-31,485724,2.4
2018-08-01,485724,2.4
2018-08-02,485724,2.4
2018-08-03,485724,2.4
2018-08-04,485724,2.4
2018-08-05,485724,2.4
2018-08-06,485724,2.4
2018-08-07,485724,2.4
2018-08-08,485724,2.4
2018-08-09,485724,2.4
2018-08-10,485724,2.4
2018-08-11,485724,2.4
2018-08-12,485724,2.4
2018-08-13,485724,2.4
2018-08-14,485724,2.4
2018-08-15,485724,2.4
2018-08-16,485724,2.4
2018-08-17,485724,2.4
2018-08-18,485724,2.4
2018-08-19,485724,2.4
2018-08-20,485724,2.4
2018-08-21,485724,2.4
2018-08-22,485724,2.4
2018-08-23,485724,2.4
2018-08-24,485724,2.4
2018-08-25,485724,2.4
2018-08-26,485724,2.4
2018-08-27,485724,2.4
2018-08-28,485724,2.4
2018-08-29,485724,2.4
2018-08-30,485724,2.4
2018-08-31,485724,2.4
2018-09-01,485724,2.4
2018-09-02,485724,2.4
2018-09-03,485724,2.4
2018-09-04,485724,2.4
2018-09-05,485724,2.4
2018-09-06,485724,2.4
2018-09-07,485724,2.4
2018-09-08,485724,2.4
2018-09-09,485724,2.4
2018-09-10,485724,2.4
2018-09-11,485724,2.4
2018-09-12,485724,2.4
2018-09-13,485724,2.4
2018-09-14,485724,2.4
2018-09-15,485724,2.4
2018-09-16,485724,2.4
2018-09-17,485724,2.4
2018-09-18,485724,2.4
2018-09-19,485724,2.4
2018-09-20,485724,2.4
2018-09-21,485724,2.4
2018-09-22,485724,2.4
2018-09-23,485724,2.4
2018-09-24,485724,2.4
2018-09-25,485724,2.4
2018-09-26,485724,2.4
2018-09-27,485724,2.4
2018-09-28,485724,2.4
2018-09-29,485724,2.4
2018-09-30,485724,2.4
2018-10-01,490182,3.2
2018-10-02,490182,3.2
2018-10-03,490182,3.2
2018-10-04,490182,3.2
2018-10-05,490182,3.2
2018-10-06,490182,3.2
2018-10-07,490182,3.2
2018-10-08,490182,3.2
2018-10-09,490182,3.2
2018-10-10,490182,3.2
2018-10-11,490182,3.2
2018-10-12,490182,3.2
2018-10-13,490182,3.2
2018-10-14,490182,3.2
2018-10-15,490182,3.2
2018-10-16,490182,3.2
2018-10-17,490182,3.2
2018-10-18,490182,3.2
2018-10-19,490182,3.2
2018-10-20,490182,3.2
2018-10-21,490182,3.2
2018-10-22,490182,3.2
2018-10-23,490182,3.2
2018-10-24,490182,3.2
2018-10-25,490182,3.2
2018-10-26,490182,3.2
2018-10-27,490182,3.2
2018-10-28,490182,3.2
2018-10-29,490182,3.2
2018-10-30,490182,3.2
2018-10-31,490182,3.2
2018-11-01,490182,3.2
2018-11-02,490182,3.2
2018-11-03,490182,3.2
2018-11-04,490182,3.2
2018-11-05,490182,3.2
2018-11-06,490182,3.2
2018-11-07,490182,3.2
2018-11-08,490182,3.2
2018-11-09,490182,3.2
2018-11-10,490182,3.2
2018-11-11,490182,3.2
2018-11-12,490182,3.2
2018-11-13,490182,3.2
2018-11-14,490182,3.2
2018-11-15,490182,3.2
2018-11-16,490182,3.2
2018-11-17,490182,3.2
2018-11-18,490182,3.2
2018-11-19,490182,3.2
2018-11-20,490182,3.2
2018-11-21,490182,3.2
2018-11-22,490182,3.2
2018-11-23,490182,3.2
2018-11-24,490182,3.2
2018-11-25,490182,3.2
2018-11-26,490182,3.2
2018-11-27,490182,3.2
2018-11-28,490182,3.2
2018-11-29,490182,3.2
2018-11-30,490182,3.2
2018-12-01,490182,3.2
2018-12-02,490182,3.2
2018-12-03,490182,3.2
2018-12-04,490182,3.2
2018-12-05,490182,3.2
2018-12-06,490182,3.2
2018-12-07,490182,3.2
2018-12-08,490182,3.2
2018-12-09,490182,3.2
2018-12-10,490182,3.2
2018-12-11,490182,3.2
2018-12-12,490182,3.2
2018-12-13,490182,3.2
2018-12-14,490182,3.2
2018-12-15,490182,3.2
2018-12-16,490182,3.2
2018-12-17,490182,3.2
2018-12-18,490182,3.2
2018-12-19,490182,3.2
2018-12-20,490182,3.2
2018-12-21,490182,3.2
2018-12-22,490182,3.2
2018-12-23,490182,3.2
2018-12-24,490182,3.2
2018-12-25,490182,3.2
2018-12-26,490182,3.2
2018-12-27,490182,3.2
2018-12-28,490182,3.2
2018-12-29,490182,3.2
2018-12-30,490182,3.2
2018-12-31,490182,3.2
2019-01-01,455551,1.9
2019-01-02,455551,1.9
2019-01-03,455551,1.9
2019-01-04,455551,1.9
2019-01-05,455551,1.9
2019-01-06,455551,1.9
2019-01-07,455551,1.9
2019-01-08,455551,1.9
2019-01-09,455551,1.9
2019-01-10,455551,1.9
2019-01-11,455551,1.9
2019-01-12,455551,1.9
2019-01-13,455551,1.9
2019-01-14,455551,1.9
2019-01-15,455551,1.9
2019-01-16,455551,1.9
2019-01-17,455551,1.9
2019-01-18,455551,1.9
2019-01-19,455551,1.9
2019-01-20,455551,1.9
2019-01-21,455551,1.9
2019-01-22,455551,1.9
2019-01-23,455551,1.9
2019-01-24,455551,1.9
2019-01-25,455551,1.9
2019-01-26,455551,1.9
2019-01-27,455551,1.9
2019-01-28,455551,1.9
2019-01-29,455551,1.9
2019-01-30,455551,1.9
2019-01-31,455551,1.9
2019-02-01,455551,1.9
2019-02-02,455551,1.9
2019-02-03,455551,1.9
2019-02-04,455551,1.9
2019-02-05,455551,1.9
2019-02-06,455551,1.9
2019-02-07,455551,1.9
2019-02-08,455551,1.9
2019-02-09,455551,1.9
2019-02-10,455551,1.9
2019-02-11,455551,1.9
2019-02-12,455551,1.9
2019-02-13,455551,1.9
2019-02-14,455551,1.9
2019-02-15,455551,1.9
2019-02-16,455551,1.9
2019-02-17,455551,1.9
2019-02-18,455551,1.9
2019-02-19,455551,1.9
2019-02-20,455551,1.9
2019-02-21,455551,1.9
2019-02-22,455551,1.9
2019-02-23,455551,1.9
2019-02-24,455551,1.9
2019-02-25,455551,1.9
2019-02-26,455551,1.9
2019-02-27,455551,1.9
2019-02-28,455551,1.9
2019-03-01,455551,1.9
2019-03-02,455551,1.9
2019-03-03,455551,1.9
2019-03-04,455551,1.9
2019-03-05,455551,1.9
2019-03-06,455551,1.9
2019-03-07,455551,1.9
2019-03-08,455551,1.9
2019-03-09,455551,1.9
2019-03-10,455551,1.9
2019-03-11,455551,1.9
2019-03-12,455551,1.9
2019-03-13,455551,1.9
2019-03-14,455551,1.9
2019-03-15,455551,1.9
2019-03-16,455551,1.9
2019-03-17,455551,1.9
2019-03-18,455551,1.9
2019-03-19,455551,1.9
2019-03-20,455551,1.9
2019-03-21,455551,1.9
2019-03-22,455551,1.9
2019-03-23,455551,1.9
2019-03-24,455551,1.9
2019-03-25,455551,1.9
2019-03-26,455551,1.9
2019-03-27,455551,1.9
2019-03-28,455551,1.9
2019-03-29,455551,1.9
2019-03-30,455551,1.9
2019-03-31,455551,1.9
2019-04-01,480832,2.3
2019-04-02,480832,2.3
2019-04-03,480832,2.3
2019-04-04,480832,2.3
2019-04-05,480832,2.3
2019-04-06,480832,2.3
2019-04-07,480832,2.3
2019-04-08,480832,2.3
2019-04-09,480832,2.3
2019-04-10,480832,2.3
2019-04-11,480832,2.3
2019-04-12,480832,2.3
2019-04-13,480832,2.3
2019-04-14,480832,2.3
2019-04-15,480832,2.3
2019-04-16,480832,2.3
2019-04-17,480832,2.3
2019-04-18,480832,2.3
2019-04-19,480832,2.3
2019-04-20,480832,2.3
2019-04-21,480832,2.3
2019-04-22,480832,2.3
2019-04-23,480832,2.3
2019-04-24,480832,2.3
2019-04-25,480832,2.3
2019-04-26,480832,2.3
2019-04-27,480832,2.3
2019-04-28,480832,2.3
2019-04-29,480832,2.3
2019-04-30,480832,2.3
2019-05-01,480832,2.3
2019-05-02,480832,2.3
2019-05-03,480832,2.3
2019-05-04,480832,2.3
2019-05-05,480832,2.3
2019-05-06,480832,2.3
2019-05-07,480832,2.3
2019-05-08,480832,2.3
2019-05-09,480832,2.3
2019-05-10,480832,2.3
2019-05-11,480832,2.3
2019-05-12,480832,2.3
2019-05-13,480832,2.3
2019-05-14,480832,2.3
2019-05-15,480832,2.3
2019-05-16,480832,2.3
2019-05-17,480832,2.3
2019-05-18,480832,2.3
2019-05-19,480832,2.3
2019-05-20,480832,2.3
2019-05-21,480832,2.3
2019-05-22,480832,2.3
2019-05-23,480832,2.3
2019-05-24,480832,2.3
2019-05-25,480832,2.3
2019-05-26,480832,2.3
2019-05-27,480832,2.3
2019-05-28,480832,2.3
2019-05-29,480832,2.3
2019-05-30,480832,2.3
2019-05-31,480832,2.3
2019-06-01,480832,2.3
2019-06-02,480832,2.3
2019-06-03,480832,2.3
2019-06-04,480832,2.3
2019-06-05,480832,2.3
2019-06-06,480832,2.3
2019-06-07,480832,2.3
2019-06-08,480832,2.3
2019-06-09,480832,2.3
2019-06-10,480832,2.3
2019-06-11,480832,2.3
2019-06-12,480832,2.3
2019-06-13,480832,2.3
2019-06-14,480832,2.3
2019-06-15,480832,2.3
2019-06-16,480832,2.3
2019-06-17,480832,2.3
2019-06-18,480832,2.3
2019-06-19,480832,2.3
2019-06-20,480832,2.3
2019-06-21,480832,2.3
2019-06-22,480832,2.3
2019-06-23,480832,2.3
2019-06-24,480832,2.3
2019-06-25,480832,2.3
2019-06-26,480832,2.3
2019-06-27,480832,2.3
2019-06-28,480832,2.3
2019-06-29,480832,2.3
2019-06-30,480832,2.3
2019-07-01,488771,2.1
2019-07-02,488771,2.1
2019-07-03,488771,2.1
2019-07-04,488771,2.1
2019-07-05,488771,2.1
2019-07-06,488771,2.1
2019-07-07,488771,2.1
2019-07-08,488771,2.1
2019-07-09,488771,2.1
2019-07-10,488771,2.1
2019-07-11,488771,2.1
2019-07-12,488771,2.1
2019-07-13,488771,2.1
2019-07-14,488771,2.1
2019-07-15,488771,2.1
2019-07-16,488771,2.1
2019-07-17,488771,2.1
2019-07-18,488771,2.1
2019-07-19,488771,2.1
2019-07-20,488771,2.1
2019-07-21,488771,2.1
2019-07-22,488771,2.1
2019-07-23,488771,2.1
2019-07-24,488771,2.1
2019-07-25,488771,2.1
2019-07-26,488771,2.1
2019-07-27,488771,2.1
2019-07-28,488771,2.1
2019-07-29,488771,2.1
2019-07-30,488771,2.1
2019-07-31,488771,2.1
2019-08-01,488771,2.1
2019-08-02,488771,2.1
2019-08-03,488771,2.1
2019-08-04,488771,2.1
2019-08-05,488771,2.1
2019-08-06,488771,2.1
2019-08-07,488771,2.1
2019-08-08,488771,2.1
2019-08-09,488771,2.1
2019-08-10,488771,2.1
2019-08-11,488771,2.1
2019-08-12,488771,2.1
2019-08-13,488771,2.1
2019-08-14,488771,2.1
2019-08-15,488771,2.1
2019-08-16,488771,2.1
2019-08-17,488771,2.1
2019-08-18,488771,2.1
2019-08-19,488771,2.1
2019-08-20,488771,2.1
2019-08-21,488771,2.1
2019-08-22,488771,2.1
2019-08-23,488771,2.1
2019-08-24,488771,2.1
2019-08-25,488771,2.1
2019-08-26,488771,2.1
2019-08-27,488771,2.1
2019-08-28,488771,2.1
2019-08-29,488771,2.1
2019-08-30,488771,2.1
2019-08-31,488771,2.1
2019-09-01,488771,2.1
2019-09-02,488771,2.1
2019-09-03,488771,2.1
2019-09-04,488771,2.1
2019-09-05,488771,2.1
2019-09-06,488771,2.1
2019-09-07,488771,2.1
2019-09-08,488771,2.1
2019-09-09,488771,2.1
2019-09-10,488771,2.1
2019-09-11,488771,2.1
2019-09-12,488771,2.1
2019-09-13,488771,2.1
2019-09-14,488771,2.1
2019-09-15,488771,2.1
2019-09-16,488771,2.1
2019-09-17,488771,2.1
2019-09-18,488771,2.1
2019-09-19,488771,2.1
2019-09-20,488771,2.1
2019-09-21,488771,2.1
2019-09-22,488771,2.1
2019-09-23,488771,2.1
2019-09-24,488771,2.1
2019-09-25,488771,2.1
2019-09-26,488771,2.1
2019-09-27,488771,2.1
2019-09-28,488771,2.1
2019-09-29,488771,2.1
2019-09-30,488771,2.1
2019-10-01,499344,2.7
2019-10-02,499344,2.7
2019-10-03,499344,2.7
2019-10-04,499344,2.7
2019-10-05,499344,2.7
2019-10-06,499344,2.7
2019-10-07,499344,2.7
2019-10-08,499344,2.7
2019-10-09,499344,2.7
2019-10-10,499344,2.7
2019-10-11,499344,2.7
2019-10-12,499344,2.7
2019-10-13,499344,2.7
2019-10-14,499344,2.7
2019-10-15,499344,2.7
2019-10-16,499344,2.7
2019-10-17,499344,2.7
2019-10-18,499344,2.7
2019-10-19,499344,2.7
2019-10-20,499344,2.7
2019-10-21,499344,2.7
2019-10-22,499344,2.7
2019-10-23,499344,2.7
2019-10-24,499344,2.7
2019-10-25,499344,2.7
2019-10-26,499344,2.7
2019-10-27,499344,2.7
2019-10-28,499344,2.7
2019-10-29,499344,2.7
2019-10-30,499344,2.7
2019-10-31,499344,2.7
2019-11-01,499344,2.7
2019-11-02,499344,2.7
2019-11-03,499344,2.7
2019-11-04,499344,2.7
2019-11-05,499344,2.7
2019-11-06,499344,2.7
2019-11-07,499344,2.7
2019-11-08,499344,2.7
2019-11-09,499344,2.7
2019-11-10,499344,2.7
2019-11-11,499344,2.7
2019-11-12,499344,2.7
2019-11-13,499344,2.7
2019-11-14,499344,2.7
2019-11-15,499344,2.7
2019-11-16,499344,2.7
2019-11-17,499344,2.7
2019-11-18,499344,2.7
2019-11-19,499344,2.7
2019-11-20,499344,2.7
2019-11-21,499344,2.7
2019-11-22,499344,2.7
2019-11-23,499344,2.7
2019-11-24,499344,2.7
2019-11-25,499344,2.7
2019-11-26,499344,2.7
2019-11-27,499344,2.7
2019-11-28,499344,2.7
2019-11-29,499344,2.7
2019-11-30,499344,2.7
2019-12-01,499344,2.7
2019-12-02,499344,2.7
2019-12-03,499344,2.7
2019-12-04,499344,2.7
2019-12-05,499344,2.7
2019-12-06,499344,2.7
2019-12-07,499344,2.7
2019-12-08,499344,2.7
2019-12-09,499344,2.7
2019-12-10,499344,2.7
2019-12-11,499344,2.7
2019-12-12,499344,2.7
2019-12-13,499344,2.7
2019-12-14,499344,2.7
2019-12-15,499344,2.7
2019-12-16,499344,2.7
2019-12-17,499344,2.7
2019-12-18,499344,2.7
2019-12-19,499344,2.7
2019-12-20,499344,2.7
2019-12-21,499344,2.7
2019-12-22,499344,2.7
2019-12-23,499344,2.7
2019-12-24,499344,2.7
2019-12-25,499344,2.7
2019-12-26,499344,2.7
2019-12-27,499344,2.7
2019-12-28,499344,2.7
2019-12-29,499344,2.7
2019-12-30,499344,2.7
2019-12-31,499344,2.7
2020-01-01,459774,1.4
2020-01-02,459774,1.4
2020-01-03,459774,1.4
2020-01-04,459774,1.4
2020-01-05,459774,1.4
2020-01-06,459774,1.4
2020-01-07,459774,1.4
2020-01-08,459774,1.4
2020-01-09,459774,1.4
2020-01-10,459774,1.4
2020-01-11,459774,1.4
2020-01-12,459774,1.4
2020-01-13,459774,1.4
2020-01-14,459774,1.4
2020-01-15,459774,1.4
2020-01-16,459774,1.4
2020-01-17,459774,1.4
2020-01-18,459774,1.4
2020-01-19,459774,1.4
2020-01-20,459774,1.4
2020-01-21,459774,1.4
2020-01-22,459774,1.4
2020-01-23,459774,1.4
2020-01-24,459774,1.4
2020-01-25,459774,1.4
2020-01-26,459774,1.4
2020-01-27,459774,1.4
2020-01-28,459774,1.4
2020-01-29,459774,1.4
2020-01-30,459774,1.4
2020-01-31,459774,1.4
2020-02-01,459774,1.4
2020-02-02,459774,1.4
2020-02-03,459774,1.4
2020-02-04,459774,1.4
2020-02-05,459774,1.4
2020-02-06,459774,1.4
2020-02-07,459774,1.4
2020-02-08,459774,1.4
2020-02-09,459774,1.4
2020-02-10,459774,1.4
2020-02-11,459774,1.4
2020-02-12,459774,1.4
2020-02-13,459774,1.4
2020-02-14,459774,1.4
2020-02-15,459774,1.4
2020-02-16,459774,1.4
2020-02-17,459774,1.4
2020-02-18,459774,1.4
2020-02-19,459774,1.4
2020-02-20,459774,1.4
2020-02-21,459774,1.4
2020-02-22,459774,1.4
2020-02-23,459774,1.4
2020-02-24,459774,1.4
2020-02-25,459774,1.4
2020-02-26,459774,1.4
2020-02-27,459774,1.4
2020-02-28,459774,1.4
2020-02-29,459774,1.4
2020-03-01,459774,1.4
2020-03-02,459774,1.4
2020-03-03,459774,1.4
2020-03-04,459774,1.4
2020-03-05,459774,1.4
2020-03-06,459774,1.4
2020-03-07,459774,1.4
2020-03-08,459774,1.4
2020-03-09,459774,1.4
2020-03-10,459774,1.4
2020-03-11,459774,1.4
2020-03-12,459774,1.4
2020-03-13,459774,1.4
2020-03-14,459774,1.4
2020-03-15,459774,1.4
2020-03-16,459774,1.4
2020-03-17,459774,1.4
2020-03-18,459774,1.4
2020-03-19,459774,1.4
2020-03-20,459774,1.4
2020-03-21,459774,1.4
2020-03-22,459774,1.4
2020-03-23,459774,1.4
2020-03-24,459774,1.4
2020-03-25,459774,1.4
2020-03-26,459774,1.4
2020-03-27,459774,1.4
2020-03-28,459774,1.4
2020-03-29,459774,1.4
2020-03-30,459774,1.4
2020-03-31,459774,1.4
2020-04-01,475617,-2.6
2020-04-02,475617,-2.6
2020-04-03,475617,-2.6
2020-04-04,475617,-2.6
2020-04-05,475617,-2.6
2020-04-06,475617,-2.6
2020-04-07,475617,-2.6
2020-04-08,475617,-2.6
2020-04-09,475617,-2.6
2020-04-10,475617,-2.6
2020-04-11,475617,-2.6
2020-04-12,475617,-2.6
2020-04-13,475617,-2.6
2020-04-14,475617,-2.6
2020-04-15,475617,-2.6
2020-04-16,475617,-2.6
2020-04-17,475617,-2.6
2020-04-18,475617,-2.6
2020-04-19,475617,-2.6
2020-04-20,475617,-2.6
2020-04-21,475617,-2.6
2020-04-22,475617,-2.6
2020-04-23,475617,-2.6
2020-04-24,475617,-2.6
2020-04-25,475617,-2.6
2020-04-26,475617,-2.6
2020-04-27,475617,-2.6
2020-04-28,475617,-2.6
2020-04-29,475617,-2.6
2020-04-30,475617,-2.6
2020-05-01,475617,-2.6
2020-05-02,475617,-2.6
2020-05-03,475617,-2.6
2020-05-04,475617,-2.6
2020-05-05,475617,-2.6
2020-05-06,475617,-2.6
2020-05-07,475617,-2.6
2020-05-08,475617,-2.6
2020-05-09,475617,-2.6
2020-05-10,475617,-2.6
2020-05-11,475617,-2.6
2020-05-12,475617,-2.6
2020-05-13,475617,-2.6
2020-05-14,475617,-2.6
2020-05-15,475617,-2.6
2020-05-16,475617,-2.6
2020-05-17,475617,-2.6
2020-05-18,475617,-2.6
2020-05-19,475617,-2.6
2020-05-20,475617,-2.6
2020-05-21,475617,-2.6
2020-05-22,475617,-2.6
2020-05-23,475617,-2.6
2020-05-24,475617,-2.6
2020-05-25,475617,-2.6
2020-05-26,475617,-2.6
2020-05-27,475617,-2.6
2020-05-28,475617,-2.6
2020-05-29,475617,-2.6
2020-05-30,475617,-2.6
2020-05-31,475617,-2.6
2020-06-01,475617,-2.6
2020-06-02,475617,-2.6
2020-06-03,475617,-2.6
2020-06-04,475617,-2.6
2020-06-05,475617,-2.6
2020-06-06,475617,-2.6
2020-06-07,475617,-2.6
2020-06-08,475617,-2.6
2020-06-09,475617,-2.6
2020-06-10,475617,-2.6
2020-06-11,475617,-2.6
2020-06-12,475617,-2.6
2020-06-13,475617,-2.6
2020-06-14,475617,-2.6
2020-06-15,475617,-2.6
2020-06-16,475617,-2.6
2020-06-17,475617,-2.6
2020-06-18,475617,-2.6
2020-06-19,475617,-2.6
2020-06-20,475617,-2.6
2020-06-21,475617,-2.6
2020-06-22,475617,-2.6
2020-06-23,475617,-2.6
2020-06-24,475617,-2.6
2020-06-25,475617,-2.6
2020-06-26,475617,-2.6
2020-06-27,475617,-2.6
2020-06-28,475617,-2.6
2020-06-29,475617,-2.6
2020-06-30,475617,-2.6
2020-07-01,496392,-0.9
2020-07-02,496392,-0.9
2020-07-03,496392,-0.9
2020-07-04,496392,-0.9
2020-07-05,496392,-0.9
2020-07-06,496392,-0.9
2020-07-07,496392,-0.9
2020-07-08,496392,-0.9
2020-07-09,496392,-0.9
2020-07-10,496392,-0.9
2020-07-11,496392,-0.9
2020-07-12,496392,-0.9
2020-07-13,496392,-0.9
2020-07-14,496392,-0.9
2020-07-15,496392,-0.9
2020-07-16,496392,-0.9
2020-07-17,496392,-0.9
2020-07-18,496392,-0.9
2020-07-19,496392,-0.9
2020-07-20,496392,-0.9
2020-07-21,496392,-0.9
2020-07-22,496392,-0.9
2020-07-23,496392,-0.9
2020-07-24,496392,-0.9
2020-07-25,496392,-0.9
2020-07-26,496392,-0.9
2020-07-27,496392,-0.9
2020-07-28,496392,-0.9
2020-07-29,496392,-0.9
2020-07-30,496392,-0.9
2020-07-31,496392,-0.9
2020-08-01,496392,-0.9
2020-08-02,496392,-0.9
2020-08-03,496392,-0.9
2020-08-04,496392,-0.9
2020-08-05,496392,-0.9
2020-08-06,496392,-0.9
2020-08-07,496392,-0.9
2020-08-08,496392,-0.9
2020-08-09,496392,-0.9
2020-08-10,496392,-0.9
2020-08-11,496392,-0.9
2020-08-12,496392,-0.9
2020-08-13,496392,-0.9
2020-08-14,496392,-0.9
2020-08-15,496392,-0.9
2020-08-16,496392,-0.9
2020-08-17,496392,-0.9
2020-08-18,496392,-0.9
2020-08-19,496392,-0.9
2020-08-20,496392,-0.9
2020-08-21,496392,-0.9
2020-08-22,496392,-0.9
2020-08-23,496392,-0.9
2020-08-24,496392,-0.9
2020-08-25,496392,-0.9
2020-08-26,496392,-0.9
2020-08-27,496392,-0.9
2020-08-28,496392,-0.9
2020-08-29,496392,-0.9
2020-08-30,496392,-0.9
2020-08-31,496392,-0.9
2020-09-01,496392,-0.9
2020-09-02,496392,-0.9
2020-09-03,496392,-0.9
2020-09-04,496392,-0.9
2020-09-05,496392,-0.9
2020-09-06,496392,-0.9
2020-09-07,496392,-0.9
2020-09-08,496392,-0.9
2020-09-09,496392,-0.9
2020-09-10,496392,-0.9
2020-09-11,496392,-0.9
2020-09-12,496392,-0.9
2020-09-13,496392,-0.9
2020-09-14,496392,-0.9
2020-09-15,496392,-0.9
2020-09-16,496392,-0.9
2020-09-17,496392,-0.9
2020-09-18,496392,-0.9
2020-09-19,496392,-0.9
2020-09-20,496392,-0.9
2020-09-21,496392,-0.9
2020-09-22,496392,-0.9
2020-09-23,496392,-0.9
2020-09-24,496392,-0.9
2020-09-25,496392,-0.9
2020-09-26,496392,-0.9
2020-09-27,496392,-0.9
2020-09-28,496392,-0.9
2020-09-29,496392,-0.9
2020-09-30,496392,-0.9
2020-10-01,508943,-0.7
2020-10-02,508943,-0.7
2020-10-03,508943,-0.7
2020-10-04,508943,-0.7
2020-10-05,508943,-0.7
2020-10-06,508943,-0.7
2020-10-07,508943,-0.7
2020-10-08,508943,-0.7
2020-10-09,508943,-0.7
2020-10-10,508943,-0.7
2020-10-11,508943,-0.7
2020-10-12,508943,-0.7
2020-10-13,508943,-0.7
2020-10-14,508943,-0.7
2020-10-15,508943,-0.7
2020-10-16,508943,-0.7
2020-10-17,508943,-0.7
2020-10-18,508943,-0.7
2020-10-19,508943,-0.7
2020-10-20,508943,-0.7
2020-10-21,508943,-0.7
2020-10-22,508943,-0.7
2020-10-23,508943,-0.7
2020-10-24,508943,-0.7
2020-10-25,508943,-0.7
2020-10-26,508943,-0.7
2020-10-27,508943,-0.7
2020-10-28,508943,-0.7
2020-10-29,508943,-0.7
2020-10-30,508943,-0.7
2020-10-31,508943,-0.7
2020-11-01,508943,-0.7
2020-11-02,508943,-0.7
2020-11-03,508943,-0.7
2020-11-04,508943,-0.7
2020-11-05,508943,-0.7
2020-11-06,508943,-0.7
2020-11-07,508943,-0.7
2020-11-08,508943,-0.7
2020-11-09,508943,-0.7
2020-11-10,508943,-0.7
2020-11-11,508943,-0.7
2020-11-12,508943,-0.7
2020-11-13,508943,-0.7
2020-11-14,508943,-0.7
2020-11-15,508943,-0.7
2020-11-16,508943,-0.7
2020-11-17,508943,-0.7
2020-11-18,508943,-0.7
2020-11-19,508943,-0.7
2020-11-20,508943,-0.7
2020-11-21,508943,-0.7
2020-11-22,508943,-0.7
2020-11-23,508943,-0.7
2020-11-24,508943,-0.7
2020-11-25,508943,-0.7
2020-11-26,508943,-0.7
2020-11-27,508943,-0.7
2020-11-28,508943,-0.7
2020-11-29,508943,-0.7
2020-11-30,508943,-0.7
2020-12-01,508943,-0.7
2020-12-02,508943,-0.7
2020-12-03,508943,-0.7
2020-12-04,508943,-0.7
2020-12-05,508943,-0.7
2020-12-06,508943,-0.7
2020-12-07,508943,-0.7
2020-12-08,508943,-0.7
2020-12-09,508943,-0.7
2020-12-10,508943,-0.7
2020-12-11,508943,-0.7
2020-12-12,508943,-0.7
2020-12-13,508943,-0.7
2020-12-14,508943,-0.7
2020-12-15,508943,-0.7
2020-12-16,508943,-0.7
2020-12-17,508943,-0.7
2020-12-18,508943,-0.7
2020-12-19,508943,-0.7
2020-12-20,508943,-0.7
2020-12-21,508943,-0.7
2020-12-22,508943,-0.7
2020-12-23,508943,-0.7
2020-12-24,508943,-0.7
2020-12-25,508943,-0.7
2020-12-26,508943,-0.7
2020-12-27,508943,-0.7
2020-12-28,508943,-0.7
2020-12-29,508943,-0.7
2020-12-30,508943,-0.7
2020-12-31,508943,-0.7
2021-01-01,484679,2.4
2021-01-02,484679,2.4
2021-01-03,484679,2.4
2021-01-04,484679,2.4
2021-01-05,484679,2.4
2021-01-06,484679,2.4
2021-01-07,484679,2.4
2021-01-08,484679,2.4
2021-01-09,484679,2.4
2021-01-10,484679,2.4
2021-01-11,484679,2.4
2021-01-12,484679,2.4
2021-01-13,484679,2.4
2021-01-14,484679,2.4
2021-01-15,484679,2.4
2021-01-16,484679,2.4
2021-01-17,484679,2.4
2021-01-18,484679,2.4
2021-01-19,484679,2.4
2021-01-20,484679,2.4
2021-01-21,484679,2.4
2021-01-22,484679,2.4
2021-01-23,484679,2.4
2021-01-24,484679,2.4
2021-01-25,484679,2.4
2021-01-26,484679,2.4
2021-01-27,484679,2.4
2021-01-28,484679,2.4
2021-01-29,484679,2.4
2021-01-30,484679,2.4
2021-01-31,484679,2.4
2021-02-01,484679,2.4
2021-02-02,484679,2.4
2021-02-03,484679,2.4
2021-02-04,484679,2.4
2021-02-05,484679,2.4
2021-02-06,484679,2.4
2021-02-07,484679,2.4
2021-02-08,484679,2.4
2021-02-09,484679,2.4
2021-02-10,484679,2.4
2021-02-11,484679,2.4
2021-02-12,484679,2.4
2021-02-13,484679,2.4
2021-02-14,484679,2.4
2021-02-15,484679,2.4
2021-02-16,484679,2.4
2021-02-17,484679,2.4
2021-02-18,484679,2.4
2021-02-19,484679,2.4
2021-02-20,484679,2.4
2021-02-21,484679,2.4
2021-02-22,484679,2.4
2021-02-23,484679,2.4
2021-02-24,484679,2.4
2021-02-25,484679,2.4
2021-02-26,484679,2.4
2021-02-27,484679,2.4
2021-02-28,484679,2.4
2021-03-01,484679,2.4
2021-03-02,484679,2.4
2021-03-03,484679,2.4
2021-03-04,484679,2.4
2021-03-05,484679,2.4
2021-03-06,484679,2.4
2021-03-07,484679,2.4
2021-03-08,484679,2.4
2021-03-09,484679,2.4
2021-03-10,484679,2.4
2021-03-11,484679,2.4
2021-03-12,484679,2.4
2021-03-13,484679,2.4
2021-03-14,484679,2.4
2021-03-15,484679,2.4
2021-03-16,484679,2.4
2021-03-17,484679,2.4
2021-03-18,484679,2.4
2021-03-19,484679,2.4
2021-03-20,484679,2.4
2021-03-21,484679,2.4
2021-03-22,484679,2.4
2021-03-23,484679,2.4
2021-03-24,484679,2.4
2021-03-25,484679,2.4
2021-03-26,484679,2.4
2021-03-27,484679,2.4
2021-03-28,484679,2.4
2021-03-29,484679,2.4
2021-03-30,484679,2.4
2021-03-31,484679,2.4
2021-04-01,517054,6.4
2021-04-02,517054,6.4
2021-04-03,517054,6.4
2021-04-04,517054,6.4
2021-04-05,517054,6.4
2021-04-06,517054,6.4
2021-04-07,517054,6.4
2021-04-08,517054,6.4
2021-04-09,517054,6.4
2021-04-10,517054,6.4
2021-04-11,517054,6.4
2021-04-12,517054,6.4
2021-04-13,517054,6.4
2021-04-14,517054,6.4
2021-04-15,517054,6.4
2021-04-16,517054,6.4
2021-04-17,517054,6.4
2021-04-18,517054,6.4
2021-04-19,517054,6.4
2021-04-20,517054,6.4
2021-04-21,517054,6.4
2021-04-22,517054,6.4
2021-04-23,517054,6.4
2021-04-24,517054,6.4
2021-04-25,517054,6.4
2021-04-26,517054,6.4
2021-04-27,517054,6.4
2021-04-28,517054,6.4
2021-04-29,517054,6.4
2021-04-30,517054,6.4
2021-05-01,517054,6.4
2021-05-02,517054,6.4
2021-05-03,517054,6.4
2021-05-04,517054,6.4
2021-05-05,517054,6.4
2021-05-06,517054,6.4
2021-05-07,517054,6.4
2021-05-08,517054,6.4
2021-05-09,517054,6.4
2021-05-10,517054,6.4
2021-05-11,517054,6.4
2021-05-12,517054,6.4
2021-05-13,517054,6.4
2021-05-14,517054,6.4
2021-05-15,517054,6.4
2021-05-16,517054,6.4
2021-05-17,517054,6.4
2021-05-18,517054,6.4
2021-05-19,517054,6.4
2021-05-20,517054,6.4
2021-05-21,517054,6.4
2021-05-22,517054,6.4
2021-05-23,517054,6.4
2021-05-24,517054,6.4
2021-05-25,517054,6.4
2021-05-26,517054,6.4
2021-05-27,517054,6.4
2021-05-28,517054,6.4
2021-05-29,517054,6.4
2021-05-30,517054,6.4
2021-05-31,517054,6.4
2021-06-01,517054,6.4
2021-06-02,517054,6.4
2021-06-03,517054,6.4
2021-06-04,517054,6.4
2021-06-05,517054,6.4
2021-06-06,517054,6.4
2021-06-07,517054,6.4
2021-06-08,517054,6.4
2021-06-09,517054,6.4
2021-06-10,517054,6.4
2021-06-11,517054,6.4
2021-06-12,517054,6.4
2021-06-13,517054,6.4
2021-06-14,517054,6.4
2021-06-15,517054,6.4
2021-06-16,517054,6.4
2021-06-17,517054,6.4
2021-06-18,517054,6.4
2021-06-19,517054,6.4
2021-06-20,517054,6.4
2021-06-21,517054,6.4
2021-06-22,517054,6.4
2021-06-23,517054,6.4
2021-06-24,517054,6.4
2021-06-25,517054,6.4
2021-06-26,517054,6.4
2021-06-27,517054,6.4
2021-06-28,517054,6.4
2021-06-29,517054,6.4
2021-06-30,517054,6.4
2021-07-01,531526,4.1
2021-07-02,531526,4.1
2021-07-03,531526,4.1
2021-07-04,531526,4.1
2021-07-05,531526,4.1
2021-07-06,531526,4.1
2021-07-07,531526,4.1
2021-07-08,531526,4.1
2021-07-09,531526,4.1
2021-07-10,531526,4.1
2021-07-11,531526,4.1
2021-07-12,531526,4.1
2021-07-13,531526,4.1
2021-07-14,531526,4.1
2021-07-15,531526,4.1
2021-07-16,531526,4.1
2021-07-17,531526,4.1
2021-07-18,531526,4.1
2021-07-19,531526,4.1
2021-07-20,531526,4.1
2021-07-21,531526,4.1
2021-07-22,531526,4.1
2021-07-23,531526,4.1
2021-07-24,531526,4.1
2021-07-25,531526,4.1
2021-07-26,531526,4.1
2021-07-27,531526,4.1
2021-07-28,531526,4.1
2021-07-29,531526,4.1
2021-07-30,531526,4.1
2021-07-31,531526,4.1
2021-08-01,531526,4.1
2021-08-02,531526,4.1
2021-08-03,531526,4.1
2021-08-04,531526,4.1
2021-08-05,531526,4.1
2021-08-06,531526,4.1
2021-08-07,531526,4.1
2021-08-08,531526,4.1
2021-08-09,531526,4.1
2021-08-10,531526,4.1
2021-08-11,531526,4.1
2021-08-12,531526,4.1
2021-08-13,531526,4.1
2021-08-14,531526,4.1
2021-08-15,531526,4.1
2021-08-16,531526,4.1
2021-08-17,531526,4.1
2021-08-18,531526,4.1
2021-08-19,531526,4.1
2021-08-20,531526,4.1
2021-08-21,531526,4.1
2021-08-22,531526,4.1
2021-08-23,531526,4.1
2021-08-24,531526,4.1
2021-08-25,531526,4.1
2021-08-26,531526,4.1
2021-08-27,531526,4.1
2021-08-28,531526,4.1
2021-08-29,531526,4.1
2021-08-30,531526,4.1
2021-08-31,531526,4.1
2021-09-01,531526,4.1
2021-09-02,531526,4.1
2021-09-03,531526,4.1
2021-09-04,531526,4.1
2021-09-05,531526,4.1
2021-09-06,531526,4.1
2021-09-07,531526,4.1
2021-09-08,531526,4.1
2021-09-09,531526,4.1
2021-09-10,531526,4.1
2021-09-11,531526,4.1
2021-09-12,531526,4.1
2021-09-13,531526,4.1
2021-09-14,531526,4.1
2021-09-15,531526,4.1
2021-09-16,531526,4.1
2021-09-17,531526,4.1
2021-09-18,531526,4.1
2021-09-19,531526,4.1
2021-09-20,531526,4.1
2021-09-21,531526,4.1
2021-09-22,531526,4.1
2021-09-23,531526,4.1
2021-09-24,531526,4.1
2021-09-25,531526,4.1
2021-09-26,531526,4.1
2021-09-27,531526,4.1
2021-09-28,531526,4.1
2021-09-29,531526,4.1
2021-09-30,531526,4.1
2021-10-01,546940,4.3
2021-10-02,546940,4.3
2021-10-03,546940,4.3
2021-10-04,546940,4.3
2021-10-05,546940,4.3
2021-10-06,546940,4.3
2021-10-07,546940,4.3
2021-10-08,546940,4.3
2021-10-09,546940,4.3
2021-10-10,546940,4.3
2021-10-11,546940,4.3
2021-10-12,546940,4.3
2021-10-13,546940,4.3
2021-10-14,546940,4.3
2021-10-15,546940,4.3
2021-10-16,546940,4.3
2021-10-17,546940,4.3
2021-10-18,546940,4.3
2021-10-19,546940,4.3
2021-10-20,546940,4.3
2021-10-21,546940,4.3
2021-10-22,546940,4.3
2021-10-23,546940,4.3
2021-10-24,546940,4.3
2021-10-25,546940,4.3
2021-10-26,546940,4.3
2021-10-27,546940,4.3
2021-10-28,546940,4.3
2021-10-29,546940,4.3
2021-10-30,546940,4.3
2021-10-31,546940,4.3
2021-11-01,546940,4.3
2021-11-02,546940,4.3
2021-11-03,546940,4.3
2021-11-04,546940,4.3
2021-11-05,546940,4.3
2021-11-06,546940,4.3
2021-11-07,546940,4.3
2021-11-08,546940,4.3
2021-11-09,546940,4.3
2021-11-10,546940,4.3
2021-11-11,546940,4.3
2021-11-12,546940,4.3
2021-11-13,546940,4.3
2021-11-14,546940,4.3
2021-11-15,546940,4.3
2021-11-16,546940,4.3
2021-11-17,546940,4.3
2021-11-18,546940,4.3
2021-11-19,546940,4.3
2021-11-20,546940,4.3
2021-11-21,546940,4.3
2021-11-22,546940,4.3
2021-11-23,546940,4.3
2021-11-24,546940,4.3
2021-11-25,546940,4.3
2021-11-26,546940,4.3
2021-11-27,546940,4.3
2021-11-28,546940,4.3
2021-11-29,546940,4.3
2021-11-30,546940,4.3
2021-12-01,546940,4.3
2021-12-02,546940,4.3
2021-12-03,546940,4.3
2021-12-04,546940,4.3
2021-12-05,546940,4.3
2021-12-06,546940,4.3
2021-12-07,546940,4.3
2021-12-08,546940,4.3
2021-12-09,546940,4.3
2021-12-10,546940,4.3
2021-12-11,546940,4.3
2021-12-12,546940,4.3
2021-12-13,546940,4.3
2021-12-14,546940,4.3
2021-12-15,546940,4.3
2021-12-16,546940,4.3
2021-12-17,546940,4.3
2021-12-18,546940,4.3
2021-12-19,546940,4.3
2021-12-20,546940,4.3
2021-12-21,546940,4.3
2021-12-22,546940,4.3
2021-12-23,546940,4.3
2021-12-24,546940,4.3
2021-12-25,546940,4.3
2021-12-26,546940,4.3
2021-12-27,546940,4.3
2021-12-28,546940,4.3
2021-12-29,546940,4.3
2021-12-30,546940,4.3
2021-12-31,546940,4.3
2022-01-01,512013,3.1
2022-01-02,512013,3.1
2022-01-03,512013,3.1
2022-01-04,512013,3.1
2022-01-05,512013,3.1
2022-01-06,512013,3.1
2022-01-07,512013,3.1
2022-01-08,512013,3.1
2022-01-09,512013,3.1
2022-01-10,512013,3.1
2022-01-11,512013,3.1
2022-01-12,512013,3.1
2022-01-13,512013,3.1
2022-01-14,512013,3.1
2022-01-15,512013,3.1
2022-01-16,512013,3.1
2022-01-17,512013,3.1
2022-01-18,512013,3.1
2022-01-19,512013,3.1
2022-01-20,512013,3.1
2022-01-21,512013,3.1
2022-01-22,512013,3.1
2022-01-23,512013,3.1
2022-01-24,512013,3.1
2022-01-25,512013,3.1
2022-01-26,512013,3.1
2022-01-27,512013,3.1
2022-01-28,512013,3.1
2022-01-29,512013,3.1
2022-01-30,512013,3.1
2022-01-31,512013,3.1
2022-02-01,512013,3.1
2022-02-02,512013,3.1
2022-02-03,512013,3.1
2022-02-04,512013,3.1
2022-02-05,512013,3.1
2022-02-06,512013,3.1
2022-02-07,512013,3.1
2022-02-08,512013,3.1
2022-02-09,512013,3.1
2022-02-10,512013,3.1
2022-02-11,512013,3.1
2022-02-12,512013,3.1
2022-02-13,512013,3.1
2022-02-14,512013,3.1
2022-02-15,512013,3.1
2022-02-16,512013,3.1
2022-02-17,512013,3.1
2022-02-18,512013,3.1
2022-02-19,512013,3.1
2022-02-20,512013,3.1
2022-02-21,512013,3.1
2022-02-22,512013,3.1
2022-02-23,512013,3.1
2022-02-24,512013,3.1
2022-02-25,512013,3.1
2022-02-26,512013,3.1
2022-02-27,512013,3.1
2022-02-28,512013,3.1
2022-03-01,512013,3.1
2022-03-02,512013,3.1
2022-03-03,512013,3.1
2022-03-04,512013,3.1
2022-03-05,512013,3.1
2022-03-06,512013,3.1
2022-03-07,512013,3.1
2022-03-08,512013,3.1
2022-03-09,512013,3.1
2022-03-10,512013,3.1
2022-03-11,512013,3.1
2022-03-12,512013,3.1
2022-03-13,512013,3.1
2022-03-14,512013,3.1
2022-03-15,512013,3.1
2022-03-16,512013,3.1
2022-03-17,512013,3.1
2022-03-18,512013,3.1
2022-03-19,512013,3.1
2022-03-20,512013,3.1
2022-03-21,512013,3.1
2022-03-22,512013,3.1
2022-03-23,512013,3.1
2022-03-24,512013,3.1
2022-03-25,512013,3.1
2022-03-26,512013,3.1
2022-03-27,512013,3.1
2022-03-28,512013,3.1
2022-03-29,512013,3.1
2022-03-30,512013,3.1
2022-03-31,512013,3.1
2022-04-01,544240,2.9
2022-04-02,544240,2.9
2022-04-03,544240,2.9
2022-04-04,544240,2.9
2022-04-05,544240,2.9
2022-04-06,544240,2.9
2022-04-07,544240,2.9
2022-04-08,544240,2.9
2022-04-09,544240,2.9
2022-04-10,544240,2.9
2022-04-11,544240,2.9
2022-04-12,544240,2.9
2022-04-13,544240,2.9
2022-04-14,544240,2.9
2022-04-15,544240,2.9
2022-04-16,544240,2.9
2022-04-17,544240,2.9
2022-04-18,544240,2.9
2022-04-19,544240,2.9
2022-04-20,544240,2.9
2022-04-21,544240,2.9
2022-04-22,544240,2.9
2022-04-23,544240,2.9
2022-04-24,544240,2.9
2022-04-25,544240,2.9
2022-04-26,544240,2.9
2022-04-27,544240,2.9
2022-04-28,544240,2.9
2022-04-29,544240,2.9
2022-04-30,544240,2.9
2022-05-01,544240,2.9
2022-05-02,544240,2.9
2022-05-03,544240,2.9
2022-05-04,544240,2.9
2022-05-05,544240,2.9
2022-05-06,544240,2.9
2022-05-07,544240,2.9
2022-05-08,544240,2.9
2022-05-09,544240,2.9
2022-05-10,544240,2.9
2022-05-11,544240,2.9
2022-05-12,544240,2.9
2022-05-13,544240,2.9
2022-05-14,544240,2.9
2022-05-15,544240,2.9
2022-05-16,544240,2.9
2022-05-17,544240,2.9
2022-05-18,544240,2.9
2022-05-19,544240,2.9
2022-05-20,544240,2.9
2022-05-21,544240,2.9
2022-05-22,544240,2.9
2022-05-23,544240,2.9
2022-05-24,544240,2.9
2022-05-25,544240,2.9
2022-05-26,544240,2.9
2022-05-27,544240,2.9
2022-05-28,544240,2.9
2022-05-29,544240,2.9
2022-05-30,544240,2.9
2022-05-31,544240,2.9
2022-06-01,544240,2.9
2022-06-02,544240,2.9
2022-06-03,544240,2.9
2022-06-04,544240,2.9
2022-06-05,544240,2.9
2022-06-06,544240,2.9
2022-06-07,544240,2.9
2022-06-08,544240,2.9
2022-06-09,544240,2.9
2022-06-10,544240,2.9
2022-06-11,544240,2.9
2022-06-12,544240,2.9
2022-06-13,544240,2.9
2022-06-14,544240,2.9
2022-06-15,544240,2.9
2022-06-16,544240,2.9
2022-06-17,544240,2.9
2022-06-18,544240,2.9
2022-06-19,544240,2.9
2022-06-20,544240,2.9
2022-06-21,544240,2.9
2022-06-22,544240,2.9
2022-06-23,544240,2.9
2022-06-24,544240,2.9
2022-06-25,544240,2.9
2022-06-26,544240,2.9
2022-06-27,544240,2.9
2022-06-28,544240,2.9
2022-06-29,544240,2.9
2022-06-30,544240,2.9
2022-07-01,548893,3.2
2022-07-02,548893,3.2
2022-07-03,548893,3.2
2022-07-04,548893,3.2
2022-07-05,548893,3.2
2022-07-06,548893,3.2
2022-07-07,548893,3.2
2022-07-08,548893,3.2
2022-07-09,548893,3.2
2022-07-10,548893,3.2
2022-07-11,548893,3.2
2022-07-12,548893,3.2
2022-07-13,548893,3.2
2022-07-14,548893,3.2
2022-07-15,548893,3.2
2022-07-16,548893,3.2
2022-07-17,548893,3.2
2022-07-18,548893,3.2
2022-07-19,548893,3.2
2022-07-20,548893,3.2
2022-07-21,548893,3.2
2022-07-22,548893,3.2
2022-07-23,548893,3.2
2022-07-24,548893,3.2
2022-07-25,548893,3.2
2022-07-26,548893,3.2
2022-07-27,548893,3.2
2022-07-28,548893,3.2
2022-07-29,548893,3.2
2022-07-30,548893,3.2
2022-07-31,548893,3.2
2022-08-01,548893,3.2
2022-08-02,548893,3.2
2022-08-03,548893,3.2
2022-08-04,548893,3.2
2022-08-05,548893,3.2
2022-08-06,548893,3.2
2022-08-07,548893,3.2
2022-08-08,548893,3.2
2022-08-09,548893,3.2
2022-08-10,548893,3.2
2022-08-11,548893,3.2
2022-08-12,548893,3.2
2022-08-13,548893,3.2
2022-08-14,548893,3.2
2022-08-15,548893,3.2
2022-08-16,548893,3.2
2022-08-17,548893,3.2
2022-08-18,548893,3.2
2022-08-19,548893,3.2
2022-08-20,548893,3.2
2022-08-21,548893,3.2
2022-08-22,548893,3.2
2022-08-23,548893,3.2
2022-08-24,548893,3.2
2022-08-25,548893,3.2
2022-08-26,548893,3.2
2022-08-27,548893,3.2
2022-08-28,548893,3.2
2022-08-29,548893,3.2
2022-08-30,548893,3.2
2022-08-31,548893,3.2
2022-09-01,548893,3.2
2022-09-02,548893,3.2
2022-09-03,548893,3.2
2022-09-04,548893,3.2
2022-09-05,548893,3.2
2022-09-06,548893,3.2
2022-09-07,548893,3.2
2022-09-08,548893,3.2
2022-09-09,548893,3.2
2022-09-10,548893,3.2
2022-09-11,548893,3.2
2022-09-12,548893,3.2
2022-09-13,548893,3.2
2022-09-14,548893,3.2
2022-09-15,548893,3.2
2022-09-16,548893,3.2
2022-09-17,548893,3.2
2022-09-18,548893,3.2
2022-09-19,548893,3.2
2022-09-20,548893,3.2
2022-09-21,548893,3.2
2022-09-22,548893,3.2
2022-09-23,548893,3.2
2022-09-24,548893,3.2
2022-09-25,548893,3.2
2022-09-26,548893,3.2
2022-09-27,548893,3.2
2022-09-28,548893,3.2
2022-09-29,548893,3.2
2022-09-30,548893,3.2
2022-10-01,556629,1.4
2022-10-02,556629,1.4
2022-10-03,556629,1.4
2022-10-04,556629,1.4
2022-10-05,556629,1.4
2022-10-06,556629,1.4
2022-10-07,556629,1.4
2022-10-08,556629,1.4
2022-10-09,556629,1.4
2022-10-10,556629,1.4
2022-10-11,556629,1.4
2022-10-12,556629,1.4
2022-10-13,556629,1.4
2022-10-14,556629,1.4
2022-10-15,556629,1.4
2022-10-16,556629,1.4
2022-10-17,556629,1.4
2022-10-18,556629,1.4
2022-10-19,556629,1.4
2022-10-20,556629,1.4
2022-10-21,556629,1.4
2022-10-22,556629,1.4
2022-10-23,556629,1.4
2022-10-24,556629,1.4
2022-10-25,556629,1.4
2022-10-26,556629,1.4
2022-10-27,556629,1.4
2022-10-28,556629,1.4
2022-10-29,556629,1.4
2022-10-30,556629,1.4
2022-10-31,556629,1.4
2022-11-01,556629,1.4
2022-11-02,556629,1.4
2022-11-03,556629,1.4
2022-11-04,556629,1.4
2022-11-05,556629,1.4
2022-11-06,556629,1.4
2022-11-07,556629,1.4
2022-11-08,556629,1.4
2022-11-09,556629,1.4
2022-11-10,556629,1.4
2022-11-11,556629,1.4
2022-11-12,556629,1.4
2022-11-13,556629,1.4
2022-11-14,556629,1.4
2022-11-15,556629,1.4
2022-11-16,556629,1.4
2022-11-17,556629,1.4
2022-11-18,556629,1.4
2022-11-19,556629,1.4
2022-11-20,556629,1.4
2022-11-21,556629,1.4
2022-11-22,556629,1.4
2022-11-23,556629,1.4
2022-11-24,556629,1.4
2022-11-25,556629,1.4
2022-11-26,556629,1.4
2022-11-27,556629,1.4
2022-11-28,556629,1.4
2022-11-29,556629,1.4
2022-11-30,556629,1.4
2022-12-01,556629,1.4
2022-12-02,556629,1.4
2022-12-03,556629,1.4
2022-12-04,556629,1.4
2022-12-05,556629,1.4
2022-12-06,556629,1.4
2022-12-07,556629,1.4
2022-12-08,556629,1.4
2022-12-09,556629,1.4
2022-12-10,556629,1.4
2022-12-11,556629,1.4
2022-12-12,556629,1.4
2022-12-13,556629,1.4
2022-12-14,556629,1.4
2022-12-15,556629,1.4
2022-12-16,556629,1.4
2022-12-17,556629,1.4
2022-12-18,556629,1.4
2022-12-19,556629,1.4
2022-12-20,556629,1.4
2022-12-21,556629,1.4
2022-12-22,556629,1.4
2022-12-23,556629,1.4
2022-12-24,556629,1.4
2022-12-25,556629,1.4
2022-12-26,556629,1.4
2022-12-27,556629,1.4
2022-12-28,556629,1.4
2022-12-29,556629,1.4
2022-12-30,556629,1.4
2022-12-31,556629,1.4
2023-01-01,523816,0.9
2023-01-02,523816,0.9
2023-01-03,523816,0.9
2023-01-04,523816,0.9
2023-01-05,523816,0.9
2023-01-06,523816,0.9
2023-01-07,523816,0.9
2023-01-08,523816,0.9
2023-01-09,523816,0.9
2023-01-10,523816,0.9
2023-01-11,523816,0.9
2023-01-12,523816,0.9
2023-01-13,523816,0.9
2023-01-14,523816,0.9
2023-01-15,523816,0.9
2023-01-16,523816,0.9
2023-01-17,523816,0.9
2023-01-18,523816,0.9
2023-01-19,523816,0.9
2023-01-20,523816,0.9
2023-01-21,523816,0.9
2023-01-22,523816,0.9
2023-01-23,523816,0.9
2023-01-24,523816,0.9
2023-01-25,523816,0.9
2023-01-26,523816,0.9
2023-01-27,523816,0.9
2023-01-28,523816,0.9
2023-01-29,523816,0.9
2023-01-30,523816,0.9
2023-01-31,523816,0.9
2023-02-01,523816,0.9
2023-02-02,523816,0.9
2023-02-03,523816,0.9
2023-02-04,523816,0.9
2023-02-05,523816,0.9
2023-02-06,523816,0.9
2023-02-07,523816,0.9
2023-02-08,523816,0.9
2023-02-09,523816,0.9
2023-02-10,523816,0.9
2023-02-11,523816,0.9
2023-02-12,523816,0.9
2023-02-13,523816,0.9
2023-02-14,523816,0.9
2023-02-15,523816,0.9
2023-02-16,523816,0.9
2023-02-17,523816,0.9
2023-02-18,523816,0.9
2023-02-19,523816,0.9
2023-02-20,523816,0.9
2023-02-21,523816,0.9
2023-02-22,523816,0.9
2023-02-23,523816,0.9
2023-02-24,523816,0.9
2023-02-25,523816,0.9
2023-02-26,523816,0.9
2023-02-27,523816,0.9
2023-02-28,523816,0.9
2023-03-01,523816,0.9
2023-03-02,523816,0.9
2023-03-03,523816,0.9
2023-03-04,523816,0.9
2023-03-05,523816,0.9
2023-03-06,523816,0.9
2023-03-07,523816,0.9
2023-03-08,523816,0.9
2023-03-09,523816,0.9
2023-03-10,523816,0.9
2023-03-11,523816,0.9
2023-03-12,523816,0.9
2023-03-13,523816,0.9
2023-03-14,523816,0.9
2023-03-15,523816,0.9
2023-03-16,523816,0.9
2023-03-17,523816,0.9
2023-03-18,523816,0.9
2023-03-19,523816,0.9
2023-03-20,523816,0.9
2023-03-21,523816,0.9
2023-03-22,523816,0.9
2023-03-23,523816,0.9
2023-03-24,523816,0.9
2023-03-25,523816,0.9
2023-03-26,523816,0.9
2023-03-27,523816,0.9
2023-03-28,523816,0.9
2023-03-29,523816,0.9
2023-03-30,523816,0.9
2023-03-31,523816,0.9
2023-04-01,551569,0.9
2023-04-02,551569,0.9
2023-04-03,551569,0.9
2023-04-04,551569,0.9
2023-04-05,551569,0.9
2023-04-06,551569,0.9
2023-04-07,551569,0.9
2023-04-08,551569,0.9
2023-04-09,551569,0.9
2023-04-10,551569,0.9
2023-04-11,551569,0.9
2023-04-12,551569,0.9
2023-04-13,551569,0.9
2023-04-14,551569,0.9
2023-04-15,551569,0.9
2023-04-16,551569,0.9
2023-04-17,551569,0.9
2023-04-18,551569,0.9
2023-04-19,551569,0.9
2023-04-20,551569,0.9
2023-04-21,551569,0.9
2023-04-22,551569,0.9
2023-04-23,551569,0.9
2023-04-24,551569,0.9
2023-04-25,551569,0.9
2023-04-26,551569,0.9
2023-04-27,551569,0.9
2023-04-28,551569,0.9
2023-04-29,551569,0.9
2023-04-30,551569,0.9
2023-05-01,551569,0.9
2023-05-02,551569,0.9
2023-05-03,551569,0.9
2023-05-04,551569,0.9
2023-05-05,551569,0.9
2023-05-06,551569,0.9
2023-05-07,551569,0.9
2023-05-08,551569,0.9
2023-05-09,551569,0.9
2023-05-10,551569,0.9
2023-05-11,551569,0.9
2023-05-12,551569,0.9
2023-05-13,551569,0.9
2023-05-14,551569,0.9
2023-05-15,551569,0.9
2023-05-16,551569,0.9
2023-05-17,551569,0.9
2023-05-18,551569,0.9
2023-05-19,551569,0.9
2023-05-20,551569,0.9
2023-05-21,551569,0.9
2023-05-22,551569,0.9
2023-05-23,551569,0.9
2023-05-24,551569,0.9
2023-05-25,551569,0.9
2023-05-26,551569,0.9
2023-05-27,551569,0.9
2023-05-28,551569,0.9
2023-05-29,551569,0.9
2023-05-30,551569,0.9
2023-05-31,551569,0.9
2023-06-01,551569,0.9
2023-06-02,551569,0.9
2023-06-03,551569,0.9
2023-06-04,551569,0.9
2023-06-05,551569,0.9
2023-06-06,551569,0.9
2023-06-07,551569,0.9
2023-06-08,551569,0.9
2023-06-09,551569,0.9
2023-06-10,551569,0.9
2023-06-11,551569,0.9
2023-06-12,551569,0.9
2023-06-13,551569,0.9
2023-06-14,551569,0.9
2023-06-15,551569,0.9
2023-06-16,551569,0.9
2023-06-17,551569,0.9
2023-06-18,551569,0.9
2023-06-19,551569,0.9
2023-06-20,551569,0.9
2023-06-21,551569,0.9
2023-06-22,551569,0.9
2023-06-23,551569,0.9
2023-06-24,551569,0.9
2023-06-25,551569,0.9
2023-06-26,551569,0.9
2023-06-27,551569,0.9
2023-06-28,551569,0.9
2023-06-29,551569,0.9
2023-06-30,551569,0.9
2023-07-01,572284,1.4
2023-07-02,572284,1.4
2023-07-03,572284,1.4
2023-07-04,572284,1.4
2023-07-05,572284,1.4
2023-07-06,572284,1.4
2023-07-07,572284,1.4
2023-07-08,572284,1.4
2023-07-09,572284,1.4
2023-07-10,572284,1.4
2023-07-11,572284,1.4
2023-07-12,572284,1.4
2023-07-13,572284,1.4
2023-07-14,572284,1.4
2023-07-15,572284,1.4
2023-07-16,572284,1.4
2023-07-17,572284,1.4
2023-07-18,572284,1.4
2023-07-19,572284,1.4
2023-07-20,572284,1.4
2023-07-21,572284,1.4
2023-07-22,572284,1.4
2023-07-23,572284,1.4
2023-07-24,572284,1.4
2023-07-25,572284,1.4
2023-07-26,572284,1.4
2023-07-27,572284,1.4
2023-07-28,572284,1.4
2023-07-29,572284,1.4
2023-07-30,572284,1.4
2023-07-31,572284,1.4
2023-08-01,572284,1.4
2023-08-02,572284,1.4
2023-08-03,572284,1.4
2023-08-04,572284,1.4
2023-08-05,572284,1.4
2023-08-06,572284,1.4
2023-08-07,572284,1.4
2023-08-08,572284,1.4
2023-08-09,572284,1.4
2023-08-10,572284,1.4
2023-08-11,572284,1.4
2023-08-12,572284,1.4
2023-08-13,572284,1.4
2023-08-14,572284,1.4
2023-08-15,572284,1.4
2023-08-16,572284,1.4
2023-08-17,572284,1.4
2023-08-18,572284,1.4
2023-08-19,572284,1.4
2023-08-20,572284,1.4
2023-08-21,572284,1.4
2023-08-22,572284,1.4
2023-08-23,572284,1.4
2023-08-24,572284,1.4
2023-08-25,572284,1.4
2023-08-26,572284,1.4
2023-08-27,572284,1.4
2023-08-28,572284,1.4
2023-08-29,572284,1.4
2023-08-30,572284,1.4
2023-08-31,572284,1.4
2023-09-01,572284,1.4
2023-09-02,572284,1.4
2023-09-03,572284,1.4
2023-09-04,572284,1.4
2023-09-05,572284,1.4
2023-09-06,572284,1.4
2023-09-07,572284,1.4
2023-09-08,572284,1.4
2023-09-09,572284,1.4
2023-09-10,572284,1.4
2023-09-11,572284,1.4
2023-09-12,572284,1.4
2023-09-13,572284,1.4
2023-09-14,572284,1.4
2023-09-15,572284,1.4
2023-09-16,572284,1.4
2023-09-17,572284,1.4
2023-09-18,572284,1.4
2023-09-19,572284,1.4
2023-09-20,572284,1.4
2023-09-21,572284,1.4
2023-09-22,572284,1.4
2023-09-23,572284,1.4
2023-09-24,572284,1.4
2023-09-25,572284,1.4
2023-09-26,572284,1.4
2023-09-27,572284,1.4
2023-09-28,572284,1.4
2023-09-29,572284,1.4
2023-09-30,572284,1.4
2023-10-01,580296,1.4
2023-10-02,580296,1.4
2023-10-03,580296,1.4
2023-10-04,580296,1.4
2023-10-05,580296,1.4
2023-10-06,580296,1.4
2023-10-07,580296,1.4
2023-10-08,580296,1.4
2023-10-09,580296,1.4
2023-10-10,580296,1.4
2023-10-11,580296,1.4
2023-10-12,580296,1.4
2023-10-13,580296,1.4
2023-10-14,580296,1.4
2023-10-15,580296,1.4
2023-10-16,580296,1.4
2023-10-17,580296,1.4
2023-10-18,580296,1.4
2023-10-19,580296,1.4
2023-10-20,580296,1.4
2023-10-21,580296,1.4
2023-10-22,580296,1.4
2023-10-23,580296,1.4
2023-10-24,580296,1.4
2023-10-25,580296,1.4
2023-10-26,580296,1.4
2023-10-27,580296,1.4
2023-10-28,580296,1.4
2023-10-29,580296,1.4
2023-10-30,580296,1.4
2023-10-31,580296,1.4
2023-11-01,580296,1.4
2023-11-02,580296,1.4
2023-11-03,580296,1.4
2023-11-04,580296,1.4
2023-11-05,580296,1.4
2023-11-06,580296,1.4
2023-11-07,580296,1.4
2023-11-08,580296,1.4
2023-11-09,580296,1.4
2023-11-10,580296,1.4
2023-11-11,580296,1.4
2023-11-12,580296,1.4
2023-11-13,580296,1.4
2023-11-14,580296,1.4
2023-11-15,580296,1.4
2023-11-16,580296,1.4
2023-11-17,580296,1.4
2023-11-18,580296,1.4
2023-11-19,580296,1.4
2023-11-20,580296,1.4
2023-11-21,580296,1.4
2023-11-22,580296,1.4
2023-11-23,580296,1.4
2023-11-24,580296,1.4
2023-11-25,580296,1.4
2023-11-26,580296,1.4
2023-11-27,580296,1.4
2023-11-28,580296,1.4
2023-11-29,580296,1.4
2023-11-30,580296,1.4
2023-12-01,580296,1.4
2023-12-02,580296,1.4
2023-12-03,580296,1.4
2023-12-04,580296,1.4
2023-12-05,580296,1.4
2023-12-06,580296,1.4
2023-12-07,580296,1.4
2023-12-08,580296,1.4
2023-12-09,580296,1.4
2023-12-10,580296,1.4
2023-12-11,580296,1.4
2023-12-12,580296,1.4
2023-12-13,580296,1.4
2023-12-14,580296,1.4
2023-12-15,580296,1.4
2023-12-16,580296,1.4
2023-12-17,580296,1.4
2023-12-18,580296,1.4
2023-12-19,580296,1.4
2023-12-20,580296,1.4
2023-12-21,580296,1.4
2023-12-22,580296,1.4
2023-12-23,580296,1.4
2023-12-24,580296,1.4
2023-12-25,580296,1.4
2023-12-26,580296,1.4
2023-12-27,580296,1.4
2023-12-28,580296,1.4
2023-12-29,580296,1.4
2023-12-30,580296,1.4
2023-12-31,580296,1.4
2024-01-01,587840,1.3
2024-01-02,587840,1.3
2024-01-03,587840,1.3
2024-01-04,587840,1.3
2024-01-05,587840,1.3
2024-01-06,587840,1.3
2024-01-07,587840,1.3
2024-01-08,587840,1.3
2024-01-09,587840,1.3
2024-01-10,587840,1.3
2024-01-11,587840,1.3
2024-01-12,587840,1.3
2024-01-13,587840,1.3
2024-01-14,587840,1.3
2024-01-15,587840,1.3
2024-01-16,587840,1.3
2024-01-17,587840,1.3
2024-01-18,587840,1.3
2024-01-19,587840,1.3
2024-01-20,587840,1.3
2024-01-21,587840,1.3
2024-01-22,587840,1.3
2024-01-23,587840,1.3
2024-01-24,587840,1.3
2024-01-25,587840,1.3
2024-01-26,587840,1.3
2024-01-27,587840,1.3
2024-01-28,587840,1.3
2024-01-29,587840,1.3
2024-01-30,587840,1.3
2024-01-31,587840,1.3
2024-02-01,587840,1.3
2024-02-02,587840,1.3
2024-02-03,587840,1.3
2024-02-04,587840,1.3
2024-02-05,587840,1.3
2024-02-06,587840,1.3
2024-02-07,587840,1.3
2024-02-08,587840,1.3
2024-02-09,587840,1.3
2024-02-10,587840,1.3
2024-02-11,587840,1.3
2024-02-12,587840,1.3
2024-02-13,587840,1.3
2024-02-14,587840,1.3
2024-02-15,587840,1.3
2024-02-16,587840,1.3
2024-02-17,587840,1.3
2024-02-18,587840,1.3
2024-02-19,587840,1.3
2024-02-20,587840,1.3
2024-02-21,587840,1.3
2024-02-22,587840,1.3
2024-02-23,587840,1.3
2024-02-24,587840,1.3
2024-02-25,587840,1.3
2024-02-26,587840,1.3
2024-02-27,587840,1.3
2024-02-28,587840,1.3
2024-02-29,587840,1.3
2024-03-01,587840,1.3
2024-03-02,587840,1.3
2024-03-03,587840,1.3
2024-03-04,587840,1.3
2024-03-05,587840,1.3
2024-03-06,587840,1.3
2024-03-07,587840,1.3
2024-03-08,587840,1.3
2024-03-09,587840,1.3
2024-03-10,587840,1.3
2024-03-11,587840,1.3
2024-03-12,587840,1.3
2024-03-13,587840,1.3
2024-03-14,587840,1.3
2024-03-15,587840,1.3
2024-03-16,587840,1.3
2024-03-17,587840,1.3
2024-03-18,587840,1.3
2024-03-19,587840,1.3
2024-03-20,587840,1.3
2024-03-21,587840,1.3
2024-03-22,587840,1.3
2024-03-23,587840,1.3
2024-03-24,587840,1.3
2024-03-25,587840,1.3
2024-03-26,587840,1.3
2024-03-27,587840,1.3
2024-03-28,587840,1.3
2024-03-29,587840,1.3
2024-03-30,587840,1.3
2024-03-31,587840,1.3
2024-04-01,587840,1.3
