Date,population,
2015-01-01,10045027,
2015-01-02,10045027,
2015-01-03,10045027,
2015-01-04,10045027,
2015-01-05,10045027,
2015-01-06,10045027,
2015-01-07,10045027,
2015-01-08,10045027,
2015-01-09,10045027,
2015-01-10,10045027,
2015-01-11,10045027,
2015-01-12,10045027,
2015-01-13,10045027,
2015-01-14,10045027,
2015-01-15,10045027,
2015-01-16,10045027,
2015-01-17,10045027,
2015-01-18,10045027,
2015-01-19,10045027,
2015-01-20,10045027,
2015-01-21,10045027,
2015-01-22,10045027,
2015-01-23,10045027,
2015-01-24,10045027,
2015-01-25,10045027,
2015-01-26,10045027,
2015-01-27,10045027,
2015-01-28,10045027,
2015-01-29,10045027,
2015-01-30,10045027,
2015-01-31,10045027,
2015-02-01,10105206,
2015-02-02,10105206,
2015-02-03,10105206,
2015-02-04,10105206,
2015-02-05,10105206,
2015-02-06,10105206,
2015-02-07,10105206,
2015-02-08,10105206,
2015-02-09,10105206,
2015-02-10,10105206,
2015-02-11,10105206,
2015-02-12,10105206,
2015-02-13,10105206,
2015-02-14,10105206,
2015-02-15,10105206,
2015-02-16,10105206,
2015-02-17,10105206,
2015-02-18,10105206,
2015-02-19,10105206,
2015-02-20,10105206,
2015-02-21,10105206,
2015-02-22,10105206,
2015-02-23,10105206,
2015-02-24,10105206,
2015-02-25,10105206,
2015-02-26,10105206,
2015-02-27,10105206,
2015-02-28,10105206,
2015-03-01,10100987,
2015-03-02,10100987,
2015-03-03,10100987,
2015-03-04,10100987,
2015-03-05,10100987,
2015-03-06,10100987,
2015-03-07,10100987,
2015-03-08,10100987,
2015-03-09,10100987,
2015-03-10,10100987,
2015-03-11,10100987,
2015-03-12,10100987,
2015-03-13,10100987,
2015-03-14,10100987,
2015-03-15,10100987,
2015-03-16,10100987,
2015-03-17,10100987,
2015-03-18,10100987,
2015-03-19,10100987,
2015-03-20,10100987,
2015-03-21,10100987,
2015-03-22,10100987,
2015-03-23,10100987,
2015-03-24,10100987,
2015-03-25,10100987,
2015-03-26,10100987,
2015-03-27,10100987,
2015-03-28,10100987,
2015-03-29,10100987,
2015-03-30,10100987,
2015-03-31,10100987,
2015-04-01,10094889,
2015-04-02,10094889,
2015-04-03,10094889,
2015-04-04,10094889,
2015-04-05,10094889,
2015-04-06,10094889,
2015-04-07,10094889,
2015-04-08,10094889,
2015-04-09,10094889,
2015-04-10,10094889,
2015-04-11,10094889,
2015-04-12,10094889,
2015-04-13,10094889,
2015-04-14,10094889,
2015-04-15,10094889,
2015-04-16,10094889,
2015-04-17,10094889,
2015-04-18,10094889,
2015-04-19,10094889,
2015-04-20,10094889,
2015-04-21,10094889,
2015-04-22,10094889,
2015-04-23,10094889,
2015-04-24,10094889,
2015-04-25,10094889,
2015-04-26,10094889,
2015-04-27,10094889,
2015-04-28,10094889,
2015-04-29,10094889,
2015-04-30,10094889,
2015-05-01,10088393,
2015-05-02,10088393,
2015-05-03,10088393,
2015-05-04,10088393,
2015-05-05,10088393,
2015-05-06,10088393,
2015-05-07,10088393,
2015-05-08,10088393,
2015-05-09,10088393,
2015-05-10,10088393,
2015-05-11,10088393,
2015-05-12,10088393,
2015-05-13,10088393,
2015-05-14,10088393,
2015-05-15,10088393,
2015-05-16,10088393,
2015-05-17,10088393,
2015-05-18,10088393,
2015-05-19,10088393,
2015-05-20,10088393,
2015-05-21,10088393,
2015-05-22,10088393,
2015-05-23,10088393,
2015-05-24,10088393,
2015-05-25,10088393,
2015-05-26,10088393,
2015-05-27,10088393,
2015-05-28,10088393,
2015-05-29,10088393,
2015-05-30,10088393,
2015-05-31,10088393,
2015-06-01,10078850,
2015-06-02,10078850,
2015-06-03,10078850,
2015-06-04,10078850,
2015-06-05,10078850,
2015-06-06,10078850,
2015-06-07,10078850,
2015-06-08,10078850,
2015-06-09,10078850,
2015-06-10,10078850,
2015-06-11,10078850,
2015-06-12,10078850,
2015-06-13,10078850,
2015-06-14,10078850,
2015-06-15,10078850,
2015-06-16,10078850,
2015-06-17,10078850,
2015-06-18,10078850,
2015-06-19,10078850,
2015-06-20,10078850,
2015-06-21,10078850,
2015-06-22,10078850,
2015-06-23,10078850,
2015-06-24,10078850,
2015-06-25,10078850,
2015-06-26,10078850,
2015-06-27,10078850,
2015-06-28,10078850,
2015-06-29,10078850,
2015-06-30,10078850,
2015-07-01,10071654,
2015-07-02,10071654,
2015-07-03,10071654,
2015-07-04,10071654,
2015-07-05,10071654,
2015-07-06,10071654,
2015-07-07,10071654,
2015-07-08,10071654,
2015-07-09,10071654,
2015-07-10,10071654,
2015-07-11,10071654,
2015-07-12,10071654,
2015-07-13,10071654,
2015-07-14,10071654,
2015-07-15,10071654,
2015-07-16,10071654,
2015-07-17,10071654,
2015-07-18,10071654,
2015-07-19,10071654,
2015-07-20,10071654,
2015-07-21,10071654,
2015-07-22,10071654,
2015-07-23,10071654,
2015-07-24,10071654,
2015-07-25,10071654,
2015-07-26,10071654,
2015-07-27,10071654,
2015-07-28,10071654,
2015-07-29,10071654,
2015-07-30,10071654,
2015-07-31,10071654,
2015-08-01,10063197,
2015-08-02,10063197,
2015-08-03,10063197,
2015-08-04,10063197,
2015-08-05,10063197,
2015-08-06,10063197,
2015-08-07,10063197,
2015-08-08,10063197,
2015-08-09,10063197,
2015-08-10,10063197,
2015-08-11,10063197,
2015-08-12,10063197,
2015-08-13,10063197,
2015-08-14,10063197,
2015-08-15,10063197,
2015-08-16,10063197,
2015-08-17,10063197,
2015-08-18,10063197,
2015-08-19,10063197,
2015-08-20,10063197,
2015-08-21,10063197,
2015-08-22,10063197,
2015-08-23,10063197,
2015-08-24,10063197,
2015-08-25,10063197,
2015-08-26,10063197,
2015-08-27,10063197,
2015-08-28,10063197,
2015-08-29,10063197,
2015-08-30,10063197,
2015-08-31,10063197,
2015-09-01,10055027,
2015-09-02,10055027,
2015-09-03,10055027,
2015-09-04,10055027,
2015-09-05,10055027,
2015-09-06,10055027,
2015-09-07,10055027,
2015-09-08,10055027,
2015-09-09,10055027,
2015-09-10,10055027,
2015-09-11,10055027,
2015-09-12,10055027,
2015-09-13,10055027,
2015-09-14,10055027,
2015-09-15,10055027,
2015-09-16,10055027,
2015-09-17,10055027,
2015-09-18,10055027,
2015-09-19,10055027,
2015-09-20,10055027,
2015-09-21,10055027,
2015-09-22,10055027,
2015-09-23,10055027,
2015-09-24,10055027,
2015-09-25,10055027,
2015-09-26,10055027,
2015-09-27,10055027,
2015-09-28,10055027,
2015-09-29,10055027,
2015-09-30,10055027,
2015-10-01,10045027,
2015-10-02,10045027,
2015-10-03,10045027,
2015-10-04,10045027,
2015-10-05,10045027,
2015-10-06,10045027,
2015-10-07,10045027,
2015-10-08,10045027,
2015-10-09,10045027,
2015-10-10,10045027,
2015-10-11,10045027,
2015-10-12,10045027,
2015-10-13,10045027,
2015-10-14,10045027,
2015-10-15,10045027,
2015-10-16,10045027,
2015-10-17,10045027,
2015-10-18,10045027,
2015-10-19,10045027,
2015-10-20,10045027,
2015-10-21,10045027,
2015-10-22,10045027,
2015-10-23,10045027,
2015-10-24,10045027,
2015-10-25,10045027,
2015-10-26,10045027,
2015-10-27,10045027,
2015-10-28,10045027,
2015-10-29,10045027,
2015-10-30,10045027,
2015-10-31,10045027,
2015-11-01,10035597,
2015-11-02,10035597,
2015-11-03,10035597,
2015-11-04,10035597,
2015-11-05,10035597,
2015-11-06,10035597,
2015-11-07,10035597,
2015-11-08,10035597,
2015-11-09,10035597,
2015-11-10,10035597,
2015-11-11,10035597,
2015-11-12,10035597,
2015-11-13,10035597,
2015-11-14,10035597,
2015-11-15,10035597,
2015-11-16,10035597,
2015-11-17,10035597,
2015-11-18,10035597,
2015-11-19,10035597,
2015-11-20,10035597,
2015-11-21,10035597,
2015-11-22,10035597,
2015-11-23,10035597,
2015-11-24,10035597,
2015-11-25,10035597,
2015-11-26,10035597,
2015-11-27,10035597,
2015-11-28,10035597,
2015-11-29,10035597,
2015-11-30,10035597,
2015-12-01,10022181,
2015-12-02,10022181,
2015-12-03,10022181,
2015-12-04,10022181,
2015-12-05,10022181,
2015-12-06,10022181,
2015-12-07,10022181,
2015-12-08,10022181,
2015-12-09,10022181,
2015-12-10,10022181,
2015-12-11,10022181,
2015-12-12,10022181,
2015-12-13,10022181,
2015-12-14,10022181,
2015-12-15,10022181,
2015-12-16,10022181,
2015-12-17,10022181,
2015-12-18,10022181,
2015-12-19,10022181,
2015-12-20,10022181,
2015-12-21,10022181,
2015-12-22,10022181,
2015-12-23,10022181,
2015-12-24,10022181,
2015-12-25,10022181,
2015-12-26,10022181,
2015-12-27,10022181,
2015-12-28,10022181,
2015-12-29,10022181,
2015-12-30,10022181,
2015-12-31,10022181,
2016-01-01,9954791,
2016-01-02,9954791,
2016-01-03,9954791,
2016-01-04,9954791,
2016-01-05,9954791,
2016-01-06,9954791,
2016-01-07,9954791,
2016-01-08,9954791,
2016-01-09,9954791,
2016-01-10,9954791,
2016-01-11,9954791,
2016-01-12,9954791,
2016-01-13,9954791,
2016-01-14,9954791,
2016-01-15,9954791,
2016-01-16,9954791,
2016-01-17,9954791,
2016-01-18,9954791,
2016-01-19,9954791,
2016-01-20,9954791,
2016-01-21,9954791,
2016-01-22,9954791,
2016-01-23,9954791,
2016-01-24,9954791,
2016-01-25,9954791,
2016-01-26,9954791,
2016-01-27,9954791,
2016-01-28,9954791,
2016-01-29,9954791,
2016-01-30,9954791,
2016-01-31,9954791,
2016-02-01,10014261,
2016-02-02,10014261,
2016-02-03,10014261,
2016-02-04,10014261,
2016-02-05,10014261,
2016-02-06,10014261,
2016-02-07,10014261,
2016-02-08,10014261,
2016-02-09,10014261,
2016-02-10,10014261,
2016-02-11,10014261,
2016-02-12,10014261,
2016-02-13,10014261,
2016-02-14,10014261,
2016-02-15,10014261,
2016-02-16,10014261,
2016-02-17,10014261,
2016-02-18,10014261,
2016-02-19,10014261,
2016-02-20,10014261,
2016-02-21,10014261,
2016-02-22,10014261,
2016-02-23,10014261,
2016-02-24,10014261,
2016-02-25,10014261,
2016-02-26,10014261,
2016-02-27,10014261,
2016-02-28,10014261,
2016-02-29,10014261,
2016-03-01,10009588,
2016-03-02,10009588,
2016-03-03,10009588,
2016-03-04,10009588,
2016-03-05,10009588,
2016-03-06,10009588,
2016-03-07,10009588,
2016-03-08,10009588,
2016-03-09,10009588,
2016-03-10,10009588,
2016-03-11,10009588,
2016-03-12,10009588,
2016-03-13,10009588,
2016-03-14,10009588,
2016-03-15,10009588,
2016-03-16,10009588,
2016-03-17,10009588,
2016-03-18,10009588,
2016-03-19,10009588,
2016-03-20,10009588,
2016-03-21,10009588,
2016-03-22,10009588,
2016-03-23,10009588,
2016-03-24,10009588,
2016-03-25,10009588,
2016-03-26,10009588,
2016-03-27,10009588,
2016-03-28,10009588,
2016-03-29,10009588,
2016-03-30,10009588,
2016-03-31,10009588,
2016-04-01,10002979,
2016-04-02,10002979,
2016-04-03,10002979,
2016-04-04,10002979,
2016-04-05,10002979,
2016-04-06,10002979,
2016-04-07,10002979,
2016-04-08,10002979,
2016-04-09,10002979,
2016-04-10,10002979,
2016-04-11,10002979,
2016-04-12,10002979,
2016-04-13,10002979,
2016-04-14,10002979,
2016-04-15,10002979,
2016-04-16,10002979,
2016-04-17,10002979,
2016-04-18,10002979,
2016-04-19,10002979,
2016-04-20,10002979,
2016-04-21,10002979,
2016-04-22,10002979,
2016-04-23,10002979,
2016-04-24,10002979,
2016-04-25,10002979,
2016-04-26,10002979,
2016-04-27,10002979,
2016-04-28,10002979,
2016-04-29,10002979,
2016-04-30,10002979,
2016-05-01,9995784,
2016-05-02,9995784,
2016-05-03,9995784,
2016-05-04,9995784,
2016-05-05,9995784,
2016-05-06,9995784,
2016-05-07,9995784,
2016-05-08,9995784,
2016-05-09,9995784,
2016-05-10,9995784,
2016-05-11,9995784,
2016-05-12,9995784,
2016-05-13,9995784,
2016-05-14,9995784,
2016-05-15,9995784,
2016-05-16,9995784,
2016-05-17,9995784,
2016-05-18,9995784,
2016-05-19,9995784,
2016-05-20,9995784,
2016-05-21,9995784,
2016-05-22,9995784,
2016-05-23,9995784,
2016-05-24,9995784,
2016-05-25,9995784,
2016-05-26,9995784,
2016-05-27,9995784,
2016-05-28,9995784,
2016-05-29,9995784,
2016-05-30,9995784,
2016-05-31,9995784,
2016-06-01,9989795,
2016-06-02,9989795,
2016-06-03,9989795,
2016-06-04,9989795,
2016-06-05,9989795,
2016-06-06,9989795,
2016-06-07,9989795,
2016-06-08,9989795,
2016-06-09,9989795,
2016-06-10,9989795,
2016-06-11,9989795,
2016-06-12,9989795,
2016-06-13,9989795,
2016-06-14,9989795,
2016-06-15,9989795,
2016-06-16,9989795,
2016-06-17,9989795,
2016-06-18,9989795,
2016-06-19,9989795,
2016-06-20,9989795,
2016-06-21,9989795,
2016-06-22,9989795,
2016-06-23,9989795,
2016-06-24,9989795,
2016-06-25,9989795,
2016-06-26,9989795,
2016-06-27,9989795,
2016-06-28,9989795,
2016-06-29,9989795,
2016-06-30,9989795,
2016-07-01,9981673,
2016-07-02,9981673,
2016-07-03,9981673,
2016-07-04,9981673,
2016-07-05,9981673,
2016-07-06,9981673,
2016-07-07,9981673,
2016-07-08,9981673,
2016-07-09,9981673,
2016-07-10,9981673,
2016-07-11,9981673,
2016-07-12,9981673,
2016-07-13,9981673,
2016-07-14,9981673,
2016-07-15,9981673,
2016-07-16,9981673,
2016-07-17,9981673,
2016-07-18,9981673,
2016-07-19,9981673,
2016-07-20,9981673,
2016-07-21,9981673,
2016-07-22,9981673,
2016-07-23,9981673,
2016-07-24,9981673,
2016-07-25,9981673,
2016-07-26,9981673,
2016-07-27,9981673,
2016-07-28,9981673,
2016-07-29,9981673,
2016-07-30,9981673,
2016-07-31,9981673,
2016-08-01,9971111,
2016-08-02,9971111,
2016-08-03,9971111,
2016-08-04,9971111,
2016-08-05,9971111,
2016-08-06,9971111,
2016-08-07,9971111,
2016-08-08,9971111,
2016-08-09,9971111,
2016-08-10,9971111,
2016-08-11,9971111,
2016-08-12,9971111,
2016-08-13,9971111,
2016-08-14,9971111,
2016-08-15,9971111,
2016-08-16,9971111,
2016-08-17,9971111,
2016-08-18,9971111,
2016-08-19,9971111,
2016-08-20,9971111,
2016-08-21,9971111,
2016-08-22,9971111,
2016-08-23,9971111,
2016-08-24,9971111,
2016-08-25,9971111,
2016-08-26,9971111,
2016-08-27,9971111,
2016-08-28,9971111,
2016-08-29,9971111,
2016-08-30,9971111,
2016-08-31,9971111,
2016-09-01,9964291,
2016-09-02,9964291,
2016-09-03,9964291,
2016-09-04,9964291,
2016-09-05,9964291,
2016-09-06,9964291,
2016-09-07,9964291,
2016-09-08,9964291,
2016-09-09,9964291,
2016-09-10,9964291,
2016-09-11,9964291,
2016-09-12,9964291,
2016-09-13,9964291,
2016-09-14,9964291,
2016-09-15,9964291,
2016-09-16,9964291,
2016-09-17,9964291,
2016-09-18,9964291,
2016-09-19,9964291,
2016-09-20,9964291,
2016-09-21,9964291,
2016-09-22,9964291,
2016-09-23,9964291,
2016-09-24,9964291,
2016-09-25,9964291,
2016-09-26,9964291,
2016-09-27,9964291,
2016-09-28,9964291,
2016-09-29,9964291,
2016-09-30,9964291,
2016-10-01,9954791,
2016-10-02,9954791,
2016-10-03,9954791,
2016-10-04,9954791,
2016-10-05,9954791,
2016-10-06,9954791,
2016-10-07,9954791,
2016-10-08,9954791,
2016-10-09,9954791,
2016-10-10,9954791,
2016-10-11,9954791,
2016-10-12,9954791,
2016-10-13,9954791,
2016-10-14,9954791,
2016-10-15,9954791,
2016-10-16,9954791,
2016-10-17,9954791,
2016-10-18,9954791,
2016-10-19,9954791,
2016-10-20,9954791,
2016-10-21,9954791,
2016-10-22,9954791,
2016-10-23,9954791,
2016-10-24,9954791,
2016-10-25,9954791,
2016-10-26,9954791,
2016-10-27,9954791,
2016-10-28,9954791,
2016-10-29,9954791,
2016-10-30,9954791,
2016-10-31,9954791,
2016-11-01,9943333,
2016-11-02,9943333,
2016-11-03,9943333,
2016-11-04,9943333,
2016-11-05,9943333,
2016-11-06,9943333,
2016-11-07,9943333,
2016-11-08,9943333,
2016-11-09,9943333,
2016-11-10,9943333,
2016-11-11,9943333,
2016-11-12,9943333,
2016-11-13,9943333,
2016-11-14,9943333,
2016-11-15,9943333,
2016-11-16,9943333,
2016-11-17,9943333,
2016-11-18,9943333,
2016-11-19,9943333,
2016-11-20,9943333,
2016-11-21,9943333,
2016-11-22,9943333,
2016-11-23,9943333,
2016-11-24,9943333,
2016-11-25,9943333,
2016-11-26,9943333,
2016-11-27,9943333,
2016-11-28,9943333,
2016-11-29,9943333,
2016-11-30,9943333,
2016-12-01,9930616,
2016-12-02,9930616,
2016-12-03,9930616,
2016-12-04,9930616,
2016-12-05,9930616,
2016-12-06,9930616,
2016-12-07,9930616,
2016-12-08,9930616,
2016-12-09,9930616,
2016-12-10,9930616,
2016-12-11,9930616,
2016-12-12,9930616,
2016-12-13,9930616,
2016-12-14,9930616,
2016-12-15,9930616,
2016-12-16,9930616,
2016-12-17,9930616,
2016-12-18,9930616,
2016-12-19,9930616,
2016-12-20,9930616,
2016-12-21,9930616,
2016-12-22,9930616,
2016-12-23,9930616,
2016-12-24,9930616,
2016-12-25,9930616,
2016-12-26,9930616,
2016-12-27,9930616,
2016-12-28,9930616,
2016-12-29,9930616,
2016-12-30,9930616,
2016-12-31,9930616,
2017-01-01,9882810,
2017-01-02,9882810,
2017-01-03,9882810,
2017-01-04,9882810,
2017-01-05,9882810,
2017-01-06,9882810,
2017-01-07,9882810,
2017-01-08,9882810,
2017-01-09,9882810,
2017-01-10,9882810,
2017-01-11,9882810,
2017-01-12,9882810,
2017-01-13,9882810,
2017-01-14,9882810,
2017-01-15,9882810,
2017-01-16,9882810,
2017-01-17,9882810,
2017-01-18,9882810,
2017-01-19,9882810,
2017-01-20,9882810,
2017-01-21,9882810,
2017-01-22,9882810,
2017-01-23,9882810,
2017-01-24,9882810,
2017-01-25,9882810,
2017-01-26,9882810,
2017-01-27,9882810,
2017-01-28,9882810,
2017-01-29,9882810,
2017-01-30,9882810,
2017-01-31,9882810,
2017-02-01,9931412,
2017-02-02,9931412,
2017-02-03,9931412,
2017-02-04,9931412,
2017-02-05,9931412,
2017-02-06,9931412,
2017-02-07,9931412,
2017-02-08,9931412,
2017-02-09,9931412,
2017-02-10,9931412,
2017-02-11,9931412,
2017-02-12,9931412,
2017-02-13,9931412,
2017-02-14,9931412,
2017-02-15,9931412,
2017-02-16,9931412,
2017-02-17,9931412,
2017-02-18,9931412,
2017-02-19,9931412,
2017-02-20,9931412,
2017-02-21,9931412,
2017-02-22,9931412,
2017-02-23,9931412,
2017-02-24,9931412,
2017-02-25,9931412,
2017-02-26,9931412,
2017-02-27,9931412,
2017-02-28,9931412,
2017-03-01,9926968,
2017-03-02,9926968,
2017-03-03,9926968,
2017-03-04,9926968,
2017-03-05,9926968,
2017-03-06,9926968,
2017-03-07,9926968,
2017-03-08,9926968,
2017-03-09,9926968,
2017-03-10,9926968,
2017-03-11,9926968,
2017-03-12,9926968,
2017-03-13,9926968,
2017-03-14,9926968,
2017-03-15,9926968,
2017-03-16,9926968,
2017-03-17,9926968,
2017-03-18,9926968,
2017-03-19,9926968,
2017-03-20,9926968,
2017-03-21,9926968,
2017-03-22,9926968,
2017-03-23,9926968,
2017-03-24,9926968,
2017-03-25,9926968,
2017-03-26,9926968,
2017-03-27,9926968,
2017-03-28,9926968,
2017-03-29,9926968,
2017-03-30,9926968,
2017-03-31,9926968,
2017-04-01,9922745,
2017-04-02,9922745,
2017-04-03,9922745,
2017-04-04,9922745,
2017-04-05,9922745,
2017-04-06,9922745,
2017-04-07,9922745,
2017-04-08,9922745,
2017-04-09,9922745,
2017-04-10,9922745,
2017-04-11,9922745,
2017-04-12,9922745,
2017-04-13,9922745,
2017-04-14,9922745,
2017-04-15,9922745,
2017-04-16,9922745,
2017-04-17,9922745,
2017-04-18,9922745,
2017-04-19,9922745,
2017-04-20,9922745,
2017-04-21,9922745,
2017-04-22,9922745,
2017-04-23,9922745,
2017-04-24,9922745,
2017-04-25,9922745,
2017-04-26,9922745,
2017-04-27,9922745,
2017-04-28,9922745,
2017-04-29,9922745,
2017-04-30,9922745,
2017-05-01,9919016,
2017-05-02,9919016,
2017-05-03,9919016,
2017-05-04,9919016,
2017-05-05,9919016,
2017-05-06,9919016,
2017-05-07,9919016,
2017-05-08,9919016,
2017-05-09,9919016,
2017-05-10,9919016,
2017-05-11,9919016,
2017-05-12,9919016,
2017-05-13,9919016,
2017-05-14,9919016,
2017-05-15,9919016,
2017-05-16,9919016,
2017-05-17,9919016,
2017-05-18,9919016,
2017-05-19,9919016,
2017-05-20,9919016,
2017-05-21,9919016,
2017-05-22,9919016,
2017-05-23,9919016,
2017-05-24,9919016,
2017-05-25,9919016,
2017-05-26,9919016,
2017-05-27,9919016,
2017-05-28,9919016,
2017-05-29,9919016,
2017-05-30,9919016,
2017-05-31,9919016,
2017-06-01,9914381,
2017-06-02,9914381,
2017-06-03,9914381,
2017-06-04,9914381,
2017-06-05,9914381,
2017-06-06,9914381,
2017-06-07,9914381,
2017-06-08,9914381,
2017-06-09,9914381,
2017-06-10,9914381,
2017-06-11,9914381,
2017-06-12,9914381,
2017-06-13,9914381,
2017-06-14,9914381,
2017-06-15,9914381,
2017-06-16,9914381,
2017-06-17,9914381,
2017-06-18,9914381,
2017-06-19,9914381,
2017-06-20,9914381,
2017-06-21,9914381,
2017-06-22,9914381,
2017-06-23,9914381,
2017-06-24,9914381,
2017-06-25,9914381,
2017-06-26,9914381,
2017-06-27,9914381,
2017-06-28,9914381,
2017-06-29,9914381,
2017-06-30,9914381,
2017-07-01,9908612,
2017-07-02,9908612,
2017-07-03,9908612,
2017-07-04,9908612,
2017-07-05,9908612,
2017-07-06,9908612,
2017-07-07,9908612,
2017-07-08,9908612,
2017-07-09,9908612,
2017-07-10,9908612,
2017-07-11,9908612,
2017-07-12,9908612,
2017-07-13,9908612,
2017-07-14,9908612,
2017-07-15,9908612,
2017-07-16,9908612,
2017-07-17,9908612,
2017-07-18,9908612,
2017-07-19,9908612,
2017-07-20,9908612,
2017-07-21,9908612,
2017-07-22,9908612,
2017-07-23,9908612,
2017-07-24,9908612,
2017-07-25,9908612,
2017-07-26,9908612,
2017-07-27,9908612,
2017-07-28,9908612,
2017-07-29,9908612,
2017-07-30,9908612,
2017-07-31,9908612,
2017-08-01,9902072,
2017-08-02,9902072,
2017-08-03,9902072,
2017-08-04,9902072,
2017-08-05,9902072,
2017-08-06,9902072,
2017-08-07,9902072,
2017-08-08,9902072,
2017-08-09,9902072,
2017-08-10,9902072,
2017-08-11,9902072,
2017-08-12,9902072,
2017-08-13,9902072,
2017-08-14,9902072,
2017-08-15,9902072,
2017-08-16,9902072,
2017-08-17,9902072,
2017-08-18,9902072,
2017-08-19,9902072,
2017-08-20,9902072,
2017-08-21,9902072,
2017-08-22,9902072,
2017-08-23,9902072,
2017-08-24,9902072,
2017-08-25,9902072,
2017-08-26,9902072,
2017-08-27,9902072,
2017-08-28,9902072,
2017-08-29,9902072,
2017-08-30,9902072,
2017-08-31,9902072,
2017-09-01,9891448,
2017-09-02,9891448,
2017-09-03,9891448,
2017-09-04,9891448,
2017-09-05,9891448,
2017-09-06,9891448,
2017-09-07,9891448,
2017-09-08,9891448,
2017-09-09,9891448,
2017-09-10,9891448,
2017-09-11,9891448,
2017-09-12,9891448,
2017-09-13,9891448,
2017-09-14,9891448,
2017-09-15,9891448,
2017-09-16,9891448,
2017-09-17,9891448,
2017-09-18,9891448,
2017-09-19,9891448,
2017-09-20,9891448,
2017-09-21,9891448,
2017-09-22,9891448,
2017-09-23,9891448,
2017-09-24,9891448,
2017-09-25,9891448,
2017-09-26,9891448,
2017-09-27,9891448,
2017-09-28,9891448,
2017-09-29,9891448,
2017-09-30,9891448,
2017-10-01,9882810,
2017-10-02,9882810,
2017-10-03,9882810,
2017-10-04,9882810,
2017-10-05,9882810,
2017-10-06,9882810,
2017-10-07,9882810,
2017-10-08,9882810,
2017-10-09,9882810,
2017-10-10,9882810,
2017-10-11,9882810,
2017-10-12,9882810,
2017-10-13,9882810,
2017-10-14,9882810,
2017-10-15,9882810,
2017-10-16,9882810,
2017-10-17,9882810,
2017-10-18,9882810,
2017-10-19,9882810,
2017-10-20,9882810,
2017-10-21,9882810,
2017-10-22,9882810,
2017-10-23,9882810,
2017-10-24,9882810,
2017-10-25,9882810,
2017-10-26,9882810,
2017-10-27,9882810,
2017-10-28,9882810,
2017-10-29,9882810,
2017-10-30,9882810,
2017-10-31,9882810,
2017-11-01,9870167,
2017-11-02,9870167,
2017-11-03,9870167,
2017-11-04,9870167,
2017-11-05,9870167,
2017-11-06,9870167,
2017-11-07,9870167,
2017-11-08,9870167,
2017-11-09,9870167,
2017-11-10,9870167,
2017-11-11,9870167,
2017-11-12,9870167,
2017-11-13,9870167,
2017-11-14,9870167,
2017-11-15,9870167,
2017-11-16,9870167,
2017-11-17,9870167,
2017-11-18,9870167,
2017-11-19,9870167,
2017-11-20,9870167,
2017-11-21,9870167,
2017-11-22,9870167,
2017-11-23,9870167,
2017-11-24,9870167,
2017-11-25,9870167,
2017-11-26,9870167,
2017-11-27,9870167,
2017-11-28,9870167,
2017-11-29,9870167,
2017-11-30,9870167,
2017-12-01,9857426,
2017-12-02,9857426,
2017-12-03,9857426,
2017-12-04,9857426,
2017-12-05,9857426,
2017-12-06,9857426,
2017-12-07,9857426,
2017-12-08,9857426,
2017-12-09,9857426,
2017-12-10,9857426,
2017-12-11,9857426,
2017-12-12,9857426,
2017-12-13,9857426,
2017-12-14,9857426,
2017-12-15,9857426,
2017-12-16,9857426,
2017-12-17,9857426,
2017-12-18,9857426,
2017-12-19,9857426,
2017-12-20,9857426,
2017-12-21,9857426,
2017-12-22,9857426,
2017-12-23,9857426,
2017-12-24,9857426,
2017-12-25,9857426,
2017-12-26,9857426,
2017-12-27,9857426,
2017-12-28,9857426,
2017-12-29,9857426,
2017-12-30,9857426,
2017-12-31,9857426,
2018-01-01,9784112,
2018-01-02,9784112,
2018-01-03,9784112,
2018-01-04,9784112,
2018-01-05,9784112,
2018-01-06,9784112,
2018-01-07,9784112,
2018-01-08,9784112,
2018-01-09,9784112,
2018-01-10,9784112,
2018-01-11,9784112,
2018-01-12,9784112,
2018-01-13,9784112,
2018-01-14,9784112,
2018-01-15,9784112,
2018-01-16,9784112,
2018-01-17,9784112,
2018-01-18,9784112,
2018-01-19,9784112,
2018-01-20,9784112,
2018-01-21,9784112,
2018-01-22,9784112,
2018-01-23,9784112,
2018-01-24,9784112,
2018-01-25,9784112,
2018-01-26,9784112,
2018-01-27,9784112,
2018-01-28,9784112,
2018-01-29,9784112,
2018-01-30,9784112,
2018-01-31,9784112,
2018-02-01,9845336,
2018-02-02,9845336,
2018-02-03,9845336,
2018-02-04,9845336,
2018-02-05,9845336,
2018-02-06,9845336,
2018-02-07,9845336,
2018-02-08,9845336,
2018-02-09,9845336,
2018-02-10,9845336,
2018-02-11,9845336,
2018-02-12,9845336,
2018-02-13,9845336,
2018-02-14,9845336,
2018-02-15,9845336,
2018-02-16,9845336,
2018-02-17,9845336,
2018-02-18,9845336,
2018-02-19,9845336,
2018-02-20,9845336,
2018-02-21,9845336,
2018-02-22,9845336,
2018-02-23,9845336,
2018-02-24,9845336,
2018-02-25,9845336,
2018-02-26,9845336,
2018-02-27,9845336,
2018-02-28,9845336,
2018-03-01,9838892,
2018-03-02,9838892,
2018-03-03,9838892,
2018-03-04,9838892,
2018-03-05,9838892,
2018-03-06,9838892,
2018-03-07,9838892,
2018-03-08,9838892,
2018-03-09,9838892,
2018-03-10,9838892,
2018-03-11,9838892,
2018-03-12,9838892,
2018-03-13,9838892,
2018-03-14,9838892,
2018-03-15,9838892,
2018-03-16,9838892,
2018-03-17,9838892,
2018-03-18,9838892,
2018-03-19,9838892,
2018-03-20,9838892,
2018-03-21,9838892,
2018-03-22,9838892,
2018-03-23,9838892,
2018-03-24,9838892,
2018-03-25,9838892,
2018-03-26,9838892,
2018-03-27,9838892,
2018-03-28,9838892,
2018-03-29,9838892,
2018-03-30,9838892,
2018-03-31,9838892,
2018-04-01,9830452,
2018-04-02,9830452,
2018-04-03,9830452,
2018-04-04,9830452,
2018-04-05,9830452,
2018-04-06,9830452,
2018-04-07,9830452,
2018-04-08,9830452,
2018-04-09,9830452,
2018-04-10,9830452,
2018-04-11,9830452,
2018-04-12,9830452,
2018-04-13,9830452,
2018-04-14,9830452,
2018-04-15,9830452,
2018-04-16,9830452,
2018-04-17,9830452,
2018-04-18,9830452,
2018-04-19,9830452,
2018-04-20,9830452,
2018-04-21,9830452,
2018-04-22,9830452,
2018-04-23,9830452,
2018-04-24,9830452,
2018-04-25,9830452,
2018-04-26,9830452,
2018-04-27,9830452,
2018-04-28,9830452,
2018-04-29,9830452,
2018-04-30,9830452,
2018-05-01,9820971,
2018-05-02,9820971,
2018-05-03,9820971,
2018-05-04,9820971,
2018-05-05,9820971,
2018-05-06,9820971,
2018-05-07,9820971,
2018-05-08,9820971,
2018-05-09,9820971,
2018-05-10,9820971,
2018-05-11,9820971,
2018-05-12,9820971,
2018-05-13,9820971,
2018-05-14,9820971,
2018-05-15,9820971,
2018-05-16,9820971,
2018-05-17,9820971,
2018-05-18,9820971,
2018-05-19,9820971,
2018-05-20,9820971,
2018-05-21,9820971,
2018-05-22,9820971,
2018-05-23,9820971,
2018-05-24,9820971,
2018-05-25,9820971,
2018-05-26,9820971,
2018-05-27,9820971,
2018-05-28,9820971,
2018-05-29,9820971,
2018-05-30,9820971,
2018-05-31,9820971,
2018-06-01,9814049,
2018-06-02,9814049,
2018-06-03,9814049,
2018-06-04,9814049,
2018-06-05,9814049,
2018-06-06,9814049,
2018-06-07,9814049,
2018-06-08,9814049,
2018-06-09,9814049,
2018-06-10,9814049,
2018-06-11,9814049,
2018-06-12,9814049,
2018-06-13,9814049,
2018-06-14,9814049,
2018-06-15,9814049,
2018-06-16,9814049,
2018-06-17,9814049,
2018-06-18,9814049,
2018-06-19,9814049,
2018-06-20,9814049,
2018-06-21,9814049,
2018-06-22,9814049,
2018-06-23,9814049,
2018-06-24,9814049,
2018-06-25,9814049,
2018-06-26,9814049,
2018-06-27,9814049,
2018-06-28,9814049,
2018-06-29,9814049,
2018-06-30,9814049,
2018-07-01,9806538,
2018-07-02,9806538,
2018-07-03,9806538,
2018-07-04,9806538,
2018-07-05,9806538,
2018-07-06,9806538,
2018-07-07,9806538,
2018-07-08,9806538,
2018-07-09,9806538,
2018-07-10,9806538,
2018-07-11,9806538,
2018-07-12,9806538,
2018-07-13,9806538,
2018-07-14,9806538,
2018-07-15,9806538,
2018-07-16,9806538,
2018-07-17,9806538,
2018-07-18,9806538,
2018-07-19,9806538,
2018-07-20,9806538,
2018-07-21,9806538,
2018-07-22,9806538,
2018-07-23,9806538,
2018-07-24,9806538,
2018-07-25,9806538,
2018-07-26,9806538,
2018-07-27,9806538,
2018-07-28,9806538,
2018-07-29,9806538,
2018-07-30,9806538,
2018-07-31,9806538,
2018-08-01,9799075,
2018-08-02,9799075,
2018-08-03,9799075,
2018-08-04,9799075,
2018-08-05,9799075,
2018-08-06,9799075,
2018-08-07,9799075,
2018-08-08,9799075,
2018-08-09,9799075,
2018-08-10,9799075,
2018-08-11,9799075,
2018-08-12,9799075,
2018-08-13,9799075,
2018-08-14,9799075,
2018-08-15,9799075,
2018-08-16,9799075,
2018-08-17,9799075,
2018-08-18,9799075,
2018-08-19,9799075,
2018-08-20,9799075,
2018-08-21,9799075,
2018-08-22,9799075,
2018-08-23,9799075,
2018-08-24,9799075,
2018-08-25,9799075,
2018-08-26,9799075,
2018-08-27,9799075,
2018-08-28,9799075,
2018-08-29,9799075,
2018-08-30,9799075,
2018-08-31,9799075,
2018-09-01,9793003,
2018-09-02,9793003,
2018-09-03,9793003,
2018-09-04,9793003,
2018-09-05,9793003,
2018-09-06,9793003,
2018-09-07,9793003,
2018-09-08,9793003,
2018-09-09,9793003,
2018-09-10,9793003,
2018-09-11,9793003,
2018-09-12,9793003,
2018-09-13,9793003,
2018-09-14,9793003,
2018-09-15,9793003,
2018-09-16,9793003,
2018-09-17,9793003,
2018-09-18,9793003,
2018-09-19,9793003,
2018-09-20,9793003,
2018-09-21,9793003,
2018-09-22,9793003,
2018-09-23,9793003,
2018-09-24,9793003,
2018-09-25,9793003,
2018-09-26,9793003,
2018-09-27,9793003,
2018-09-28,9793003,
2018-09-29,9793003,
2018-09-30,9793003,
2018-10-01,9784112,
2018-10-02,9784112,
2018-10-03,9784112,
2018-10-04,9784112,
2018-10-05,9784112,
2018-10-06,9784112,
2018-10-07,9784112,
2018-10-08,9784112,
2018-10-09,9784112,
2018-10-10,9784112,
2018-10-11,9784112,
2018-10-12,9784112,
2018-10-13,9784112,
2018-10-14,9784112,
2018-10-15,9784112,
2018-10-16,9784112,
2018-10-17,9784112,
2018-10-18,9784112,
2018-10-19,9784112,
2018-10-20,9784112,
2018-10-21,9784112,
2018-10-22,9784112,
2018-10-23,9784112,
2018-10-24,9784112,
2018-10-25,9784112,
2018-10-26,9784112,
2018-10-27,9784112,
2018-10-28,9784112,
2018-10-29,9784112,
2018-10-30,9784112,
2018-10-31,9784112,
2018-11-01,9774088,
2018-11-02,9774088,
2018-11-03,9774088,
2018-11-04,9774088,
2018-11-05,9774088,
2018-11-06,9774088,
2018-11-07,9774088,
2018-11-08,9774088,
2018-11-09,9774088,
2018-11-10,9774088,
2018-11-11,9774088,
2018-11-12,9774088,
2018-11-13,9774088,
2018-11-14,9774088,
2018-11-15,9774088,
2018-11-16,9774088,
2018-11-17,9774088,
2018-11-18,9774088,
2018-11-19,9774088,
2018-11-20,9774088,
2018-11-21,9774088,
2018-11-22,9774088,
2018-11-23,9774088,
2018-11-24,9774088,
2018-11-25,9774088,
2018-11-26,9774088,
2018-11-27,9774088,
2018-11-28,9774088,
2018-11-29,9774088,
2018-11-30,9774088,
2018-12-01,9765623,
2018-12-02,9765623,
2018-12-03,9765623,
2018-12-04,9765623,
2018-12-05,9765623,
2018-12-06,9765623,
2018-12-07,9765623,
2018-12-08,9765623,
2018-12-09,9765623,
2018-12-10,9765623,
2018-12-11,9765623,
2018-12-12,9765623,
2018-12-13,9765623,
2018-12-14,9765623,
2018-12-15,9765623,
2018-12-16,9765623,
2018-12-17,9765623,
2018-12-18,9765623,
2018-12-19,9765623,
2018-12-20,9765623,
2018-12-21,9765623,
2018-12-22,9765623,
2018-12-23,9765623,
2018-12-24,9765623,
2018-12-25,9765623,
2018-12-26,9765623,
2018-12-27,9765623,
2018-12-28,9765623,
2018-12-29,9765623,
2018-12-30,9765623,
2018-12-31,9765623,
2019-01-01,9736289,
2019-01-02,9736289,
2019-01-03,9736289,
2019-01-04,9736289,
2019-01-05,9736289,
2019-01-06,9736289,
2019-01-07,9736289,
2019-01-08,9736289,
2019-01-09,9736289,
2019-01-10,9736289,
2019-01-11,9736289,
2019-01-12,9736289,
2019-01-13,9736289,
2019-01-14,9736289,
2019-01-15,9736289,
2019-01-16,9736289,
2019-01-17,9736289,
2019-01-18,9736289,
2019-01-19,9736289,
2019-01-20,9736289,
2019-01-21,9736289,
2019-01-22,9736289,
2019-01-23,9736289,
2019-01-24,9736289,
2019-01-25,9736289,
2019-01-26,9736289,
2019-01-27,9736289,
2019-01-28,9736289,
2019-01-29,9736289,
2019-01-30,9736289,
2019-01-31,9736289,
2019-02-01,9770638,
2019-02-02,9770638,
2019-02-03,9770638,
2019-02-04,9770638,
2019-02-05,9770638,
2019-02-06,9770638,
2019-02-07,9770638,
2019-02-08,9770638,
2019-02-09,9770638,
2019-02-10,9770638,
2019-02-11,9770638,
2019-02-12,9770638,
2019-02-13,9770638,
2019-02-14,9770638,
2019-02-15,9770638,
2019-02-16,9770638,
2019-02-17,9770638,
2019-02-18,9770638,
2019-02-19,9770638,
2019-02-20,9770638,
2019-02-21,9770638,
2019-02-22,9770638,
2019-02-23,9770638,
2019-02-24,9770638,
2019-02-25,9770638,
2019-02-26,9770638,
2019-02-27,9770638,
2019-02-28,9770638,
2019-03-01,9770216,
2019-03-02,9770216,
2019-03-03,9770216,
2019-03-04,9770216,
2019-03-05,9770216,
2019-03-06,9770216,
2019-03-07,9770216,
2019-03-08,9770216,
2019-03-09,9770216,
2019-03-10,9770216,
2019-03-11,9770216,
2019-03-12,9770216,
2019-03-13,9770216,
2019-03-14,9770216,
2019-03-15,9770216,
2019-03-16,9770216,
2019-03-17,9770216,
2019-03-18,9770216,
2019-03-19,9770216,
2019-03-20,9770216,
2019-03-21,9770216,
2019-03-22,9770216,
2019-03-23,9770216,
2019-03-24,9770216,
2019-03-25,9770216,
2019-03-26,9770216,
2019-03-27,9770216,
2019-03-28,9770216,
2019-03-29,9770216,
2019-03-30,9770216,
2019-03-31,9770216,
2019-04-01,9766886,
2019-04-02,9766886,
2019-04-03,9766886,
2019-04-04,9766886,
2019-04-05,9766886,
2019-04-06,9766886,
2019-04-07,9766886,
2019-04-08,9766886,
2019-04-09,9766886,
2019-04-10,9766886,
2019-04-11,9766886,
2019-04-12,9766886,
2019-04-13,9766886,
2019-04-14,9766886,
2019-04-15,9766886,
2019-04-16,9766886,
2019-04-17,9766886,
2019-04-18,9766886,
2019-04-19,9766886,
2019-04-20,9766886,
2019-04-21,9766886,
2019-04-22,9766886,
2019-04-23,9766886,
2019-04-24,9766886,
2019-04-25,9766886,
2019-04-26,9766886,
2019-04-27,9766886,
2019-04-28,9766886,
2019-04-29,9766886,
2019-04-30,9766886,
2019-05-01,9762062,
2019-05-02,9762062,
2019-05-03,9762062,
2019-05-04,9762062,
2019-05-05,9762062,
2019-05-06,9762062,
2019-05-07,9762062,
2019-05-08,9762062,
2019-05-09,9762062,
2019-05-10,9762062,
2019-05-11,9762062,
2019-05-12,9762062,
2019-05-13,9762062,
2019-05-14,9762062,
2019-05-15,9762062,
2019-05-16,9762062,
2019-05-17,9762062,
2019-05-18,9762062,
2019-05-19,9762062,
2019-05-20,9762062,
2019-05-21,9762062,
2019-05-22,9762062,
2019-05-23,9762062,
2019-05-24,9762062,
2019-05-25,9762062,
2019-05-26,9762062,
2019-05-27,9762062,
2019-05-28,9762062,
2019-05-29,9762062,
2019-05-30,9762062,
2019-05-31,9762062,
2019-06-01,9757144,
2019-06-02,9757144,
2019-06-03,9757144,
2019-06-04,9757144,
2019-06-05,9757144,
2019-06-06,9757144,
2019-06-07,9757144,
2019-06-08,9757144,
2019-06-09,9757144,
2019-06-10,9757144,
2019-06-11,9757144,
2019-06-12,9757144,
2019-06-13,9757144,
2019-06-14,9757144,
2019-06-15,9757144,
2019-06-16,9757144,
2019-06-17,9757144,
2019-06-18,9757144,
2019-06-19,9757144,
2019-06-20,9757144,
2019-06-21,9757144,
2019-06-22,9757144,
2019-06-23,9757144,
2019-06-24,9757144,
2019-06-25,9757144,
2019-06-26,9757144,
2019-06-27,9757144,
2019-06-28,9757144,
2019-06-29,9757144,
2019-06-30,9757144,
2019-07-01,9751415,
2019-07-02,9751415,
2019-07-03,9751415,
2019-07-04,9751415,
2019-07-05,9751415,
2019-07-06,9751415,
2019-07-07,9751415,
2019-07-08,9751415,
2019-07-09,9751415,
2019-07-10,9751415,
2019-07-11,9751415,
2019-07-12,9751415,
2019-07-13,9751415,
2019-07-14,9751415,
2019-07-15,9751415,
2019-07-16,9751415,
2019-07-17,9751415,
2019-07-18,9751415,
2019-07-19,9751415,
2019-07-20,9751415,
2019-07-21,9751415,
2019-07-22,9751415,
2019-07-23,9751415,
2019-07-24,9751415,
2019-07-25,9751415,
2019-07-26,9751415,
2019-07-27,9751415,
2019-07-28,9751415,
2019-07-29,9751415,
2019-07-30,9751415,
2019-07-31,9751415,
2019-08-01,9744888,
2019-08-02,9744888,
2019-08-03,9744888,
2019-08-04,9744888,
2019-08-05,9744888,
2019-08-06,9744888,
2019-08-07,9744888,
2019-08-08,9744888,
2019-08-09,9744888,
2019-08-10,9744888,
2019-08-11,9744888,
2019-08-12,9744888,
2019-08-13,9744888,
2019-08-14,9744888,
2019-08-15,9744888,
2019-08-16,9744888,
2019-08-17,9744888,
2019-08-18,9744888,
2019-08-19,9744888,
2019-08-20,9744888,
2019-08-21,9744888,
2019-08-22,9744888,
2019-08-23,9744888,
2019-08-24,9744888,
2019-08-25,9744888,
2019-08-26,9744888,
2019-08-27,9744888,
2019-08-28,9744888,
2019-08-29,9744888,
2019-08-30,9744888,
2019-08-31,9744888,
2019-09-01,9740398,
2019-09-02,9740398,
2019-09-03,9740398,
2019-09-04,9740398,
2019-09-05,9740398,
2019-09-06,9740398,
2019-09-07,9740398,
2019-09-08,9740398,
2019-09-09,9740398,
2019-09-10,9740398,
2019-09-11,9740398,
2019-09-12,9740398,
2019-09-13,9740398,
2019-09-14,9740398,
2019-09-15,9740398,
2019-09-16,9740398,
2019-09-17,9740398,
2019-09-18,9740398,
2019-09-19,9740398,
2019-09-20,9740398,
2019-09-21,9740398,
2019-09-22,9740398,
2019-09-23,9740398,
2019-09-24,9740398,
2019-09-25,9740398,
2019-09-26,9740398,
2019-09-27,9740398,
2019-09-28,9740398,
2019-09-29,9740398,
2019-09-30,9740398,
2019-10-01,9736289,
2019-10-02,9736289,
2019-10-03,9736289,
2019-10-04,9736289,
2019-10-05,9736289,
2019-10-06,9736289,
2019-10-07,9736289,
2019-10-08,9736289,
2019-10-09,9736289,
2019-10-10,9736289,
2019-10-11,9736289,
2019-10-12,9736289,
2019-10-13,9736289,
2019-10-14,9736289,
2019-10-15,9736289,
2019-10-16,9736289,
2019-10-17,9736289,
2019-10-18,9736289,
2019-10-19,9736289,
2019-10-20,9736289,
2019-10-21,9736289,
2019-10-22,9736289,
2019-10-23,9736289,
2019-10-24,9736289,
2019-10-25,9736289,
2019-10-26,9736289,
2019-10-27,9736289,
2019-10-28,9736289,
2019-10-29,9736289,
2019-10-30,9736289,
2019-10-31,9736289,
2019-11-01,9732577,
2019-11-02,9732577,
2019-11-03,9732577,
2019-11-04,9732577,
2019-11-05,9732577,
2019-11-06,9732577,
2019-11-07,9732577,
2019-11-08,9732577,
2019-11-09,9732577,
2019-11-10,9732577,
2019-11-11,9732577,
2019-11-12,9732577,
2019-11-13,9732577,
2019-11-14,9732577,
2019-11-15,9732577,
2019-11-16,9732577,
2019-11-17,9732577,
2019-11-18,9732577,
2019-11-19,9732577,
2019-11-20,9732577,
2019-11-21,9732577,
2019-11-22,9732577,
2019-11-23,9732577,
2019-11-24,9732577,
2019-11-25,9732577,
2019-11-26,9732577,
2019-11-27,9732577,
2019-11-28,9732577,
2019-11-29,9732577,
2019-11-30,9732577,
2019-12-01,9729107,
2019-12-02,9729107,
2019-12-03,9729107,
2019-12-04,9729107,
2019-12-05,9729107,
2019-12-06,9729107,
2019-12-07,9729107,
2019-12-08,9729107,
2019-12-09,9729107,
2019-12-10,9729107,
2019-12-11,9729107,
2019-12-12,9729107,
2019-12-13,9729107,
2019-12-14,9729107,
2019-12-15,9729107,
2019-12-16,9729107,
2019-12-17,9729107,
2019-12-18,9729107,
2019-12-19,9729107,
2019-12-20,9729107,
2019-12-21,9729107,
2019-12-22,9729107,
2019-12-23,9729107,
2019-12-24,9729107,
2019-12-25,9729107,
2019-12-26,9729107,
2019-12-27,9729107,
2019-12-28,9729107,
2019-12-29,9729107,
2019-12-30,9729107,
2019-12-31,9729107,
2020-01-01,9689159,
2020-01-02,9689159,
2020-01-03,9689159,
2020-01-04,9689159,
2020-01-05,9689159,
2020-01-06,9689159,
2020-01-07,9689159,
2020-01-08,9689159,
2020-01-09,9689159,
2020-01-10,9689159,
2020-01-11,9689159,
2020-01-12,9689159,
2020-01-13,9689159,
2020-01-14,9689159,
2020-01-15,9689159,
2020-01-16,9689159,
2020-01-17,9689159,
2020-01-18,9689159,
2020-01-19,9689159,
2020-01-20,9689159,
2020-01-21,9689159,
2020-01-22,9689159,
2020-01-23,9689159,
2020-01-24,9689159,
2020-01-25,9689159,
2020-01-26,9689159,
2020-01-27,9689159,
2020-01-28,9689159,
2020-01-29,9689159,
2020-01-30,9689159,
2020-01-31,9689159,
2020-02-01,9736962,
2020-02-02,9736962,
2020-02-03,9736962,
2020-02-04,9736962,
2020-02-05,9736962,
2020-02-06,9736962,
2020-02-07,9736962,
2020-02-08,9736962,
2020-02-09,9736962,
2020-02-10,9736962,
2020-02-11,9736962,
2020-02-12,9736962,
2020-02-13,9736962,
2020-02-14,9736962,
2020-02-15,9736962,
2020-02-16,9736962,
2020-02-17,9736962,
2020-02-18,9736962,
2020-02-19,9736962,
2020-02-20,9736962,
2020-02-21,9736962,
2020-02-22,9736962,
2020-02-23,9736962,
2020-02-24,9736962,
2020-02-25,9736962,
2020-02-26,9736962,
2020-02-27,9736962,
2020-02-28,9736962,
2020-02-29,9736962,
2020-03-01,9733655,
2020-03-02,9733655,
2020-03-03,9733655,
2020-03-04,9733655,
2020-03-05,9733655,
2020-03-06,9733655,
2020-03-07,9733655,
2020-03-08,9733655,
2020-03-09,9733655,
2020-03-10,9733655,
2020-03-11,9733655,
2020-03-12,9733655,
2020-03-13,9733655,
2020-03-14,9733655,
2020-03-15,9733655,
2020-03-16,9733655,
2020-03-17,9733655,
2020-03-18,9733655,
2020-03-19,9733655,
2020-03-20,9733655,
2020-03-21,9733655,
2020-03-22,9733655,
2020-03-23,9733655,
2020-03-24,9733655,
2020-03-25,9733655,
2020-03-26,9733655,
2020-03-27,9733655,
2020-03-28,9733655,
2020-03-29,9733655,
2020-03-30,9733655,
2020-03-31,9733655,
2020-04-01,9726787,
2020-04-02,9726787,
2020-04-03,9726787,
2020-04-04,9726787,
2020-04-05,9726787,
2020-04-06,9726787,
2020-04-07,9726787,
2020-04-08,9726787,
2020-04-09,9726787,
2020-04-10,9726787,
2020-04-11,9726787,
2020-04-12,9726787,
2020-04-13,9726787,
2020-04-14,9726787,
2020-04-15,9726787,
2020-04-16,9726787,
2020-04-17,9726787,
2020-04-18,9726787,
2020-04-19,9726787,
2020-04-20,9726787,
2020-04-21,9726787,
2020-04-22,9726787,
2020-04-23,9726787,
2020-04-24,9726787,
2020-04-25,9726787,
2020-04-26,9726787,
2020-04-27,9726787,
2020-04-28,9726787,
2020-04-29,9726787,
2020-04-30,9726787,
2020-05-01,9724496,
2020-05-02,9724496,
2020-05-03,9724496,
2020-05-04,9724496,
2020-05-05,9724496,
2020-05-06,9724496,
2020-05-07,9724496,
2020-05-08,9724496,
2020-05-09,9724496,
2020-05-10,9724496,
2020-05-11,9724496,
2020-05-12,9724496,
2020-05-13,9724496,
2020-05-14,9724496,
2020-05-15,9724496,
2020-05-16,9724496,
2020-05-17,9724496,
2020-05-18,9724496,
2020-05-19,9724496,
2020-05-20,9724496,
2020-05-21,9724496,
2020-05-22,9724496,
2020-05-23,9724496,
2020-05-24,9724496,
2020-05-25,9724496,
2020-05-26,9724496,
2020-05-27,9724496,
2020-05-28,9724496,
2020-05-29,9724496,
2020-05-30,9724496,
2020-05-31,9724496,
2020-06-01,9720846,
2020-06-02,9720846,
2020-06-03,9720846,
2020-06-04,9720846,
2020-06-05,9720846,
2020-06-06,9720846,
2020-06-07,9720846,
2020-06-08,9720846,
2020-06-09,9720846,
2020-06-10,9720846,
2020-06-11,9720846,
2020-06-12,9720846,
2020-06-13,9720846,
2020-06-14,9720846,
2020-06-15,9720846,
2020-06-16,9720846,
2020-06-17,9720846,
2020-06-18,9720846,
2020-06-19,9720846,
2020-06-20,9720846,
2020-06-21,9720846,
2020-06-22,9720846,
2020-06-23,9720846,
2020-06-24,9720846,
2020-06-25,9720846,
2020-06-26,9720846,
2020-06-27,9720846,
2020-06-28,9720846,
2020-06-29,9720846,
2020-06-30,9720846,
2020-07-01,9715429,
2020-07-02,9715429,
2020-07-03,9715429,
2020-07-04,9715429,
2020-07-05,9715429,
2020-07-06,9715429,
2020-07-07,9715429,
2020-07-08,9715429,
2020-07-09,9715429,
2020-07-10,9715429,
2020-07-11,9715429,
2020-07-12,9715429,
2020-07-13,9715429,
2020-07-14,9715429,
2020-07-15,9715429,
2020-07-16,9715429,
2020-07-17,9715429,
2020-07-18,9715429,
2020-07-19,9715429,
2020-07-20,9715429,
2020-07-21,9715429,
2020-07-22,9715429,
2020-07-23,9715429,
2020-07-24,9715429,
2020-07-25,9715429,
2020-07-26,9715429,
2020-07-27,9715429,
2020-07-28,9715429,
2020-07-29,9715429,
2020-07-30,9715429,
2020-07-31,9715429,
2020-08-01,9708247,
2020-08-02,9708247,
2020-08-03,9708247,
2020-08-04,9708247,
2020-08-05,9708247,
2020-08-06,9708247,
2020-08-07,9708247,
2020-08-08,9708247,
2020-08-09,9708247,
2020-08-10,9708247,
2020-08-11,9708247,
2020-08-12,9708247,
2020-08-13,9708247,
2020-08-14,9708247,
2020-08-15,9708247,
2020-08-16,9708247,
2020-08-17,9708247,
2020-08-18,9708247,
2020-08-19,9708247,
2020-08-20,9708247,
2020-08-21,9708247,
2020-08-22,9708247,
2020-08-23,9708247,
2020-08-24,9708247,
2020-08-25,9708247,
2020-08-26,9708247,
2020-08-27,9708247,
2020-08-28,9708247,
2020-08-29,9708247,
2020-08-30,9708247,
2020-08-31,9708247,
2020-09-01,9699232,
2020-09-02,9699232,
2020-09-03,9699232,
2020-09-04,9699232,
2020-09-05,9699232,
2020-09-06,9699232,
2020-09-07,9699232,
2020-09-08,9699232,
2020-09-09,9699232,
2020-09-10,9699232,
2020-09-11,9699232,
2020-09-12,9699232,
2020-09-13,9699232,
2020-09-14,9699232,
2020-09-15,9699232,
2020-09-16,9699232,
2020-09-17,9699232,
2020-09-18,9699232,
2020-09-19,9699232,
2020-09-20,9699232,
2020-09-21,9699232,
2020-09-22,9699232,
2020-09-23,9699232,
2020-09-24,9699232,
2020-09-25,9699232,
2020-09-26,9699232,
2020-09-27,9699232,
2020-09-28,9699232,
2020-09-29,9699232,
2020-09-30,9699232,
2020-10-01,9689159,
2020-10-02,9689159,
2020-10-03,9689159,
2020-10-04,9689159,
2020-10-05,9689159,
2020-10-06,9689159,
2020-10-07,9689159,
2020-10-08,9689159,
2020-10-09,9689159,
2020-10-10,9689159,
2020-10-11,9689159,
2020-10-12,9689159,
2020-10-13,9689159,
2020-10-14,9689159,
2020-10-15,9689159,
2020-10-16,9689159,
2020-10-17,9689159,
2020-10-18,9689159,
2020-10-19,9689159,
2020-10-20,9689159,
2020-10-21,9689159,
2020-10-22,9689159,
2020-10-23,9689159,
2020-10-24,9689159,
2020-10-25,9689159,
2020-10-26,9689159,
2020-10-27,9689159,
2020-10-28,9689159,
2020-10-29,9689159,
2020-10-30,9689159,
2020-10-31,9689159,
2020-11-01,9679771,
2020-11-02,9679771,
2020-11-03,9679771,
2020-11-04,9679771,
2020-11-05,9679771,
2020-11-06,9679771,
2020-11-07,9679771,
2020-11-08,9679771,
2020-11-09,9679771,
2020-11-10,9679771,
2020-11-11,9679771,
2020-11-12,9679771,
2020-11-13,9679771,
2020-11-14,9679771,
2020-11-15,9679771,
2020-11-16,9679771,
2020-11-17,9679771,
2020-11-18,9679771,
2020-11-19,9679771,
2020-11-20,9679771,
2020-11-21,9679771,
2020-11-22,9679771,
2020-11-23,9679771,
2020-11-24,9679771,
2020-11-25,9679771,
2020-11-26,9679771,
2020-11-27,9679771,
2020-11-28,9679771,
2020-11-29,9679771,
2020-11-30,9679771,
2020-12-01,9668465,
2020-12-02,9668465,
2020-12-03,9668465,
2020-12-04,9668465,
2020-12-05,9668465,
2020-12-06,9668465,
2020-12-07,9668465,
2020-12-08,9668465,
2020-12-09,9668465,
2020-12-10,9668465,
2020-12-11,9668465,
2020-12-12,9668465,
2020-12-13,9668465,
2020-12-14,9668465,
2020-12-15,9668465,
2020-12-16,9668465,
2020-12-17,9668465,
2020-12-18,9668465,
2020-12-19,9668465,
2020-12-20,9668465,
2020-12-21,9668465,
2020-12-22,9668465,
2020-12-23,9668465,
2020-12-24,9668465,
2020-12-25,9668465,
2020-12-26,9668465,
2020-12-27,9668465,
2020-12-28,9668465,
2020-12-29,9668465,
2020-12-30,9668465,
2020-12-31,9668465,
2021-01-01,9532428,
2021-01-02,9532428,
2021-01-03,9532428,
2021-01-04,9532428,
2021-01-05,9532428,
2021-01-06,9532428,
2021-01-07,9532428,
2021-01-08,9532428,
2021-01-09,9532428,
2021-01-10,9532428,
2021-01-11,9532428,
2021-01-12,9532428,
2021-01-13,9532428,
2021-01-14,9532428,
2021-01-15,9532428,
2021-01-16,9532428,
2021-01-17,9532428,
2021-01-18,9532428,
2021-01-19,9532428,
2021-01-20,9532428,
2021-01-21,9532428,
2021-01-22,9532428,
2021-01-23,9532428,
2021-01-24,9532428,
2021-01-25,9532428,
2021-01-26,9532428,
2021-01-27,9532428,
2021-01-28,9532428,
2021-01-29,9532428,
2021-01-30,9532428,
2021-01-31,9532428,
2021-02-01,9648606,
2021-02-02,9648606,
2021-02-03,9648606,
2021-02-04,9648606,
2021-02-05,9648606,
2021-02-06,9648606,
2021-02-07,9648606,
2021-02-08,9648606,
2021-02-09,9648606,
2021-02-10,9648606,
2021-02-11,9648606,
2021-02-12,9648606,
2021-02-13,9648606,
2021-02-14,9648606,
2021-02-15,9648606,
2021-02-16,9648606,
2021-02-17,9648606,
2021-02-18,9648606,
2021-02-19,9648606,
2021-02-20,9648606,
2021-02-21,9648606,
2021-02-22,9648606,
2021-02-23,9648606,
2021-02-24,9648606,
2021-02-25,9648606,
2021-02-26,9648606,
2021-02-27,9648606,
2021-02-28,9648606,
2021-03-01,9598484,
2021-03-02,9598484,
2021-03-03,9598484,
2021-03-04,9598484,
2021-03-05,9598484,
2021-03-06,9598484,
2021-03-07,9598484,
2021-03-08,9598484,
2021-03-09,9598484,
2021-03-10,9598484,
2021-03-11,9598484,
2021-03-12,9598484,
2021-03-13,9598484,
2021-03-14,9598484,
2021-03-15,9598484,
2021-03-16,9598484,
2021-03-17,9598484,
2021-03-18,9598484,
2021-03-19,9598484,
2021-03-20,9598484,
2021-03-21,9598484,
2021-03-22,9598484,
2021-03-23,9598484,
2021-03-24,9598484,
2021-03-25,9598484,
2021-03-26,9598484,
2021-03-27,9598484,
2021-03-28,9598484,
2021-03-29,9598484,
2021-03-30,9598484,
2021-03-31,9598484,
2021-04-01,9588711,
2021-04-02,9588711,
2021-04-03,9588711,
2021-04-04,9588711,
2021-04-05,9588711,
2021-04-06,9588711,
2021-04-07,9588711,
2021-04-08,9588711,
2021-04-09,9588711,
2021-04-10,9588711,
2021-04-11,9588711,
2021-04-12,9588711,
2021-04-13,9588711,
2021-04-14,9588711,
2021-04-15,9588711,
2021-04-16,9588711,
2021-04-17,9588711,
2021-04-18,9588711,
2021-04-19,9588711,
2021-04-20,9588711,
2021-04-21,9588711,
2021-04-22,9588711,
2021-04-23,9588711,
2021-04-24,9588711,
2021-04-25,9588711,
2021-04-26,9588711,
2021-04-27,9588711,
2021-04-28,9588711,
2021-04-29,9588711,
2021-04-30,9588711,
2021-05-01,9575355,
2021-05-02,9575355,
2021-05-03,9575355,
2021-05-04,9575355,
2021-05-05,9575355,
2021-05-06,9575355,
2021-05-07,9575355,
2021-05-08,9575355,
2021-05-09,9575355,
2021-05-10,9575355,
2021-05-11,9575355,
2021-05-12,9575355,
2021-05-13,9575355,
2021-05-14,9575355,
2021-05-15,9575355,
2021-05-16,9575355,
2021-05-17,9575355,
2021-05-18,9575355,
2021-05-19,9575355,
2021-05-20,9575355,
2021-05-21,9575355,
2021-05-22,9575355,
2021-05-23,9575355,
2021-05-24,9575355,
2021-05-25,9575355,
2021-05-26,9575355,
2021-05-27,9575355,
2021-05-28,9575355,
2021-05-29,9575355,
2021-05-30,9575355,
2021-05-31,9575355,
2021-06-01,9565990,
2021-06-02,9565990,
2021-06-03,9565990,
2021-06-04,9565990,
2021-06-05,9565990,
2021-06-06,9565990,
2021-06-07,9565990,
2021-06-08,9565990,
2021-06-09,9565990,
2021-06-10,9565990,
2021-06-11,9565990,
2021-06-12,9565990,
2021-06-13,9565990,
2021-06-14,9565990,
2021-06-15,9565990,
2021-06-16,9565990,
2021-06-17,9565990,
2021-06-18,9565990,
2021-06-19,9565990,
2021-06-20,9565990,
2021-06-21,9565990,
2021-06-22,9565990,
2021-06-23,9565990,
2021-06-24,9565990,
2021-06-25,9565990,
2021-06-26,9565990,
2021-06-27,9565990,
2021-06-28,9565990,
2021-06-29,9565990,
2021-06-30,9565990,
2021-07-01,9558153,
2021-07-02,9558153,
2021-07-03,9558153,
2021-07-04,9558153,
2021-07-05,9558153,
2021-07-06,9558153,
2021-07-07,9558153,
2021-07-08,9558153,
2021-07-09,9558153,
2021-07-10,9558153,
2021-07-11,9558153,
2021-07-12,9558153,
2021-07-13,9558153,
2021-07-14,9558153,
2021-07-15,9558153,
2021-07-16,9558153,
2021-07-17,9558153,
2021-07-18,9558153,
2021-07-19,9558153,
2021-07-20,9558153,
2021-07-21,9558153,
2021-07-22,9558153,
2021-07-23,9558153,
2021-07-24,9558153,
2021-07-25,9558153,
2021-07-26,9558153,
2021-07-27,9558153,
2021-07-28,9558153,
2021-07-29,9558153,
2021-07-30,9558153,
2021-07-31,9558153,
2021-08-01,9550227,
2021-08-02,9550227,
2021-08-03,9550227,
2021-08-04,9550227,
2021-08-05,9550227,
2021-08-06,9550227,
2021-08-07,9550227,
2021-08-08,9550227,
2021-08-09,9550227,
2021-08-10,9550227,
2021-08-11,9550227,
2021-08-12,9550227,
2021-08-13,9550227,
2021-08-14,9550227,
2021-08-15,9550227,
2021-08-16,9550227,
2021-08-17,9550227,
2021-08-18,9550227,
2021-08-19,9550227,
2021-08-20,9550227,
2021-08-21,9550227,
2021-08-22,9550227,
2021-08-23,9550227,
2021-08-24,9550227,
2021-08-25,9550227,
2021-08-26,9550227,
2021-08-27,9550227,
2021-08-28,9550227,
2021-08-29,9550227,
2021-08-30,9550227,
2021-08-31,9550227,
2021-09-01,9542256,
2021-09-02,9542256,
2021-09-03,9542256,
2021-09-04,9542256,
2021-09-05,9542256,
2021-09-06,9542256,
2021-09-07,9542256,
2021-09-08,9542256,
2021-09-09,9542256,
2021-09-10,9542256,
2021-09-11,9542256,
2021-09-12,9542256,
2021-09-13,9542256,
2021-09-14,9542256,
2021-09-15,9542256,
2021-09-16,9542256,
2021-09-17,9542256,
2021-09-18,9542256,
2021-09-19,9542256,
2021-09-20,9542256,
2021-09-21,9542256,
2021-09-22,9542256,
2021-09-23,9542256,
2021-09-24,9542256,
2021-09-25,9542256,
2021-09-26,9542256,
2021-09-27,9542256,
2021-09-28,9542256,
2021-09-29,9542256,
2021-09-30,9542256,
2021-10-01,9532428,
2021-10-02,9532428,
2021-10-03,9532428,
2021-10-04,9532428,
2021-10-05,9532428,
2021-10-06,9532428,
2021-10-07,9532428,
2021-10-08,9532428,
2021-10-09,9532428,
2021-10-10,9532428,
2021-10-11,9532428,
2021-10-12,9532428,
2021-10-13,9532428,
2021-10-14,9532428,
2021-10-15,9532428,
2021-10-16,9532428,
2021-10-17,9532428,
2021-10-18,9532428,
2021-10-19,9532428,
2021-10-20,9532428,
2021-10-21,9532428,
2021-10-22,9532428,
2021-10-23,9532428,
2021-10-24,9532428,
2021-10-25,9532428,
2021-10-26,9532428,
2021-10-27,9532428,
2021-10-28,9532428,
2021-10-29,9532428,
2021-10-30,9532428,
2021-10-31,9532428,
2021-11-01,9520880,
2021-11-02,9520880,
2021-11-03,9520880,
2021-11-04,9520880,
2021-11-05,9520880,
2021-11-06,9520880,
2021-11-07,9520880,
2021-11-08,9520880,
2021-11-09,9520880,
2021-11-10,9520880,
2021-11-11,9520880,
2021-11-12,9520880,
2021-11-13,9520880,
2021-11-14,9520880,
2021-11-15,9520880,
2021-11-16,9520880,
2021-11-17,9520880,
2021-11-18,9520880,
2021-11-19,9520880,
2021-11-20,9520880,
2021-11-21,9520880,
2021-11-22,9520880,
2021-11-23,9520880,
2021-11-24,9520880,
2021-11-25,9520880,
2021-11-26,9520880,
2021-11-27,9520880,
2021-11-28,9520880,
2021-11-29,9520880,
2021-11-30,9520880,
2021-12-01,9509458,
2021-12-02,9509458,
2021-12-03,9509458,
2021-12-04,9509458,
2021-12-05,9509458,
2021-12-06,9509458,
2021-12-07,9509458,
2021-12-08,9509458,
2021-12-09,9509458,
2021-12-10,9509458,
2021-12-11,9509458,
2021-12-12,9509458,
2021-12-13,9509458,
2021-12-14,9509458,
2021-12-15,9509458,
2021-12-16,9509458,
2021-12-17,9509458,
2021-12-18,9509458,
2021-12-19,9509458,
2021-12-20,9509458,
2021-12-21,9509458,
2021-12-22,9509458,
2021-12-23,9509458,
2021-12-24,9509458,
2021-12-25,9509458,
2021-12-26,9509458,
2021-12-27,9509458,
2021-12-28,9509458,
2021-12-29,9509458,
2021-12-30,9509458,
2021-12-31,9509458,
2022-01-01,9443722,
2022-01-02,9443722,
2022-01-03,9443722,
2022-01-04,9443722,
2022-01-05,9443722,
2022-01-06,9443722,
2022-01-07,9443722,
2022-01-08,9443722,
2022-01-09,9443722,
2022-01-10,9443722,
2022-01-11,9443722,
2022-01-12,9443722,
2022-01-13,9443722,
2022-01-14,9443722,
2022-01-15,9443722,
2022-01-16,9443722,
2022-01-17,9443722,
2022-01-18,9443722,
2022-01-19,9443722,
2022-01-20,9443722,
2022-01-21,9443722,
2022-01-22,9443722,
2022-01-23,9443722,
2022-01-24,9443722,
2022-01-25,9443722,
2022-01-26,9443722,
2022-01-27,9443722,
2022-01-28,9443722,
2022-01-29,9443722,
2022-01-30,9443722,
2022-01-31,9443722,
2022-02-01,9508451,
2022-02-02,9508451,
2022-02-03,9508451,
2022-02-04,9508451,
2022-02-05,9508451,
2022-02-06,9508451,
2022-02-07,9508451,
2022-02-08,9508451,
2022-02-09,9508451,
2022-02-10,9508451,
2022-02-11,9508451,
2022-02-12,9508451,
2022-02-13,9508451,
2022-02-14,9508451,
2022-02-15,9508451,
2022-02-16,9508451,
2022-02-17,9508451,
2022-02-18,9508451,
2022-02-19,9508451,
2022-02-20,9508451,
2022-02-21,9508451,
2022-02-22,9508451,
2022-02-23,9508451,
2022-02-24,9508451,
2022-02-25,9508451,
2022-02-26,9508451,
2022-02-27,9508451,
2022-02-28,9508451,
2022-03-01,9506778,
2022-03-02,9506778,
2022-03-03,9506778,
2022-03-04,9506778,
2022-03-05,9506778,
2022-03-06,9506778,
2022-03-07,9506778,
2022-03-08,9506778,
2022-03-09,9506778,
2022-03-10,9506778,
2022-03-11,9506778,
2022-03-12,9506778,
2022-03-13,9506778,
2022-03-14,9506778,
2022-03-15,9506778,
2022-03-16,9506778,
2022-03-17,9506778,
2022-03-18,9506778,
2022-03-19,9506778,
2022-03-20,9506778,
2022-03-21,9506778,
2022-03-22,9506778,
2022-03-23,9506778,
2022-03-24,9506778,
2022-03-25,9506778,
2022-03-26,9506778,
2022-03-27,9506778,
2022-03-28,9506778,
2022-03-29,9506778,
2022-03-30,9506778,
2022-03-31,9506778,
2022-04-01,9500480,
2022-04-02,9500480,
2022-04-03,9500480,
2022-04-04,9500480,
2022-04-05,9500480,
2022-04-06,9500480,
2022-04-07,9500480,
2022-04-08,9500480,
2022-04-09,9500480,
2022-04-10,9500480,
2022-04-11,9500480,
2022-04-12,9500480,
2022-04-13,9500480,
2022-04-14,9500480,
2022-04-15,9500480,
2022-04-16,9500480,
2022-04-17,9500480,
2022-04-18,9500480,
2022-04-19,9500480,
2022-04-20,9500480,
2022-04-21,9500480,
2022-04-22,9500480,
2022-04-23,9500480,
2022-04-24,9500480,
2022-04-25,9500480,
2022-04-26,9500480,
2022-04-27,9500480,
2022-04-28,9500480,
2022-04-29,9500480,
2022-04-30,9500480,
2022-05-01,9496887,
2022-05-02,9496887,
2022-05-03,9496887,
2022-05-04,9496887,
2022-05-05,9496887,
2022-05-06,9496887,
2022-05-07,9496887,
2022-05-08,9496887,
2022-05-09,9496887,
2022-05-10,9496887,
2022-05-11,9496887,
2022-05-12,9496887,
2022-05-13,9496887,
2022-05-14,9496887,
2022-05-15,9496887,
2022-05-16,9496887,
2022-05-17,9496887,
2022-05-18,9496887,
2022-05-19,9496887,
2022-05-20,9496887,
2022-05-21,9496887,
2022-05-22,9496887,
2022-05-23,9496887,
2022-05-24,9496887,
2022-05-25,9496887,
2022-05-26,9496887,
2022-05-27,9496887,
2022-05-28,9496887,
2022-05-29,9496887,
2022-05-30,9496887,
2022-05-31,9496887,
2022-06-01,9494807,
2022-06-02,9494807,
2022-06-03,9494807,
2022-06-04,9494807,
2022-06-05,9494807,
2022-06-06,9494807,
2022-06-07,9494807,
2022-06-08,9494807,
2022-06-09,9494807,
2022-06-10,9494807,
2022-06-11,9494807,
2022-06-12,9494807,
2022-06-13,9494807,
2022-06-14,9494807,
2022-06-15,9494807,
2022-06-16,9494807,
2022-06-17,9494807,
2022-06-18,9494807,
2022-06-19,9494807,
2022-06-20,9494807,
2022-06-21,9494807,
2022-06-22,9494807,
2022-06-23,9494807,
2022-06-24,9494807,
2022-06-25,9494807,
2022-06-26,9494807,
2022-06-27,9494807,
2022-06-28,9494807,
2022-06-29,9494807,
2022-06-30,9494807,
2022-07-01,9493211,
2022-07-02,9493211,
2022-07-03,9493211,
2022-07-04,9493211,
2022-07-05,9493211,
2022-07-06,9493211,
2022-07-07,9493211,
2022-07-08,9493211,
2022-07-09,9493211,
2022-07-10,9493211,
2022-07-11,9493211,
2022-07-12,9493211,
2022-07-13,9493211,
2022-07-14,9493211,
2022-07-15,9493211,
2022-07-16,9493211,
2022-07-17,9493211,
2022-07-18,9493211,
2022-07-19,9493211,
2022-07-20,9493211,
2022-07-21,9493211,
2022-07-22,9493211,
2022-07-23,9493211,
2022-07-24,9493211,
2022-07-25,9493211,
2022-07-26,9493211,
2022-07-27,9493211,
2022-07-28,9493211,
2022-07-29,9493211,
2022-07-30,9493211,
2022-07-31,9493211,
2022-08-01,9488454,
2022-08-02,9488454,
2022-08-03,9488454,
2022-08-04,9488454,
2022-08-05,9488454,
2022-08-06,9488454,
2022-08-07,9488454,
2022-08-08,9488454,
2022-08-09,9488454,
2022-08-10,9488454,
2022-08-11,9488454,
2022-08-12,9488454,
2022-08-13,9488454,
2022-08-14,9488454,
2022-08-15,9488454,
2022-08-16,9488454,
2022-08-17,9488454,
2022-08-18,9488454,
2022-08-19,9488454,
2022-08-20,9488454,
2022-08-21,9488454,
2022-08-22,9488454,
2022-08-23,9488454,
2022-08-24,9488454,
2022-08-25,9488454,
2022-08-26,9488454,
2022-08-27,9488454,
2022-08-28,9488454,
2022-08-29,9488454,
2022-08-30,9488454,
2022-08-31,9488454,
2022-09-01,9450768,
2022-09-02,9450768,
2022-09-03,9450768,
2022-09-04,9450768,
2022-09-05,9450768,
2022-09-06,9450768,
2022-09-07,9450768,
2022-09-08,9450768,
2022-09-09,9450768,
2022-09-10,9450768,
2022-09-11,9450768,
2022-09-12,9450768,
2022-09-13,9450768,
2022-09-14,9450768,
2022-09-15,9450768,
2022-09-16,9450768,
2022-09-17,9450768,
2022-09-18,9450768,
2022-09-19,9450768,
2022-09-20,9450768,
2022-09-21,9450768,
2022-09-22,9450768,
2022-09-23,9450768,
2022-09-24,9450768,
2022-09-25,9450768,
2022-09-26,9450768,
2022-09-27,9450768,
2022-09-28,9450768,
2022-09-29,9450768,
2022-09-30,9450768,
2022-10-01,9443722,
2022-10-02,9443722,
2022-10-03,9443722,
2022-10-04,9443722,
2022-10-05,9443722,
2022-10-06,9443722,
2022-10-07,9443722,
2022-10-08,9443722,
2022-10-09,9443722,
2022-10-10,9443722,
2022-10-11,9443722,
2022-10-12,9443722,
2022-10-13,9443722,
2022-10-14,9443722,
2022-10-15,9443722,
2022-10-16,9443722,
2022-10-17,9443722,
2022-10-18,9443722,
2022-10-19,9443722,
2022-10-20,9443722,
2022-10-21,9443722,
2022-10-22,9443722,
2022-10-23,9443722,
2022-10-24,9443722,
2022-10-25,9443722,
2022-10-26,9443722,
2022-10-27,9443722,
2022-10-28,9443722,
2022-10-29,9443722,
2022-10-30,9443722,
2022-10-31,9443722,
2022-11-01,9436836,
2022-11-02,9436836,
2022-11-03,9436836,
2022-11-04,9436836,
2022-11-05,9436836,
2022-11-06,9436836,
2022-11-07,9436836,
2022-11-08,9436836,
2022-11-09,9436836,
2022-11-10,9436836,
2022-11-11,9436836,
2022-11-12,9436836,
2022-11-13,9436836,
2022-11-14,9436836,
2022-11-15,9436836,
2022-11-16,9436836,
2022-11-17,9436836,
2022-11-18,9436836,
2022-11-19,9436836,
2022-11-20,9436836,
2022-11-21,9436836,
2022-11-22,9436836,
2022-11-23,9436836,
2022-11-24,9436836,
2022-11-25,9436836,
2022-11-26,9436836,
2022-11-27,9436836,
2022-11-28,9436836,
2022-11-29,9436836,
2022-11-30,9436836,
2022-12-01,9428372,
2022-12-02,9428372,
2022-12-03,9428372,
2022-12-04,9428372,
2022-12-05,9428372,
2022-12-06,9428372,
2022-12-07,9428372,
2022-12-08,9428372,
2022-12-09,9428372,
2022-12-10,9428372,
2022-12-11,9428372,
2022-12-12,9428372,
2022-12-13,9428372,
2022-12-14,9428372,
2022-12-15,9428372,
2022-12-16,9428372,
2022-12-17,9428372,
2022-12-18,9428372,
2022-12-19,9428372,
2022-12-20,9428372,
2022-12-21,9428372,
2022-12-22,9428372,
2022-12-23,9428372,
2022-12-24,9428372,
2022-12-25,9428372,
2022-12-26,9428372,
2022-12-27,9428372,
2022-12-28,9428372,
2022-12-29,9428372,
2022-12-30,9428372,
2022-12-31,9428372,
2023-01-01,9400249,
2023-01-02,9400249,
2023-01-03,9400249,
2023-01-04,9400249,
2023-01-05,9400249,
2023-01-06,9400249,
2023-01-07,9400249,
2023-01-08,9400249,
2023-01-09,9400249,
2023-01-10,9400249,
2023-01-11,9400249,
2023-01-12,9400249,
2023-01-13,9400249,
2023-01-14,9400249,
2023-01-15,9400249,
2023-01-16,9400249,
2023-01-17,9400249,
2023-01-18,9400249,
2023-01-19,9400249,
2023-01-20,9400249,
2023-01-21,9400249,
2023-01-22,9400249,
2023-01-23,9400249,
2023-01-24,9400249,
2023-01-25,9400249,
2023-01-26,9400249,
2023-01-27,9400249,
2023-01-28,9400249,
2023-01-29,9400249,
2023-01-30,9400249,
2023-01-31,9400249,
2023-02-01,9427583,
2023-02-02,9427583,
2023-02-03,9427583,
2023-02-04,9427583,
2023-02-05,9427583,
2023-02-06,9427583,
2023-02-07,9427583,
2023-02-08,9427583,
2023-02-09,9427583,
2023-02-10,9427583,
2023-02-11,9427583,
2023-02-12,9427583,
2023-02-13,9427583,
2023-02-14,9427583,
2023-02-15,9427583,
2023-02-16,9427583,
2023-02-17,9427583,
2023-02-18,9427583,
2023-02-19,9427583,
2023-02-20,9427583,
2023-02-21,9427583,
2023-02-22,9427583,
2023-02-23,9427583,
2023-02-24,9427583,
2023-02-25,9427583,
2023-02-26,9427583,
2023-02-27,9427583,
2023-02-28,9427583,
2023-03-01,9426404,
2023-03-02,9426404,
2023-03-03,9426404,
2023-03-04,9426404,
2023-03-05,9426404,
2023-03-06,9426404,
2023-03-07,9426404,
2023-03-08,9426404,
2023-03-09,9426404,
2023-03-10,9426404,
2023-03-11,9426404,
2023-03-12,9426404,
2023-03-13,9426404,
2023-03-14,9426404,
2023-03-15,9426404,
2023-03-16,9426404,
2023-03-17,9426404,
2023-03-18,9426404,
2023-03-19,9426404,
2023-03-20,9426404,
2023-03-21,9426404,
2023-03-22,9426404,
2023-03-23,9426404,
2023-03-24,9426404,
2023-03-25,9426404,
2023-03-26,9426404,
2023-03-27,9426404,
2023-03-28,9426404,
2023-03-29,9426404,
2023-03-30,9426404,
2023-03-31,9426404,
2023-04-01,9422710,
2023-04-02,9422710,
2023-04-03,9422710,
2023-04-04,9422710,
2023-04-05,9422710,
2023-04-06,9422710,
2023-04-07,9422710,
2023-04-08,9422710,
2023-04-09,9422710,
2023-04-10,9422710,
2023-04-11,9422710,
2023-04-12,9422710,
2023-04-13,9422710,
2023-04-14,9422710,
2023-04-15,9422710,
2023-04-16,9422710,
2023-04-17,9422710,
2023-04-18,9422710,
2023-04-19,9422710,
2023-04-20,9422710,
2023-04-21,9422710,
2023-04-22,9422710,
2023-04-23,9422710,
2023-04-24,9422710,
2023-04-25,9422710,
2023-04-26,9422710,
2023-04-27,9422710,
2023-04-28,9422710,
2023-04-29,9422710,
2023-04-30,9422710,
2023-05-01,9418885,
2023-05-02,9418885,
2023-05-03,9418885,
2023-05-04,9418885,
2023-05-05,9418885,
2023-05-06,9418885,
2023-05-07,9418885,
2023-05-08,9418885,
2023-05-09,9418885,
2023-05-10,9418885,
2023-05-11,9418885,
2023-05-12,9418885,
2023-05-13,9418885,
2023-05-14,9418885,
2023-05-15,9418885,
2023-05-16,9418885,
2023-05-17,9418885,
2023-05-18,9418885,
2023-05-19,9418885,
2023-05-20,9418885,
2023-05-21,9418885,
2023-05-22,9418885,
2023-05-23,9418885,
2023-05-24,9418885,
2023-05-25,9418885,
2023-05-26,9418885,
2023-05-27,9418885,
2023-05-28,9418885,
2023-05-29,9418885,
2023-05-30,9418885,
2023-05-31,9418885,
2023-06-01,9414093,
2023-06-02,9414093,
2023-06-03,9414093,
2023-06-04,9414093,
2023-06-05,9414093,
2023-06-06,9414093,
2023-06-07,9414093,
2023-06-08,9414093,
2023-06-09,9414093,
2023-06-10,9414093,
2023-06-11,9414093,
2023-06-12,9414093,
2023-06-13,9414093,
2023-06-14,9414093,
2023-06-15,9414093,
2023-06-16,9414093,
2023-06-17,9414093,
2023-06-18,9414093,
2023-06-19,9414093,
2023-06-20,9414093,
2023-06-21,9414093,
2023-06-22,9414093,
2023-06-23,9414093,
2023-06-24,9414093,
2023-06-25,9414093,
2023-06-26,9414093,
2023-06-27,9414093,
2023-06-28,9414093,
2023-06-29,9414093,
2023-06-30,9414093,
2023-07-01,9411260,
2023-07-02,9411260,
2023-07-03,9411260,
2023-07-04,9411260,
2023-07-05,9411260,
2023-07-06,9411260,
2023-07-07,9411260,
2023-07-08,9411260,
2023-07-09,9411260,
2023-07-10,9411260,
2023-07-11,9411260,
2023-07-12,9411260,
2023-07-13,9411260,
2023-07-14,9411260,
2023-07-15,9411260,
2023-07-16,9411260,
2023-07-17,9411260,
2023-07-18,9411260,
2023-07-19,9411260,
2023-07-20,9411260,
2023-07-21,9411260,
2023-07-22,9411260,
2023-07-23,9411260,
2023-07-24,9411260,
2023-07-25,9411260,
2023-07-26,9411260,
2023-07-27,9411260,
2023-07-28,9411260,
2023-07-29,9411260,
2023-07-30,9411260,
2023-07-31,9411260,
2023-08-01,9409466,
2023-08-02,9409466,
2023-08-03,9409466,
2023-08-04,9409466,
2023-08-05,9409466,
2023-08-06,9409466,
2023-08-07,9409466,
2023-08-08,9409466,
2023-08-09,9409466,
2023-08-10,9409466,
2023-08-11,9409466,
2023-08-12,9409466,
2023-08-13,9409466,
2023-08-14,9409466,
2023-08-15,9409466,
2023-08-16,9409466,
2023-08-17,9409466,
2023-08-18,9409466,
2023-08-19,9409466,
2023-08-20,9409466,
2023-08-21,9409466,
2023-08-22,9409466,
2023-08-23,9409466,
2023-08-24,9409466,
2023-08-25,9409466,
2023-08-26,9409466,
2023-08-27,9409466,
2023-08-28,9409466,
2023-08-29,9409466,
2023-08-30,9409466,
2023-08-31,9409466,
2023-09-01,9407540,
2023-09-02,9407540,
2023-09-03,9407540,
2023-09-04,9407540,
2023-09-05,9407540,
2023-09-06,9407540,
2023-09-07,9407540,
2023-09-08,9407540,
2023-09-09,9407540,
2023-09-10,9407540,
2023-09-11,9407540,
2023-09-12,9407540,
2023-09-13,9407540,
2023-09-14,9407540,
2023-09-15,9407540,
2023-09-16,9407540,
2023-09-17,9407540,
2023-09-18,9407540,
2023-09-19,9407540,
2023-09-20,9407540,
2023-09-21,9407540,
2023-09-22,9407540,
2023-09-23,9407540,
2023-09-24,9407540,
2023-09-25,9407540,
2023-09-26,9407540,
2023-09-27,9407540,
2023-09-28,9407540,
2023-09-29,9407540,
2023-09-30,9407540,
2023-10-01,9400249,
2023-10-02,9400249,
2023-10-03,9400249,
2023-10-04,9400249,
2023-10-05,9400249,
2023-10-06,9400249,
2023-10-07,9400249,
2023-10-08,9400249,
2023-10-09,9400249,
2023-10-10,9400249,
2023-10-11,9400249,
2023-10-12,9400249,
2023-10-13,9400249,
2023-10-14,9400249,
2023-10-15,9400249,
2023-10-16,9400249,
2023-10-17,9400249,
2023-10-18,9400249,
2023-10-19,9400249,
2023-10-20,9400249,
2023-10-21,9400249,
2023-10-22,9400249,
2023-10-23,9400249,
2023-10-24,9400249,
2023-10-25,9400249,
2023-10-26,9400249,
2023-10-27,9400249,
2023-10-28,9400249,
2023-10-29,9400249,
2023-10-30,9400249,
2023-10-31,9400249,
2023-11-01,9390925,
2023-11-02,9390925,
2023-11-03,9390925,
2023-11-04,9390925,
2023-11-05,9390925,
2023-11-06,9390925,
2023-11-07,9390925,
2023-11-08,9390925,
2023-11-09,9390925,
2023-11-10,9390925,
2023-11-11,9390925,
2023-11-12,9390925,
2023-11-13,9390925,
2023-11-14,9390925,
2023-11-15,9390925,
2023-11-16,9390925,
2023-11-17,9390925,
2023-11-18,9390925,
2023-11-19,9390925,
2023-11-20,9390925,
2023-11-21,9390925,
2023-11-22,9390925,
2023-11-23,9390925,
2023-11-24,9390925,
2023-11-25,9390925,
2023-11-26,9390925,
2023-11-27,9390925,
2023-11-28,9390925,
2023-11-29,9390925,
2023-11-30,9390925,
2023-12-01,9386034,
2023-12-02,9386034,
2023-12-03,9386034,
2023-12-04,9386034,
2023-12-05,9386034,
2023-12-06,9386034,
2023-12-07,9386034,
2023-12-08,9386034,
2023-12-09,9386034,
2023-12-10,9386034,
2023-12-11,9386034,
2023-12-12,9386034,
2023-12-13,9386034,
2023-12-14,9386034,
2023-12-15,9386034,
2023-12-16,9386034,
2023-12-17,9386034,
2023-12-18,9386034,
2023-12-19,9386034,
2023-12-20,9386034,
2023-12-21,9386034,
2023-12-22,9386034,
2023-12-23,9386034,
2023-12-24,9386034,
2023-12-25,9386034,
2023-12-26,9386034,
2023-12-27,9386034,
2023-12-28,9386034,
2023-12-29,9386034,
2023-12-30,9386034,
2023-12-31,9386034,
2024-01-01,"9,384,325",
2024-01-02,"9,384,325",
2024-01-03,"9,384,325",
2024-01-04,"9,384,325",
2024-01-05,"9,384,325",
2024-01-06,"9,384,325",
2024-01-07,"9,384,325",
2024-01-08,"9,384,325",
2024-01-09,"9,384,325",
2024-01-10,"9,384,325",
2024-01-11,"9,384,325",
2024-01-12,"9,384,325",
2024-01-13,"9,384,325",
2024-01-14,"9,384,325",
2024-01-15,"9,384,325",
2024-01-16,"9,384,325",
2024-01-17,"9,384,325",
2024-01-18,"9,384,325",
2024-01-19,"9,384,325",
2024-01-20,"9,384,325",
2024-01-21,"9,384,325",
2024-01-22,"9,384,325",
2024-01-23,"9,384,325",
2024-01-24,"9,384,325",
2024-01-25,"9,384,325",
2024-01-26,"9,384,325",
2024-01-27,"9,384,325",
2024-01-28,"9,384,325",
2024-01-29,"9,384,325",
2024-01-30,"9,384,325",
2024-01-31,"9,384,325",
2024-02-01,"9,386,705",
2024-02-02,"9,386,705",
2024-02-03,"9,386,705",
2024-02-04,"9,386,705",
2024-02-05,"9,386,705",
2024-02-06,"9,386,705",
2024-02-07,"9,386,705",
2024-02-08,"9,386,705",
2024-02-09,"9,386,705",
2024-02-10,"9,386,705",
2024-02-11,"9,386,705",
2024-02-12,"9,386,705",
2024-02-13,"9,386,705",
2024-02-14,"9,386,705",
2024-02-15,"9,386,705",
2024-02-16,"9,386,705",
2024-02-17,"9,386,705",
2024-02-18,"9,386,705",
2024-02-19,"9,386,705",
2024-02-20,"9,386,705",
2024-02-21,"9,386,705",
2024-02-22,"9,386,705",
2024-02-23,"9,386,705",
2024-02-24,"9,386,705",
2024-02-25,"9,386,705",
2024-02-26,"9,386,705",
2024-02-27,"9,386,705",
2024-02-28,"9,386,705",
2024-02-29,"9,386,705",
2024-03-01,"9,384,739",
2024-03-02,"9,384,739",
2024-03-03,"9,384,739",
2024-03-04,"9,384,739",
2024-03-05,"9,384,739",
2024-03-06,"9,384,739",
2024-03-07,"9,384,739",
2024-03-08,"9,384,739",
2024-03-09,"9,384,739",
2024-03-10,"9,384,739",
2024-03-11,"9,384,739",
2024-03-12,"9,384,739",
2024-03-13,"9,384,739",
2024-03-14,"9,384,739",
2024-03-15,"9,384,739",
2024-03-16,"9,384,739",
2024-03-17,"9,384,739",
2024-03-18,"9,384,739",
2024-03-19,"9,384,739",
2024-03-20,"9,384,739",
2024-03-21,"9,384,739",
2024-03-22,"9,384,739",
2024-03-23,"9,384,739",
2024-03-24,"9,384,739",
2024-03-25,"9,384,739",
2024-03-26,"9,384,739",
2024-03-27,"9,384,739",
2024-03-28,"9,384,739",
2024-03-29,"9,384,739",
2024-03-30,"9,384,739",
2024-03-31,"9,384,739",
2024-04-01,"9,378,269",
2024-04-02,"9,378,269",
2024-04-03,"9,378,269",
2024-04-04,"9,378,269",
2024-04-05,"9,378,269",
2024-04-06,"9,378,269",
2024-04-07,"9,378,269",
2024-04-08,"9,378,269",
2024-04-09,"9,378,269",
2024-04-10,"9,378,269",
2024-04-11,"9,378,269",
2024-04-12,"9,378,269",
2024-04-13,"9,378,269",
2024-04-14,"9,378,269",
2024-04-15,"9,378,269",
2024-04-16,"9,378,269",
2024-04-17,"9,378,269",
2024-04-18,"9,378,269",
2024-04-19,"9,378,269",
2024-04-20,"9,378,269",
2024-04-21,"9,378,269",
2024-04-22,"9,378,269",
2024-04-23,"9,378,269",
2024-04-24,"9,378,269",
2024-04-25,"9,378,269",
2024-04-26,"9,378,269",
2024-04-27,"9,378,269",
2024-04-28,"9,378,269",
2024-04-29,"9,378,269",
2024-04-30,"9,378,269",
,,
,,
