Date,Traffic rate
20150102,5400081.5
20150103,5220255.0
20150104,4480084.5
20150105,5486275.0
20150106,5831397.0
20150107,5727856.0
20150108,5792134.5
20150109,6074171.5
20150110,5734438.0
20150111,4715174.0
20150112,5611415.0
20150113,5843958.0
20150114,5482524.5
20150115,5472468.5
20150116,5695064.0
20150117,5139141.0
20150118,4422597.0
20150124,5492798.0
20150127,5209700.0
20150128,5228959.5
20150129,5273341.5
20150130,5410624.0
20150131,4938990.0
20150201,4103190.5
20150202,4785486.5
20150203,5024498.0
20150204,5032974.0
20150205,5050487.5
20150206,5190050.0
20150207,5093090.5
20150208,4107842.5
20150209,4648726.0
20150210,4833086.0
20150211,4982601.0
20150212,5115187.0
20150213,5170753.0
20150214,4988464.0
20150215,4151673.0
20150216,4814250.5
20150217,4885896.5
20150221,3688696.0
20150222,3596619.0
20150223,4773732.5
20150224,5125940.0
20150225,5171485.5
20150226,5210676.0
20150227,5350747.0
20150228,5204193.0
20150301,3926548.0
20150302,5006227.0
20150303,5044339.5
20150304,5158059.0
20150305,5076186.0
20150306,5215284.0
20150307,4823026.5
20150308,4375399.0
20150309,5091582.0
20150310,5052918.0
20150311,4296328.5
20150312,5425467.0
20150313,2058673.0
20150314,28201.0
20150315,84603.0
20150316,4862502.0
20150317,5061137.0
20150318,5058581.0
20150319,5103969.0
20150320,5178524.0
20150321,5232081.0
20150322,4405864.5
20150323,4946020.5
20150324,5133836.0
20150325,5164635.0
20150326,5222772.5
20150327,5294810.0
20150328,5274743.5
20150329,4396588.0
20150330,4964734.5
20150331,4816472.5
20150401,5122192.0
20150402,5152063.0
20150403,5132527.0
20150404,5056831.0
20150405,4162375.5
20150406,5017701.0
20150407,5091308.0
20150408,5136909.5
20150409,5206650.0
20150410,5366866.5
20150411,5288645.0
20150412,4514618.5
20150413,4899079.0
20150414,5051794.5
20150415,5317094.0
20150416,5778218.5
20150417,5835369.5
20150418,5736011.5
20150419,4568436.0
20150420,5421536.0
20150421,5756720.5
20150422,5880283.5
20150423,5843369.0
20150424,5815248.0
20150425,5662629.0
20150426,4729664.5
20150427,5465083.5
20150428,5781777.0
20150429,5585896.0
20150430,6037454.5
20150501,5613937.0
20150502,5341561.0
20150503,4465169.5
20150504,5681348.5
20150506,5719921.5
20150507,6241847.0
20150508,5418746.0
20150509,4955523.0
20150510,4356656.0
20150511,5309301.0
20150512,5918362.5
20150513,5944673.0
20150514,6102721.0
20150515,6041230.5
20150516,5902899.5
20150517,5103442.0
20150518,5955499.0
20150519,5934137.0
20150520,5805584.5
20150521,5966317.0
20150522,5991687.0
20150523,6060337.0
20150524,5232721.5
20150526,5937353.0
20150527,5956818.0
20150528,5944364.5
20150529,6202252.0
20150530,5976571.5
20150531,5302310.5
20150601,5935675.0
20150602,6071002.0
20150603,6086601.5
20150604,6031255.5
20150605,6198615.0
20150607,5025556.0
20150608,5715292.0
20150609,5776889.0
20150610,5819973.0
20150611,5922982.0
20150612,5983461.0
20150613,5562019.0
20150614,4915209.0
20150615,5773832.0
20150616,5835312.0
20150617,5822703.5
20150618,5983865.0
20150619,6096301.0
20150620,5590989.5
20150621,4799062.5
20150622,5861902.5
20150623,5953439.0
20150624,6127635.5
20150625,5900260.5
20150626,5803340.5
20150627,5627529.5
20150628,4951988.0
20150629,5552165.0
20150630,5646973.5
20150701,5588232.0
20150702,5692483.0
20150703,5756318.5
20150704,5862725.5
20150705,4889996.0
20150706,5589886.5
20150707,5864129.5
20150708,5757722.0
20150709,5821984.0
20150710,5872713.5
20150711,5639367.5
20150712,4426255.5
20150713,5432049.0
20150714,5844538.5
20150715,5785915.5
20150716,5761443.5
20150717,6113547.0
20150718,5588261.5
20150719,4757850.5
20150720,5525159.0
20150721,5711172.5
20150722,5791722.0
20150723,5712179.0
20150724,5522217.5
20150725,2042550.0
20150727,5483127.0
20150728,5648189.5
20150729,5685118.5
20150730,5574063.5
20150731,5695344.0
20150801,5219542.5
20150802,4427898.5
20150803,5329134.5
20150804,5584480.0
20150805,5380109.0
20150806,5545504.0
20150807,5628503.5
20150808,5256677.5
20150809,4478593.0
20150810,5438676.5
20150811,5640775.5
20150812,5712713.0
20150813,5654877.5
20150814,5647683.5
20150816,4581118.5
20150817,5465519.5
20150818,5736092.0
20150819,5720530.0
20150820,5673140.5
20150821,5774228.5
20150822,5481071.5
20150823,4647103.5
20150824,5669615.5
20150825,5504202.0
20150826,5660269.5
20150827,5623032.0
20150828,5987935.0
20150829,5584241.5
20150830,4814427.0
20150831,5546294.0
20150901,5595279.0
20150902,5655583.5
20150903,5751040.0
20150904,5978746.5
20150905,5616205.5
20150906,5009487.5
20150907,5301538.5
20150908,5659826.0
20150909,5732356.5
20150910,5798371.0
20150911,5831018.0
20150912,5707911.0
20150913,4828716.5
20150914,5479111.5
20150915,5713460.5
20150916,5686328.5
20150917,5727960.5
20150918,5982681.0
20150919,5897044.5
20150920,5025503.0
20150921,5618292.5
20150922,5687273.0
20150923,5641229.5
20150924,5664585.0
20150925,5577939.0
20150930,5243631.0
20151001,5202915.5
20151002,5460155.5
20151004,4543542.0
20151005,5300923.5
20151006,5372392.5
20151007,5508860.5
20151008,5658174.5
20151010,5073293.0
20151011,4523969.5
20151012,5241722.0
20151013,5290387.5
20151014,5336907.5
20151015,5339970.0
20151016,5551763.5
20151017,5616327.0
20151018,4507183.5
20151019,5104188.5
20151020,5365435.0
20151021,5345569.5
20151022,5133988.5
20151023,5242656.5
20151024,5172474.0
20151025,4463213.5
20151026,4937177.0
20151027,5104738.0
20151028,5702996.5
20151029,5611131.0
20151030,5496655.0
20151031,5393767.5
20151101,4645950.5
20151102,5386714.5
20151103,5366133.5
20151104,5370252.5
20151105,5701676.0
20151106,5599977.0
20151107,5059666.0
20151108,4490086.0
20151109,5276812.5
20151110,5415677.5
20151111,5575177.5
20151112,5511491.0
20151113,5657979.5
20151114,5365341.0
20151115,4890144.0
20151116,5609988.5
20151117,5759629.5
20151118,5447746.5
20151119,5752335.5
20151120,6011792.5
20151121,6007423.0
20151122,5136623.5
20151123,5837997.0
20151124,6040010.0
20151125,5799646.5
20151126,5961125.5
20151127,6196818.0
20151128,5822782.5
20151129,4995302.0
20151130,5842248.5
20151201,6003257.5
20151202,5643401.0
20151203,5523749.5
20151204,5870928.5
20151205,5789500.5
20151206,4978560.0
20151207,5817965.5
20151208,6102963.5
20151209,6137607.0
20151210,6170405.0
20151211,6519323.0
20151212,5768590.5
20151213,4863603.0
20151214,5791562.5
20151215,5974567.5
20151216,5868281.5
20151217,5974176.5
20151218,5928136.0
20151219,5562494.5
20151220,4778535.0
20151221,5679797.0
20151222,6112289.0
20151223,5994118.0
20151224,6143524.0
20151226,5049533.0
20151227,4761310.5
20151228,5549883.5
20151229,5753476.0
20151230,5917118.0
20151231,5825366.5
20160101,10663083.5
20160102,10006196.5
20160103,9699322.5
20160104,12246732.5
20160105,12602668.0
20160106,13511151.5
20160107,13715479.5
20160108,12177803.5
20160109,11442918.5
20160110,9861078.0
20160111,11992563.0
20160112,12451581.0
20160113,11855444.0
20160114,11772934.0
20160115,12270499.5
20160116,11513936.0
20160117,9815322.0
20160118,11673064.0
20160119,11773488.0
20160120,11844296.0
20160121,11879413.5
20160122,12143185.5
20160123,11242650.0
20160124,8908792.0
20160125,11517041.0
20160126,11434232.5
20160127,11985406.0
20160128,11826799.5
20160129,12085869.0
20160130,11431569.0
20160131,15162545.0
20160201,11786544.5
20160202,11862192.5
20160203,11925167.0
20160204,12762295.0
20160205,11900037.5
20160206,10114793.0
20160207,8930157.0
20160208,13758696.5
20160209,11346225.5
20160210,11467067.5
20160211,10981745.5
20160212,11294454.5
20160213,10638103.5
20160214,9342792.5
20160215,11493849.5
20160216,11427266.0
20160217,11942397.5
20160218,11972913.0
20160219,12180567.5
20160220,11752607.0
20160221,10021280.0
20160222,11661984.0
20160223,11868895.0
20160224,12012181.5
20160225,11986713.0
20160226,12347235.0
20160227,11673008.5
20160228,9597446.0
20160229,17000130.0
20160301,11647440.0
20160302,11694437.0
20160303,11843054.0
20160304,12297097.0
20160305,10917647.5
20160306,9901981.0
20160307,11711222.0
20160308,12271867.0
20160309,12204084.0
20160310,12396253.0
20160311,13133365.0
20160312,12460523.5
20160313,10624432.0
20160314,12721280.0
20160315,12975325.0
20160316,13106420.5
20160317,13847091.0
20160318,13212122.0
20160319,12696637.5
20160320,7187134.0
20160321,12409596.0
20160322,12917676.0
20160323,12708274.0
20160324,12802615.5
20160325,8960659.5
20160326,11733012.5
20160327,10439835.0
20160328,11984077.0
20160329,12153198.0
20160330,12360284.5
20160331,18038197.0
20160401,12508864.0
20160402,11934790.5
20160403,10036894.0
20160404,11907157.5
20160405,12328263.0
20160406,12095756.5
20160407,12214147.5
20160408,12485448.5
20160409,11721097.5
20160410,10219991.0
20160411,12019110.0
20160412,12372659.0
20160413,13444705.0
20160414,12077982.0
20160415,12448798.0
20160416,11723722.0
20160417,10171718.5
20160418,11896442.5
20160419,12249716.0
20160420,12142735.5
20160421,11771093.5
20160422,13145415.0
20160423,12528773.5
20160424,11031312.0
20160425,12920204.0
20160426,12249835.5
20160427,12359044.0
20160428,12437489.0
20160429,12602318.5
20160430,17722309.5
20160501,10574180.5
20160502,11988844.5
20160503,11673250.0
20160504,12652533.5
20160505,11890042.0
20160506,11726675.0
20160507,11826843.5
20160508,10479344.0
20160509,12143694.0
20160510,12109740.0
20160511,15180837.0
20160512,15345610.5
20160513,12574341.0
20160514,11851713.0
20160515,9951269.5
20160516,12166000.5
20160517,12203538.5
20160518,12247075.5
20160519,12270086.0
20160520,13120594.5
20160521,12879709.0
20160522,11050181.5
20160523,12493485.5
20160524,12283710.0
20160525,12757846.5
20160526,12838207.0
20160527,12538990.5
20160528,12199060.0
20160529,10412935.5
20160530,10274784.0
20160531,18411240.5
20160601,12363350.0
20160602,12339451.5
20160603,12434920.5
20160604,11819352.5
20160605,10259511.0
20160606,12971270.0
20160607,11885117.5
20160608,12118948.0
20160609,12271903.0
20160610,12565079.0
20160611,11971173.0
20160612,10334238.5
20160613,11978871.0
20160614,12239045.0
20160615,11913521.5
20160616,12383927.5
20160617,8698316.0
20160618,11790739.5
20160619,10163820.0
20160620,12126990.0
20160621,12209954.5
20160622,14508517.5
20160623,12332896.0
20160624,12431145.0
20160625,12006535.5
20160626,10618847.5
20160627,12539378.0
20160628,12328407.0
20160629,12378160.5
20160630,18439759.5
20160701,12022666.0
20160702,11668375.0
20160703,10421045.5
20160704,11415251.0
20160705,10836660.0
20160706,12082301.0
20160707,12477892.5
20160708,12536225.5
20160709,11860043.5
20160710,10389587.5
20160711,11980779.5
20160712,11896649.0
20160713,12068984.5
20160714,12129176.5
20160715,12262752.5
20160716,10823802.0
20160717,10076357.0
20160718,11587990.5
20160719,11882518.0
20160720,12000358.0
20160721,12066049.0
20160722,12260164.0
20160723,11341850.5
20160724,9851731.5
20160725,11620296.5
20160726,11897461.0
20160727,12203346.0
20160728,12057797.0
20160729,16004192.5
20160730,11620127.0
20160731,15298816.5
20160801,11229828.5
20160802,11477690.5
20160803,11869149.5
20160804,11842785.5
20160805,12090922.5
20160806,11014236.5
20160807,9905299.0
20160808,11489976.0
20160809,11781209.0
20160810,11680391.0
20160811,11811873.0
20160812,11935331.0
20160813,11103488.5
20160814,9745727.5
20160815,12982274.0
20160816,11550379.0
20160817,11940339.5
20160818,11827316.0
20160819,12103781.0
20160820,11648004.0
20160821,10100111.0
20160822,11802589.0
20160823,11690249.0
20160824,11702493.5
20160825,11901957.0
20160826,12345972.5
20160827,12005981.5
20160828,10884407.5
20160829,12564710.5
20160830,17080583.0
20160831,17357795.5
20160901,12936051.0
20160902,12877240.0
20160903,12440457.5
20160904,10842332.0
20160905,12366895.5
20160906,11857291.0
20160907,11997778.0
20160908,12373098.0
20160909,12410706.0
20160910,11800801.0
20160911,10323307.0
20160912,11821436.5
20160913,12030809.0
20160914,12276189.0
20160915,11101812.0
20160916,12680101.5
20160917,9330274.0
20160918,9186104.5
20160919,11295728.0
20160920,12034833.0
20160921,12103021.0
20160922,12195974.5
20160923,12347319.0
20160924,11883559.0
20160925,10306793.0
20160926,11736945.0
20160927,11652449.5
20160928,12065730.5
20160929,12174691.5
20160930,18766186.0
20161001,12451326.5
20161002,10177199.5
20161003,13020720.5
20161004,12573565.0
20161005,11928932.5
20161006,12222352.5
20161007,12263787.5
20161008,11721331.0
20161009,10952440.5
20161010,11827550.0
20161011,14268773.5
20161012,12348742.5
20161013,12434848.5
20161014,12312900.0
20161015,11973279.5
20161016,10230070.0
20161017,12152820.5
20161018,12297955.5
20161019,12366606.5
20161020,12361426.5
20161021,12396734.0
20161022,11862967.0
20161023,10233472.0
20161024,11971591.0
20161025,11810816.0
20161026,12232569.0
20161027,12342314.0
20161028,12492488.0
20161029,12037469.5
20161030,10670617.5
20161031,17367152.0
20161101,12137166.0
20161102,12813105.0
20161103,12097684.0
20161104,11943485.5
20161105,11472868.5
20161106,10457405.0
20161107,11673132.0
20161108,12071118.5
20161109,11827002.0
20161110,14044980.0
20161111,12055636.5
20161112,11514652.0
20161113,10248956.0
20161114,11582546.5
20161115,12146502.5
20161116,11980632.5
20161117,11830077.0
20161118,12104970.5
20161119,11593644.5
20161120,10374417.5
20161121,11542946.0
20161122,11734904.5
20161123,11663617.0
20161124,12754371.0
20161125,12276304.0
20161126,11393425.5
20161127,10209246.0
20161128,15235525.0
20161129,12096914.5
20161130,17749048.0
20161201,12029074.5
20161202,12423257.0
20161203,12002401.0
20161204,10196278.0
20161205,11838842.5
20161206,12140804.0
20161207,12062013.5
20161208,12100505.5
20161209,12001310.0
20161210,11768264.0
20161211,10409180.0
20161212,11756971.5
20161213,12198871.5
20161214,11906848.5
20161215,12189324.0
20161216,13909670.5
20161217,11971176.0
20161218,10136257.5
20161219,11626046.0
20161220,12032992.0
20161221,11820545.5
20161222,11281460.5
20161223,12080199.0
20161224,11102973.0
20161225,9743046.5
20161226,11472572.5
20161227,12121943.5
20161228,12055608.5
20161229,12010678.5
20161230,13967144.5
20161231,16114998.5
20170101,9018582.5
20170102,10677601.5
20170103,11330101.5
20170104,11537948.0
20170105,11655078.5
20170106,11758483.0
20170107,10887349.5
20170108,9458866.5
20170109,11274013.0
20170110,11680591.5
20170111,11688529.0
20170112,11297454.5
20170113,11841444.0
20170114,10989957.5
20170115,9350989.5
20170116,11526263.0
20170117,11700766.0
20170118,11351139.5
20170119,11421108.5
20170120,10239916.0
20170121,9830580.5
20170122,8310501.0
20170123,11064452.5
20170124,11445998.0
20170125,11615607.0
20170126,11305524.5
20170127,8704203.0
20170128,9776004.5
20170129,7749301.0
20170130,7994694.5
20170131,14616123.5
20170201,11163915.5
20170202,11287978.0
20170203,11327339.0
20170204,10468765.0
20170205,8426570.0
20170206,11030620.0
20170207,11401255.5
20170208,11279770.5
20170209,11543342.5
20170210,11840840.5
20170211,10792280.5
20170212,9382429.0
20170213,11061377.5
20170214,11426175.0
20170215,11397870.5
20170216,11320593.0
20170217,11735863.0
20170218,10968017.0
20170219,9367159.0
20170220,10884048.0
20170221,11223639.0
20170222,10622818.0
20170223,11203893.0
20170224,11453649.5
20170225,11023366.5
20170226,9598380.5
20170227,11146888.0
20170228,16231075.0
20170301,9473793.5
20170302,10891815.5
20170303,11434447.0
20170304,10381972.0
20170305,8987722.5
20170306,10865420.5
20170307,11157086.5
20170308,11524335.0
20170309,11304683.5
20170310,11792200.0
20170311,10665312.5
20170312,9192377.5
20170313,11114832.5
20170314,11409436.0
20170315,11324504.5
20170316,12268571.0
20170317,11721694.0
20170318,10924443.5
20170319,9407060.5
20170320,11015668.0
20170321,8542997.0
20170322,8392874.5
20170323,8270804.0
20170324,8343026.5
20170325,7548106.5
20170326,6876869.0
20170327,7833249.0
20170328,8409271.5
20170329,8152629.5
20170330,8224274.0
20170331,11373424.0
20170401,11351906.5
20170402,10019860.0
20170403,11590460.5
20170404,11660521.5
20170405,11350114.0
20170406,11710053.5
20170407,11968170.0
20170408,11394358.0
20170409,10128912.0
20170410,11700639.5
20170411,11689483.0
20170412,6493842.5
20170413,11881558.0
20170414,6376869.5
20170415,5852868.0
20170416,5072035.0
20170417,11296502.5
20170418,11387541.5
20170419,11920156.0
20170420,11880684.5
20170421,11860500.5
20170422,10937530.0
20170423,9539080.0
20170424,11250067.5
20170425,11616624.0
20170426,11515731.5
20170427,11320025.0
20170428,11355576.0
20170429,5684598.0
20170430,5788772.0
20170501,9480836.5
20170502,10854539.5
20170503,9985524.5
20170504,11235856.0
20170505,9877666.0
20170506,10125774.0
20170507,6583243.5
20170508,8101943.0
20170509,9902891.0
20170510,11405446.5
20170511,11627465.5
20170512,11905248.0
20170513,11002540.5
20170514,9903471.5
20170515,12053948.0
20170516,10038561.5
20170517,10557880.5
20170518,11665144.0
20170519,11850523.5
20170520,7737910.5
20170521,7035813.0
20170522,11384914.0
20170523,11479500.5
20170524,11468177.5
20170525,11593901.5
20170526,11836009.0
20170527,11294938.5
20170528,9711147.5
20170529,11263590.5
20170530,11436082.0
20170531,11632040.0
20170601,11846267.0
20170602,12266065.5
20170603,10939322.0
20170604,9413117.5
20170605,10978804.0
20170606,9702575.5
20170607,11068966.0
20170608,11458861.0
20170609,11586526.5
20170610,11118605.0
20170611,9640824.5
20170612,11299680.5
20170613,11578572.5
20170614,11571006.5
20170615,11581284.0
20170616,12101626.0
20170617,10999710.5
20170618,9701461.5
20170619,11045887.0
20170620,11313735.5
20170621,11182452.0
20170622,11471471.5
20170623,11580239.0
20170624,11117103.5
20170625,9485379.5
20170626,10759254.0
20170627,11575636.0
20170628,11496058.0
20170629,11433206.5
20170630,11606136.5
20170701,10952817.0
20170702,8833488.0
20170703,10691542.0
20170704,11057830.5
20170705,11411598.5
20170706,11396136.0
20170707,11342604.5
20170708,10403138.5
20170709,9130702.5
20170710,10137240.0
20170711,11439938.5
20170712,11753628.5
20170713,11641491.0
20170714,11385971.5
20170715,10371294.0
20170716,9694361.0
20170717,10904042.5
20170718,11127816.0
20170719,11258991.0
20170720,11292167.0
20170721,11505625.5
20170722,10822301.0
20170723,8894704.5
20170724,10928177.0
20170725,11131184.0
20170726,11296947.0
20170727,11536288.5
20170728,11314429.5
20170729,10700498.5
20170730,9325364.0
20170731,10709185.0
20170801,11173700.5
20170802,11254172.5
20170803,11308296.0
20170804,11325974.0
20170805,10660063.5
20170806,9253932.0
20170807,10946703.5
20170808,11224161.0
20170809,11296181.0
20170810,11262668.5
20170811,11616204.0
20170812,11023082.5
20170813,9466780.5
20170814,11025528.0
20170815,9022778.5
20170816,11911820.5
20170817,11580818.5
20170818,11744329.0
20170819,11020853.5
20170820,9195682.0
20170821,11147570.0
20170822,11508751.5
20170823,11337191.0
20170824,11479513.0
20170825,11879957.0
20170826,11493769.5
20170827,9947931.5
20170828,11234419.0
20170829,11542689.0
20170830,11634918.0
20170831,11668591.5
20170901,11900859.0
20170902,11505319.5
20170903,10058813.0
20170904,11505300.5
20170905,11559029.0
20170906,11245956.5
20170907,11694866.0
20170908,11749214.5
20170909,11424412.5
20170910,10005870.5
20170911,11070449.0
20170912,11482968.5
20170913,11651971.0
20170914,11816607.0
20170915,12081849.0
20170916,12289380.0
20170917,10092903.5
20170918,11530756.0
20170919,11633075.0
20170920,11726753.0
20170921,11926824.0
20170922,8589195.5
20170923,7826248.5
20170924,10098050.0
20170925,11601139.0
20170926,11729174.5
20170927,11785894.0
20170928,12034418.0
20170929,11849654.5
20170930,11094729.0
20171001,9345321.0
20171002,10102436.5
20171003,8694754.0
20171004,9690251.0
20171005,8519262.0
20171006,8905139.0
20171007,9559098.5
20171008,9229195.5
20171009,9419890.0
20171010,10960499.5
20171011,11299715.5
20171012,11764851.5
20171013,12041291.5
20171014,11614192.5
20171015,10020854.0
20171016,11891803.5
20171017,11828123.5
20171018,11867474.5
20171019,11945130.0
20171020,12029326.5
20171021,11640005.5
20171022,10209759.0
20171023,11647804.0
20171024,11875055.0
20171025,11893429.0
20171026,11873161.0
20171027,12096567.5
20171028,11571469.5
20171029,10341399.5
20171030,11537043.5
20171031,11659419.0
20171101,11533224.5
20171102,11547974.0
20171103,11493696.0
20171104,11379088.0
20171105,10101474.5
20171106,11360433.5
20171107,11372038.5
20171108,11508015.5
20171109,11675007.5
20171110,11661353.0
20171111,11554785.0
20171112,10273231.0
20171113,11658566.5
20171114,12109528.0
20171115,12085121.0
20171116,12921294.5
20171117,8804078.0
20171118,8581228.5
20171119,10654375.5
20171120,12190074.5
20171121,12549636.0
20171122,12489742.0
20171123,12462133.5
20171124,12326647.5
20171125,11821710.5
20171126,10670460.5
20171127,12340206.5
20171128,12343631.0
20171129,12508982.5
20171130,12539254.5
20171201,12616201.5
20171202,11994249.5
20171203,10175608.5
20171204,11828658.5
20171205,12282859.5
20171206,11805663.5
20171207,11928335.5
20171208,12456639.0
20171209,11895584.0
20171210,9416061.0
20171211,11533857.0
20171212,11422217.0
20171213,11124423.0
20171214,11262800.0
20171215,4858879.5
20171216,5755834.0
20171217,9610125.5
20171218,9012030.0
20171219,11001126.5
20171220,10588094.0
20171221,10867984.5
20171222,11522747.5
20171223,10752168.5
20171224,8838068.0
20171225,9142801.5
20171226,11020011.5
20171227,11193678.0
20171228,11248843.0
20171229,11429380.5
20171230,10210544.0
20171231,9008403.5
20180101,7817034.0
20180102,9789445.5
20180103,10038633.5
20180104,10246396.0
20180105,10517372.0
20180106,9645831.0
20180107,8053960.5
20180108,9632754.0
20180109,9986610.0
20180110,10101189.5
20180111,10216547.5
20180112,11382732.0
20180113,9571562.5
20180114,8423190.5
20180115,10267455.5
20180116,10652157.5
20180117,10237215.5
20180118,10364802.0
20180119,10492290.0
20180120,9798106.5
20180121,8359574.0
20180122,9723768.5
20180123,10026765.0
20180124,9977364.0
20180125,10133391.5
20180126,10397851.5
20180127,9576667.5
20180128,8289016.0
20180129,9972989.5
20180130,9571779.0
20180131,9525665.5
20180201,10366774.5
20180202,10538301.0
20180203,9851140.5
20180204,8286191.5
20180205,10136749.5
20180206,10268597.5
20180207,10306955.0
20180208,10390640.5
20180209,10601899.0
20180210,9841198.5
20180211,5675544.5
20180212,10251576.5
20180213,10559043.0
20180214,10368395.5
20180215,7929197.5
20180216,8610394.0
20180217,7482635.5
20180218,7491985.0
20180219,9682825.0
20180220,10223514.0
20180221,10226110.5
20180222,10549421.5
20180223,10599233.5
20180224,10026330.5
20180225,8636995.5
20180226,10407196.0
20180227,10595673.5
20180228,10955468.5
20180301,8981244.0
20180302,10313239.5
20180303,9815668.5
20180304,7934791.5
20180305,10062968.5
20180306,10448429.5
20180307,10388104.5
20180308,10289966.5
20180309,10660624.0
20180310,9953510.5
20180311,8494008.5
20180312,9985782.5
20180313,10389261.0
20180314,10570719.5
20180315,10107217.5
20180316,7554197.0
20180317,7438694.5
20180318,8670732.0
20180319,10164004.0
20180320,10541611.0
20180321,10243503.5
20180322,10584461.5
20180323,10936713.0
20180324,10326125.0
20180325,8797938.5
20180326,10558861.5
20180327,10514558.0
20180328,10660550.5
20180329,10691218.0
20180330,10893901.5
20180331,10262225.5
20180401,8816833.0
20180402,10255609.5
20180403,10515976.0
20180404,10661750.0
20180405,10383547.5
20180406,11023904.5
20180407,10440528.5
20180408,8856364.5
20180409,10605607.0
20180410,10767609.5
20180411,11093091.0
20180412,11115701.5
20180413,11133400.0
20180414,10054701.5
20180415,9159713.0
20180416,10673440.5
20180417,11318802.5
20180418,10861835.0
20180419,10861402.5
20180420,10980155.5
20180421,10541664.5
20180422,8660066.0
20180423,9709645.5
20180424,11166715.0
20180425,11188686.5
20180426,11109975.0
20180427,11155976.0
20180428,11893819.5
20180429,9307266.0
20180430,10858219.0
20180501,9735113.5
20180502,10024428.5
20180503,10404218.0
20180504,11045340.0
20180505,10230989.0
20180506,8795032.5
20180507,9632650.0
20180508,10723465.0
20180509,10703077.5
20180510,10945527.0
20180511,10921693.5
20180512,9633883.0
20180513,8929535.0
20180514,10510596.0
20180515,10732186.5
20180516,10216332.0
20180517,10052108.5
20180518,10757033.5
20180519,10347144.5
20180520,9148037.0
20180521,10555338.0
20180522,9070025.0
20180523,10600012.5
20180524,10828264.5
20180525,11051697.0
20180526,10464886.5
20180527,9062241.0
20180528,10583179.0
20180529,10766577.0
20180530,10779222.5
20180531,10908772.0
20180601,11300803.5
20180602,10724667.5
20180603,7357489.0
20180604,10625577.5
20180605,11237126.0
20180606,9581060.0
20180607,10926491.0
20180608,11181932.0
20180609,10477759.5
20180610,8854253.0
20180611,10538072.5
20180612,10933682.0
20180613,9560032.5
20180614,10708387.5
20180615,11134208.5
20180616,10630415.5
20180617,8991418.0
20180618,10389462.0
20180619,10724097.5
20180620,10891201.5
20180621,10872993.0
20180622,7643065.5
20180623,10540845.5
20180624,8882136.0
20180625,10669707.5
20180626,10320891.0
20180627,10799279.0
20180628,10878807.5
20180629,7551069.5
20180630,6735123.0
20180701,8100264.5
20180702,9875578.5
20180703,10712022.0
20180704,10773270.0
20180705,10616128.0
20180706,11041482.0
20180707,10676473.5
20180708,9246261.5
20180709,10318608.0
20180710,10603378.0
20180711,10794589.0
20180712,10920375.0
20180713,11171820.5
20180714,10471160.5
20180715,9158676.0
20180716,10588084.0
20180717,10781242.5
20180718,10949640.5
20180719,11000255.0
20180720,11030080.5
20180721,10537084.0
20180722,8956297.0
20180723,10491068.0
20180724,10731264.0
20180725,10934141.0
20180726,12151539.0
20180727,11028959.0
20180728,10285382.0
20180729,8966275.0
20180730,10501478.0
20180731,10751070.0
20180801,10737400.0
20180802,10663327.0
20180803,10697181.5
20180804,11461025.5
20180805,8822601.5
20180806,10328692.5
20180807,10052506.5
20180808,7991002.0
20180809,10612746.5
20180810,10819111.0
20180811,10292750.5
20180812,8987036.5
20180813,10307013.5
20180814,10858300.0
20180815,9243009.0
20180816,11007185.0
20180817,11072442.0
20180818,10521691.5
20180819,9068095.0
20180820,10696199.5
20180821,10805674.0
20180822,10672791.0
20180823,10626599.0
20180824,10088865.0
20180825,10968252.0
20180826,9348061.0
20180827,10159946.5
20180828,10230216.0
20180829,10508125.0
20180830,10590039.0
20180831,11129170.0
20180901,10566714.0
20180902,9390022.0
20180903,10432833.0
20180904,10552589.0
20180905,11079006.0
20180906,11312242.0
20180907,11561747.5
20180908,11384097.5
20180909,9530947.5
20180910,10688337.5
20180911,11041146.5
20180912,11069067.5
20180913,11454162.0
20180914,7767627.5
20180915,7106753.0
20180916,9373107.0
20180917,10888143.5
20180918,10946998.5
20180919,11276476.5
20180920,11327164.5
20180921,11121353.0
20180922,10228204.0
20180923,8633419.0
20180924,9519996.5
20180925,8331841.0
20180926,8406209.5
20180927,10380064.5
20180928,13568239.0
20180929,10703685.5
20180930,9358189.5
20181001,11082398.0
20181002,11401491.5
20181003,9761046.5
20181004,11177604.0
20181005,10723080.5
20181006,9850308.5
20181007,9281625.5
20181008,10689933.0
20181009,9678211.0
20181010,10860631.5
20181011,11115378.0
20181012,11296709.5
20181013,10960731.5
20181014,9548780.0
20181015,10892165.5
20181016,11128788.0
20181017,11070426.5
20181018,10993790.0
20181019,11176091.0
20181020,11030143.0
20181021,9745196.0
20181022,10846668.5
20181023,10989961.0
20181024,11140195.5
20181025,13402401.5
20181026,11104374.5
20181027,11066579.5
20181028,9325532.0
20181029,12636942.5
20181030,11137585.5
20181031,11187573.0
20181101,11080858.5
20181102,11147895.5
20181103,10721774.5
20181104,9473228.0
20181105,10772995.5
20181106,10790530.5
20181107,11235097.0
20181108,10823035.0
20181109,12101366.0
20181110,11249611.5
20181111,9973388.0
20181112,11453942.0
20181113,11012045.0
20181114,11166680.5
20181115,11149486.5
20181116,11395768.0
20181117,10573952.0
20181118,9302151.5
20181119,10397596.0
20181120,10617200.5
20181121,10580630.0
20181122,10638072.0
20181123,10867273.0
20181124,9975355.0
20181125,9135038.0
20181126,10358092.0
20181127,10556018.5
20181128,10601109.0
20181129,10585853.5
20181130,10918691.0
20181201,10478201.0
20181202,9163953.5
20181203,10004965.5
20181204,10513848.5
20181205,10723821.0
20181206,10769656.0
20181207,11021208.5
20181208,10231725.5
20181209,8823946.5
20181210,10406405.0
20181211,10557567.0
20181212,10765026.0
20181213,10037740.5
20181214,12838365.0
20181215,12815842.0
20181216,11765478.0
20181217,13918451.5
20181218,10680440.0
20181219,10755305.5
20181220,10275698.5
20181221,10830555.0
20181222,10361430.5
20181223,8900411.0
20181224,10500226.5
20181225,8746556.0
20181226,10567903.0
20181227,10584976.0
20181228,10805005.0
20181229,9979037.0
20181230,8553606.5
20181231,10228470.5
20190101,12929220.0
20190102,12929220.0
20190103,12929220.0
20190104,12929220.0
20190105,12929220.0
20190106,12929220.0
20190107,12929220.0
20190108,12929220.0
20190109,12929220.0
20190110,12929220.0
20190111,12929220.0
20190112,12929220.0
20190113,12929220.0
20190114,12929220.0
20190115,12929220.0
20190116,12929220.0
20190117,12929220.0
20190118,12929220.0
20190119,12929220.0
20190120,12929220.0
20190121,12929220.0
20190122,12929220.0
20190123,12929220.0
20190124,12929220.0
20190125,12929220.0
20190126,12929220.0
20190127,12929220.0
20190128,12929220.0
20190129,12929220.0
20190130,12929220.0
20190131,12929220.0
20190201,10680398.5
20190202,9254461.5
20190203,7518753.0
20190204,7277482.0
20190205,8870242.5
20190206,7535112.0
20190207,9849889.5
20190208,10456026.5
20190209,9726679.0
20190210,8237211.0
20190211,10301326.0
20190212,23816077.0
20190213,10576366.0
20190214,10748590.5
20190215,9975590.5
20190216,9859514.0
20190217,8625376.5
20190218,10225970.5
20190219,9293384.5
20190220,10374728.0
20190221,10474612.5
20190222,10689815.5
20190223,10121528.0
20190224,8816709.0
20190225,10231624.5
20190226,10399643.5
20190227,10490642.5
20190228,10643518.0
20190301,9318449.5
20190302,9279742.5
20190303,8305957.5
20190304,10064062.5
20190305,10242897.0
20190306,10296494.0
20190307,10596217.0
20190308,10820802.5
20190309,10243690.0
20190310,8633421.0
20190311,10255242.5
20190312,10522256.0
20190313,10555833.0
20190314,10651412.0
20190315,10668192.5
20190316,10119669.5
20190317,8758933.5
20190318,10294757.5
20190319,10482275.5
20190320,10333582.0
20190321,10459357.0
20190322,10831385.0
20190323,10099003.0
20190324,8814962.0
20190325,10319099.0
20190326,10425876.5
20190327,10443919.5
20190328,10614278.0
20190329,12979035.0
20190330,10109308.0
20190331,8779544.0
20190401,10453580.5
20190402,10629441.5
20190403,10705612.0
20190404,10834465.0
20190405,11004986.5
20190406,10285190.5
20190407,9132070.0
20190408,10520350.5
20190409,10670449.0
20190410,10692084.5
20190411,10849006.0
20190412,11014900.5
20190413,10684879.5
20190414,8798129.5
20190415,10711770.5
20190416,10912720.5
20190417,10911506.0
20190418,10868161.0
20190419,11224860.0
20190420,10497336.0
20190421,9045360.0
20190422,10590606.5
20190423,10822880.0
20190424,10680343.5
20190425,10670599.0
20190426,10885163.0
20190427,10601542.5
20190428,9148836.0
20190429,10633490.0
20190430,10966383.0
20190501,9586085.0
20190502,10628306.0
20190503,10950188.5
20190504,10243675.5
20190505,9002154.5
20190506,9228759.0
20190507,10514656.5
20190508,10822789.5
20190509,10690780.5
20190510,10995919.0
20190511,10432200.0
20190512,9074072.5
20190513,10495455.0
20190514,10700199.0
20190515,10751594.0
20190516,10782304.0
20190517,10923750.0
20190518,10430235.5
20190519,8531038.5
20190520,10357194.0
20190521,10679454.5
20190522,10780896.5
20190523,10841799.0
20190524,10933982.5
20190525,10369286.5
20190526,9100483.0
20190527,9720242.0
20190528,10655352.5
20190529,10718253.0
20190530,10710874.0
20190531,10861244.0
20190601,10196817.5
20190602,8815856.0
20190603,10258783.0
20190604,10641652.5
20190605,10869087.0
20190606,9286654.5
20190607,10182377.0
20190608,10109455.0
20190609,8609527.0
20190610,10325685.5
20190611,10615974.0
20190612,10643176.0
20190613,10920453.5
20190614,10987969.0
20190615,10303701.0
20190616,8780300.0
20190617,10437137.5
20190618,10331698.0
20190619,10414853.0
20190620,10817534.5
20190621,7680738.0
20190622,10474836.5
20190623,9040529.0
20190624,10434704.0
20190625,10682946.0
20190626,10712321.0
20190627,10740218.5
20190628,10979536.5
20190629,10164652.0
20190630,8718269.0
20190701,10371237.0
20190702,10612610.5
20190703,10553235.0
20190704,10530500.0
20190705,10817592.0
20190706,10140480.5
20190707,8761338.5
20190708,10289856.0
20190709,10467828.5
20190710,10477995.5
20190711,10492738.5
20190712,10807499.5
20190713,10117631.0
20190714,8726147.0
20190715,9992462.0
20190716,10415415.0
20190717,10574296.5
20190718,10686997.0
20190719,10853832.0
20190720,9976263.0
20190721,8554862.0
20190722,10409101.5
20190723,10584565.0
20190724,10494875.5
20190725,10325103.5
20190726,10104313.5
20190727,9932871.0
20190728,8350730.0
20190729,10349348.0
20190730,10429967.5
20190731,10117613.5
20190801,10442844.0
20190802,10537258.0
20190803,9691079.0
20190804,8539380.5
20190805,10146591.0
20190806,10488296.5
20190807,10222293.0
20190808,10670200.5
20190809,10834670.0
20190810,10070932.5
20190811,8826106.0
20190812,9987967.0
20190813,10623530.5
20190814,10777559.5
20190815,9030279.5
20190816,10514949.5
20190817,9914531.0
20190818,8836711.5
20190819,10427242.0
20190820,10687153.5
20190821,10652375.5
20190822,10734752.5
20190823,10992276.5
20190824,10483354.5
20190825,9125531.5
20190826,10501607.0
20190827,10698480.0
20190828,10755621.5
20190829,10662643.0
20190830,11134455.0
20190831,10795434.0
20190901,9302626.5
20190902,10609290.0
20190903,10794151.0
20190904,10315486.5
20190905,10320993.0
20190906,10833440.0
20190907,8671624.5
20190908,8827152.0
20190909,10720989.0
20190910,10406466.0
20190911,10670084.5
20190912,8510943.0
20190913,8796758.5
20190914,7603039.0
20190915,7952993.0
20190916,9977859.0
20190917,10503815.0
20190918,10581075.5
20190919,10629218.5
20190920,7662742.5
20190921,7246662.5
20190922,8416970.0
20190923,10400041.5
20190924,10700641.5
20190925,10777652.0
20190926,10815858.0
20190927,10955577.5
20190928,10386120.0
20190929,9379489.5
20190930,10566180.5
20191001,10666311.0
20191002,10517988.0
20191003,9016251.0
20191004,10763548.0
20191005,10038445.5
20191006,8960281.0
20191007,10041597.0
20191008,10888267.0
20191009,9468108.0
20191010,10575850.5
20191011,10949964.5
20191012,10523293.5
20191013,9213204.0
20191014,10777991.5
20191015,9648979.0
20191016,10448307.5
20191017,10482727.5
20191018,10713745.0
20191019,10499014.5
20191020,9209128.0
20191021,10244044.0
20191022,10347795.0
20191023,10610697.0
20191024,10731011.5
20191025,10794920.0
20191026,10491460.5
20191027,9325486.5
20191028,10483869.0
20191029,10679706.5
20191030,10763998.5
20191031,10788610.0
20191101,10955617.5
20191102,10361384.5
20191103,9063828.0
20191104,10389869.0
20191105,10592382.0
20191106,10381787.0
20191107,10470856.5
20191108,10930829.0
20191109,10475379.0
20191110,9071887.5
20191111,10462721.5
20191112,10544496.5
20191113,10475015.5
20191114,10686355.0
20191115,10562748.5
20191116,10321176.0
20191117,8833506.0
20191118,10388694.0
20191119,10689231.0
20191120,10736367.5
20191121,10772983.0
20191122,10992547.5
20191123,10492068.5
20191124,9044052.5
20191125,10479766.5
20191126,10635244.0
20191127,10631132.0
20191128,10699322.0
20191129,10897649.0
20191130,10239864.5
20191201,8581574.0
20191202,10371507.5
20191203,10440561.5
20191204,10546259.5
20191205,10533517.5
20191206,7557522.0
20191207,10066271.5
20191208,8787929.5
20191209,10289594.5
20191210,10497026.5
20191211,10629471.0
20191212,10837362.0
20191213,10955487.5
20191214,10394589.0
20191215,9094190.5
20191216,10546561.0
20191217,10405319.5
20191218,10699275.0
20191219,10752529.0
20191220,10960100.0
20191221,10079096.0
20191222,8780775.0
20191223,10376934.5
20191224,10675553.0
20191225,8593350.0
20191226,10285470.0
20191227,10674499.0
20191228,9796868.0
20191229,8402045.5
20191230,10227191.0
20191231,10338583.0
20200101,7709095.0
20200102,9810243.5
20200103,10419984.5
20200104,9542662.5
20200105,8178323.0
20200106,9935689.5
20200107,9786906.5
20200108,10093418.0
20200109,10441527.0
20200110,10616806.0
20200111,9821241.0
20200112,8377880.5
20200113,10161258.0
20200114,10402762.0
20200115,10480799.5
20200116,10540138.0
20200117,10787566.0
20200118,10061080.0
20200119,8421444.0
20200120,10401067.0
20200121,10717087.5
20200122,10784414.5
20200123,10487222.5
20200124,8025999.5
20200125,8804992.5
20200126,7714962.5
20200127,7198161.0
20200128,9811168.5
20200129,10207851.0
20200130,10374208.5
20200131,10526849.5
20200201,10286055.0
20200202,10286055.0
20200203,10286055.0
20200204,10286055.0
20200205,10286055.0
20200206,10286055.0
20200207,10286055.0
20200208,10286055.0
20200209,10286055.0
20200210,10286055.0
20200211,10286055.0
20200212,10286055.0
20200213,10286055.0
20200214,10286055.0
20200215,10286055.0
20200216,10286055.0
20200217,10286055.0
20200218,10286055.0
20200219,10286055.0
20200220,10286055.0
20200221,10286055.0
20200222,10286055.0
20200223,10286055.0
20200224,10286055.0
20200225,10286055.0
20200226,10286055.0
20200227,10286055.0
20200228,10286055.0
20200229,10286055.0
20200301,6369980.0
20200302,9538454.5
20200303,9622469.0
20200304,9693692.0
20200305,9795653.5
20200306,10025737.0
20200307,8627390.0
20200308,6819146.5
20200309,9663993.5
20200310,9249959.0
20200311,9876011.5
20200312,10015026.0
20200313,7195454.5
20200314,8944539.0
20200315,6924893.0
20200316,9747849.0
20200317,9787522.0
20200318,10058064.5
20200319,9868499.0
20200320,10386050.5
20200321,8998032.0
20200322,7311612.0
20200323,9883795.0
20200324,10089412.5
20200325,10049860.5
20200326,9846671.5
20200327,10144454.0
20200328,9167067.0
20200329,7260679.0
20200330,9879585.5
20200331,10027629.0
20200401,10016111.0
20200402,10028860.5
20200403,10328099.0
20200404,9116772.5
20200405,7347100.5
20200406,9751884.0
20200407,9860154.0
20200408,10116901.0
20200409,10201632.0
20200410,10463033.0
20200411,9335233.0
20200412,7467131.5
20200413,10012426.0
20200414,10457340.0
20200415,8317038.5
20200416,10172678.5
20200417,10105215.0
20200418,9409166.0
20200419,7268835.0
20200420,10031217.5
20200421,10285861.5
20200422,10140220.5
20200423,10193893.5
20200424,10758441.5
20200425,9681194.0
20200426,7977118.5
20200427,10103920.5
20200428,10684576.5
20200429,10824750.5
20200430,9209265.5
20200501,8838406.5
20200502,8899141.5
20200503,8000616.5
20200504,10172872.5
20200505,8421213.5
20200506,10303699.5
20200507,10631371.0
20200508,10634859.0
20200509,9093788.0
20200510,8046820.5
20200511,10107738.5
20200512,10294205.5
20200513,10404001.5
20200514,10476300.5
20200515,10070507.5
20200516,9463463.5
20200517,7975217.0
20200518,9889056.0
20200519,9939786.0
20200520,10455594.0
20200521,10517267.0
20200522,10641169.5
20200523,9906301.5
20200524,8030790.5
20200525,10262893.0
20200526,10377763.5
20200527,10514292.5
20200528,10581346.5
20200529,10624825.0
20200530,9825051.5
20200531,8099840.0
20200601,10191427.5
20200602,10256431.5
20200603,10486405.5
20200604,10535509.0
20200605,10825925.5
20200606,9622195.0
20200607,8246141.0
20200608,10336927.5
20200609,10626938.5
20200610,10570872.5
20200611,10609520.0
20200612,10754658.5
20200613,9929835.0
20200614,8261476.0
20200615,10279565.5
20200616,10301117.5
20200617,10280125.5
20200618,10444792.0
20200619,10752991.5
20200620,9999370.0
20200621,8411854.0
20200622,10234076.0
20200623,10471123.0
20200624,10013225.0
20200625,10243636.0
20200626,10762510.5
20200627,10086994.5
20200628,8571519.5
20200629,10304918.5
20200630,9856127.5
20200701,10351416.0
20200702,10431649.0
20200703,10681310.0
20200704,9909513.5
20200705,8268699.5
20200706,10178385.5
20200707,10322523.5
20200708,10352083.0
20200709,10406679.0
20200710,10533277.5
20200711,9843937.5
20200712,8143159.0
20200713,9496131.5
20200714,10125420.0
20200715,10451850.0
20200716,10519943.0
20200717,10606298.5
20200718,9937084.5
20200719,7868847.0
20200720,9905507.5
20200721,10325232.0
20200722,10142390.5
20200723,9801368.0
20200724,10385459.5
20200725,9764140.0
20200726,8325974.5
20200727,9903800.5
20200728,10185108.5
20200729,10081827.0
20200730,10283812.5
20200731,10530584.0
20200801,8949557.5
20200802,7183396.5
20200803,8927923.5
20200804,9527483.0
20200805,9583941.0
20200806,9146756.5
20200807,10091295.0
20200808,9220028.0
20200809,6735123.0
20200810,9361759.5
20200811,9517891.0
20200812,10087402.5
20200813,10409401.0
20200814,10411525.0
20200815,8606401.0
20200816,8031803.5
20200817,8831356.0
20200818,10062927.5
20200819,10100199.0
20200820,10073777.0
20200821,10094578.0
20200822,8636476.0
20200823,7335794.0
20200824,10003169.5
20200825,10114193.5
20200826,9857149.0
20200827,9191013.5
20200828,9992919.5
20200829,8606591.0
20200830,6873703.0
20200831,9605700.5
20200901,9653751.5
20200902,9172885.0
20200903,9181633.5
20200904,10037463.5
20200905,8738655.5
20200906,6827812.0
20200907,8715662.5
20200908,9679118.0
20200909,9599401.5
20200910,9775547.0
20200911,9890434.5
20200912,8721678.5
20200913,7446479.0
20200914,9772805.0
20200915,10055022.5
20200916,9957996.0
20200917,10148853.5
20200918,7382040.5
20200919,9623936.5
20200920,7952095.0
20200921,9988944.5
20200922,10134845.0
20200923,10201148.0
20200924,10257324.0
20200925,10438368.0
20200926,9735752.0
20200927,8091713.5
20200928,10250868.5
20200929,10343207.5
20200930,8058902.5
20201001,7927532.5
20201002,7044601.0
20201003,7441364.0
20201004,7179079.5
20201005,9853241.5
20201006,10165035.5
20201007,10283705.0
20201008,10562953.0
20201009,9384884.0
20201010,8775042.0
20201011,7918781.0
20201012,10152693.5
20201013,10204242.5
20201014,10257675.5
20201015,10407006.0
20201016,10534852.0
20201017,10075840.0
20201018,8569049.5
20201019,9982992.0
20201020,10179656.0
20201021,10274434.0
20201022,10374900.0
20201023,10634196.0
20201024,10104852.0
20201025,8660390.5
20201026,10039647.0
20201027,10215455.0
20201028,10287554.5
20201029,10398439.0
20201030,10540070.0
20201031,10079296.5
20201101,8238448.5
20201102,9982343.5
20201103,10244860.0
20201104,10268749.0
20201105,10353579.5
20201106,10497135.0
20201107,10019356.0
20201108,8783840.5
20201109,10073462.0
20201110,10317195.5
20201111,10431302.0
20201112,10437363.5
20201113,10597036.5
20201114,10081542.5
20201115,8814388.5
20201116,10180223.0
20201117,10304227.0
20201118,10127958.5
20201119,9758262.0
20201120,10348921.0
20201121,9856669.5
20201122,8311601.5
20201123,10028278.0
20201124,9917654.0
20201125,9855950.5
20201126,9862028.0
20201127,10144250.0
20201128,9246328.5
20201129,7751995.0
20201130,9831289.5
20201201,9348480.0
20201202,9348480.0
20201203,9348480.0
20201204,9348480.0
20201205,9348480.0
20201206,9348480.0
20201207,9348480.0
20201208,9348480.0
20201209,9348480.0
20201210,9348480.0
20201211,9348480.0
20201212,9348480.0
20201213,9348480.0
20201214,9348480.0
20201215,9348480.0
20201216,9348480.0
20201217,9348480.0
20201218,9348480.0
20201219,9348480.0
20201220,9348480.0
20201221,9348480.0
20201222,9348480.0
20201223,9348480.0
20201224,9348480.0
20201225,9348480.0
20201226,9348480.0
20201227,9348480.0
20201228,9348480.0
20201229,9348480.0
20201230,9348480.0
20201231,9348480.0
20210101,5976251.0
20210102,7254430.5
20210103,6204632.0
20210104,9203020.5
20210105,9393333.0
20210106,8654475.0
20210107,6927111.0
20210108,8703140.0
20210109,8031326.5
20210110,6501985.0
20210111,9517266.5
20210112,8663465.0
20210113,9144157.5
20210114,9686876.0
20210115,9663622.0
20210116,8802979.0
20210117,6721446.5
20210118,8348603.5
20210119,9535087.5
20210120,9741917.0
20210121,9590797.5
20210122,9769356.0
20210123,8921608.0
20210124,7397693.5
20210125,9720737.5
20210126,9549552.0
20210127,9901918.5
20210128,9021695.0
20210129,9832126.0
20210130,8771835.5
20210131,7436577.5
20210201,9667653.0
20210202,9690871.0
20210203,9296112.0
20210204,9006503.0
20210205,9887216.5
20210206,8957524.0
20210207,7379312.0
20210208,9878372.0
20210209,10030428.0
20210210,9792998.0
20210211,7427391.0
20210212,7415598.5
20210213,7201672.5
20210214,6963075.0
20210215,9510509.0
20210216,9370873.0
20210217,8733385.0
20210218,9657341.5
20210219,10211567.0
20210220,9192921.0
20210221,7841597.0
20210222,9903271.5
20210223,9979022.0
20210224,10138411.0
20210225,10108766.5
20210226,10297989.5
20210227,9446708.0
20210228,8132338.5
20210301,6971029.0
20210302,9481488.5
20210303,9689730.0
20210304,9733852.0
20210305,9958356.0
20210306,9056238.0
20210307,7651330.5
20210308,9517483.0
20210309,9726686.5
20210310,9726704.0
20210311,9819622.0
20210312,10006116.0
20210313,9237158.5
20210314,7810410.5
20210315,9643287.0
20210316,9946418.5
20210317,10085094.5
20210318,9961212.5
20210319,10235894.0
20210320,9184976.5
20210321,8107355.0
20210322,9888178.5
20210323,9849855.5
20210324,9930822.0
20210325,10153909.5
20210326,10369699.0
20210327,9191745.0
20210328,7815360.0
20210329,9992141.5
20210330,10125658.5
20210331,10242740.5
20210401,10265005.5
20210402,10420354.0
20210403,8865173.5
20210404,8271341.0
20210405,10063151.5
20210406,10167704.5
20210407,10142143.0
20210408,10290746.5
20210409,10533105.5
20210410,9715590.0
20210411,8288443.0
20210412,9617840.5
20210413,9958354.0
20210414,10094239.0
20210415,10144082.5
20210416,10264969.5
20210417,9366748.0
20210418,8192495.0
20210419,9895624.0
20210420,9958719.0
20210421,10090188.5
20210422,10145887.5
20210423,10415018.0
20210424,9613042.5
20210425,8350182.0
20210426,10096405.0
20210427,10161846.5
20210428,10240178.5
20210429,10325781.0
20210430,10381024.5
20210501,9048691.0
20210502,8277246.5
20210503,10085710.5
20210504,10007283.5
20210505,8608359.0
20210506,10197781.5
20210507,10340030.5
20210508,9750411.5
20210509,8399956.5
20210510,9893662.0
20210511,10163805.0
20210512,9659670.0
20210513,10242308.0
20210514,10317942.0
20210515,9114095.5
20210516,7287782.0
20210517,9626190.5
20210518,10332756.5
20210519,8777445.5
20210520,9961639.5
20210521,10080250.0
20210522,9549146.5
20210523,8085356.5
20210524,10081954.0
20210525,10112146.5
20210526,10181876.5
20210527,9954738.0
20210528,10028107.5
20210529,9359743.5
20210530,8278029.0
20210531,10062332.0
20210601,10028777.5
20210602,10083188.5
20210603,9838867.0
20210604,10384450.5
20210605,9647128.5
20210606,8167628.0
20210607,9813894.5
20210608,10053325.5
20210609,10086724.0
20210610,10172370.0
20210611,10169531.5
20210612,9533100.5
20210613,8294663.5
20210614,10028533.5
20210615,9808016.5
20210616,9979600.5
20210617,9918388.5
20210618,10136074.0
20210619,9618840.0
20210620,8167106.0
20210621,10092391.0
20210622,10038555.0
20210623,10112782.5
20210624,10292728.0
20210625,10607915.0
20210626,9737303.5
20210627,8486093.5
20210628,10109325.0
20210629,10168947.5
20210630,10292608.5
20210701,10264407.0
20210702,10588463.0
20210703,9092913.0
20210704,7599048.0
20210705,10021659.5
20210706,10351011.5
20210707,10174842.0
20210708,10166205.0
20210709,10410122.5
20210710,9356823.0
20210711,7665539.5
20210712,9641922.5
20210713,9750868.5
20210714,9800202.5
20210715,9870716.5
20210716,10092663.5
20210717,8976785.0
20210718,7435271.5
20210719,9767159.5
20210720,9869169.5
20210721,10007432.0
20210722,10001408.0
20210723,10271809.0
20210724,9198295.5
20210725,7550922.5
20210726,9929822.5
20210727,10031987.5
20210728,9902452.0
20210729,9964965.0
20210730,10136613.0
20210731,8716004.0
20210801,7327719.5
20210802,9512426.0
20210803,9667007.5
20210804,9759512.5
20210805,9976613.0
20210806,10072740.5
20210807,9081868.5
20210808,7582657.0
20210809,9610181.0
20210810,9776389.0
20210811,9894092.0
20210812,9894987.0
20210813,10122999.5
20210814,9016115.0
20210815,7869850.0
20210816,8542224.5
20210817,9861340.0
20210818,9876678.0
20210819,10153572.5
20210820,10219433.0
20210821,8678671.5
20210822,7780055.5
20210823,9668366.5
20210824,9635537.0
20210825,10005555.5
20210826,10077804.0
20210827,10110621.5
20210828,9327540.0
20210829,7925085.5
20210830,9938995.5
20210831,9670143.5
20210901,9864780.0
20210902,10014771.5
20210903,10273273.5
20210904,9412978.0
20210905,8077547.0
20210906,9884343.5
20210907,9485772.5
20210908,10025830.5
20210909,10172498.5
20210910,7302771.5
20210911,6670018.5
20210912,8287054.5
20210913,10068874.5
20210914,10214227.5
20210915,10386371.0
20210916,10457005.0
20210917,10423359.0
20210918,9201534.5
20210919,7967642.0
20210920,7512683.5
20210921,7960654.5
20210922,7433514.5
20210923,9606674.0
20210924,10031472.0
20210925,9122582.5
20210926,7793553.5
20210927,9915151.5
20210928,9921482.0
20210929,9603859.0
20210930,10091132.0
20211001,10324503.5
20211002,9367770.5
20211003,8004506.0
20211004,8588550.5
20211005,9887970.0
20211006,9770137.5
20211007,9926609.5
20211008,10177912.0
20211009,9273060.5
20211010,7902725.0
20211011,8759102.0
20211012,9948597.0
20211013,10050481.0
20211014,10253602.5
20211015,10377927.5
20211016,9671894.5
20211017,8347454.0
20211018,10042427.5
20211019,10073386.0
20211020,10221028.5
20211021,10413666.5
20211022,10628024.0
20211023,9948943.0
20211024,8680442.5
20211025,10188772.5
20211026,10204521.0
20211027,10372198.0
20211028,10392423.5
20211029,10485702.0
20211030,9715724.0
20211031,8483674.0
20211101,10062730.5
20211102,10260998.5
20211103,10377970.5
20211104,10432959.0
20211105,10540992.0
20211106,9892910.0
20211107,8723735.5
20211108,9615312.0
20211109,9860916.5
20211110,10110182.5
20211111,10577343.0
20211112,10739883.5
20211113,9992716.0
20211114,8845244.5
20211115,10252405.5
20211116,10212888.5
20211117,10247463.0
20211118,10199278.5
20211119,10532002.0
20211120,9764213.5
20211121,8558887.0
20211122,10021227.0
20211123,10174888.5
20211124,10322052.0
20211125,10294648.5
20211126,10642663.5
20211127,9918758.5
20211128,8699142.0
20211129,10103291.5
20211130,9794695.5
20211201,9860265.0
20211202,9860265.0
20211203,9860265.0
20211204,9860265.0
20211205,9860265.0
20211206,9860265.0
20211207,9860265.0
20211208,9860265.0
20211209,9860265.0
20211210,9860265.0
20211211,9860265.0
20211212,9860265.0
20211213,9860265.0
20211214,9860265.0
20211215,9860265.0
20211216,9860265.0
20211217,9860265.0
20211218,9860265.0
20211219,9860265.0
20211220,9860265.0
20211221,9860265.0
20211222,9860265.0
20211223,9860265.0
20211224,9860265.0
20211225,9860265.0
20211226,9860265.0
20211227,9860265.0
20211228,9860265.0
20211229,9860265.0
20211230,9860265.0
20211231,9860265.0
20220101,7750167.5
20220102,7700568.5
20220103,10019357.0
20220104,10286105.0
20220105,10173599.5
20220106,9912767.5
20220107,10479390.0
20220108,9461491.0
20220109,8083410.5
20220110,10044815.5
20220111,9767190.5
20220112,9840276.0
20220113,10365842.0
20220114,10421189.5
20220115,9375599.0
20220116,8100470.5
20220117,9842949.5
20220118,10101404.5
20220119,8977849.5
20220120,10018592.5
20220121,10413858.0
20220122,9520978.5
20220123,8156668.0
20220124,10107863.5
20220125,10167154.5
20220126,10349984.5
20220127,10341625.0
20220128,10193043.0
20220129,8750583.5
20220130,7727338.0
20220131,7009071.5
20220201,17238785.5
20220202,17151323.0
20220203,19866394.5
20220204,19646265.0
20220205,17217858.0
20220206,17384000.5
20220207,20101450.5
20220208,20243207.5
20220209,20330172.5
20220210,20387036.5
20220211,19878160.5
20220212,17652550.0
20220213,17820641.5
20220214,20137202.5
20220215,20207427.5
20220216,20214363.0
20220217,20615867.5
20220218,19945091.0
20220219,17784636.0
20220220,18106487.5
20220221,20377834.5
20220222,20489220.5
20220223,20602492.5
20220224,20890163.0
20220225,20403455.0
20220226,18091097.5
20220227,18462317.5
20220228,20782719.0
20220301,8093734.5
20220302,9919810.0
20220303,10140350.0
20220304,10223622.5
20220305,9222100.0
20220306,7730151.0
20220307,9929183.5
20220308,10259238.5
20220309,8113345.5
20220310,9945829.0
20220311,10269416.0
20220312,9219374.5
20220313,7311810.5
20220314,9710876.0
20220315,9916584.0
20220316,9954874.0
20220317,9985094.0
20220318,10219140.5
20220319,8745236.5
20220320,7828853.5
20220321,9854457.5
20220322,10065709.0
20220323,10048178.5
20220324,10161967.5
20220325,10510479.5
20220326,9283834.0
20220327,8306044.5
20220328,10140015.0
20220329,9707440.5
20220330,9997791.5
20220331,10291203.0
20220401,10513357.0
20220402,9704196.5
20220403,8331302.0
20220404,10096163.5
20220405,10360833.0
20220406,10398476.5
20220407,10449908.5
20220408,10710475.5
20220409,10035895.5
20220410,8835888.5
20220411,10343174.0
20220412,10338473.0
20220413,10190334.5
20220414,10297037.0
20220415,10702763.5
20220416,9830118.0
20220417,8698703.0
20220418,10148128.5
20220419,10402471.0
20220420,10390440.5
20220421,10522941.0
20220422,10535669.0
20220423,9918856.0
20220424,8694717.5
20220425,10047646.5
20220426,10377349.0
20220427,10474717.5
20220428,10511583.0
20220429,10536249.0
20220430,9948381.0
20220501,8677145.5
20220502,10234129.5
20220503,10501283.5
20220504,10829457.5
20220505,9171174.0
20220506,10465627.5
20220507,10131565.5
20220508,9038209.5
20220509,10247266.5
20220510,10484060.5
20220511,10466985.5
20220512,10535316.0
20220513,10790732.0
20220514,10111052.0
20220515,8823486.5
20220516,10207692.5
20220517,10356553.0
20220518,10419113.5
20220519,10476225.5
20220520,10640910.0
20220521,9907746.0
20220522,8637321.5
20220523,10107065.5
20220524,10318472.5
20220525,10382093.0
20220526,10560972.0
20220527,10709654.5
20220528,10004370.0
20220529,8730403.0
20220530,10100272.5
20220531,10569372.5
20220601,9076686.5
20220602,10313511.0
20220603,10621194.0
20220604,9838871.5
20220605,8511353.5
20220606,8253541.5
20220607,10517335.5
20220608,10702240.5
20220609,10408029.0
20220610,10814187.0
20220611,9987719.5
20220612,8681546.5
20220613,10081132.0
20220614,10396964.5
20220615,10198802.0
20220616,10585934.0
20220617,10976570.5
20220618,10069058.5
20220619,8823512.5
20220620,10352046.0
20220621,10676321.5
20220622,10693158.5
20220623,10219642.5
20220624,10741833.5
20220625,10220166.5
20220626,8658336.0
20220627,9998762.0
20220628,10141856.0
20220629,10076941.5
20220630,9605387.0
20220701,10691533.0
20220702,9851568.5
20220703,8684981.0
20220704,9003889.0
20220705,9953856.0
20220706,10332492.5
20220707,10134895.5
20220708,10130845.0
20220709,9907445.0
20220710,8607842.5
20220711,10126849.5
20220712,10451782.5
20220713,9653571.5
20220714,10675199.0
20220715,10766952.0
20220716,9726005.5
20220717,8413137.5
20220718,9875032.0
20220719,10183893.0
20220720,10183722.0
20220721,10080682.5
20220722,10350657.5
20220723,9390822.0
20220724,8223780.5
20220725,9937505.5
20220726,10100650.0
20220727,10201083.5
20220728,10223306.0
20220729,10515183.5
20220730,9570262.0
20220731,8042032.0
20220801,9543740.0
20220802,9475780.5
20220803,9633460.0
20220804,10086289.5
20220805,10268162.0
20220806,9312555.5
20220807,8173174.0
20220808,9043635.0
20220809,8050374.5
20220810,9005340.5
20220811,9500421.5
20220812,10213622.5
20220813,9240484.5
20220814,8157825.5
20220815,7960011.5
20220816,10059116.5
20220817,10226595.0
20220818,10230730.5
20220819,10179710.0
20220820,9584378.0
20220821,8495891.0
20220822,9961066.5
20220823,10131974.0
20220824,10128843.5
20220825,10123668.0
20220826,10482526.5
20220827,9771076.0
20220828,8727958.5
20220829,10001214.0
20220830,9719822.5
20220831,10123054.0
20220901,10397975.0
20220902,10613041.5
20220903,10170728.0
20220904,8324485.5
20220905,9170095.5
20220906,9492355.5
20220907,10822001.5
20220908,10637848.5
20220909,8500127.5
20220910,8535137.5
20220911,7818847.5
20220912,7693753.0
20220913,9844543.5
20220914,10056578.5
20220915,10112155.0
20220916,10240510.5
20220917,9631899.0
20220918,8651761.0
20220919,9982008.5
20220920,10363855.0
20220921,10258284.0
20220922,10279522.5
20220923,10359878.0
20220924,9933835.0
20220925,8813663.5
20220926,10013067.0
20220927,10058361.5
20220928,10188370.5
20220929,10210454.5
20220930,10510991.5
20221001,9794914.0
20221002,8605069.5
20221003,7678920.5
20221004,9917385.0
20221005,10185623.5
20221006,10321421.0
20221007,10566164.5
20221008,9812242.5
20221009,8305803.5
20221010,8281237.0
20221011,10024909.0
20221012,10149133.5
20221013,10324254.5
20221014,10529941.0
20221015,9871276.5
20221016,8651526.0
20221017,9984467.5
20221018,10111795.0
20221019,10295045.0
20221020,10397075.0
20221021,10456297.0
20221022,9807673.5
20221023,8883742.0
20221024,10095348.5
20221025,10186988.5
20221026,10132355.5
20221027,10365866.0
20221028,10565226.0
20221029,9954966.5
20221030,8792046.5
20221031,9950105.0
20221101,10089473.5
20221102,10088968.0
20221103,10160945.5
20221104,10396926.5
20221105,9746973.5
20221106,8725761.0
20221107,9976212.5
20221108,10187385.0
20221109,10181041.0
20221110,10281167.0
20221111,10554896.5
20221112,9527076.0
20221113,8527316.0
20221114,9919635.0
20221115,10053761.5
20221116,10087368.5
20221117,10129130.0
20221118,10458680.0
20221119,9721000.0
20221120,8808306.0
20221121,9711229.0
20221122,9897560.5
20221123,10013302.5
20221124,10032096.0
20221125,10542697.5
20221126,10041364.0
20221127,8767257.0
20221128,9774542.0
20221129,10091198.0
20221130,10262974.5
20221201,10258723.5
20221202,10601946.0
20221203,9267407.0
20221204,8352170.0
20221205,9959621.5
20221206,9856121.0
20221207,10080453.0
20221208,10390133.0
20221209,10572368.5
20221210,9776530.5
20221211,6715570.5
20221212,11080693.0
20221213,9803364.0
20221214,9979284.5
20221215,9091657.0
20221216,9955062.5
20221217,9376376.5
20221218,8266755.0
20221219,9972415.5
20221220,10301353.5
20221221,8865927.5
20221222,10201282.0
20221223,10368321.5
20221224,9239245.5
20221225,8197960.5
20221226,9930920.0
20221227,10101777.5
20221228,10261295.0
20221229,10282505.0
20221230,10175411.0
20221231,8899033.5
20230101,7893561.0
20230102,9432384.0
20230103,10048077.5
20230104,10215439.5
20230105,10275302.5
20230106,10292841.0
20230107,9213687.0
20230108,8152050.0
20230109,10047571.0
20230110,10292789.0
20230111,10337199.0
20230112,10365281.5
20230113,10163381.0
20230114,9445866.5
20230115,7971187.5
20230116,10070848.5
20230117,10291333.5
20230118,10521708.0
20230119,10602405.0
20230120,10350720.5
20230121,8285263.5
20230122,8635231.0
20230123,7538244.0
20230124,6975778.5
20230125,9676662.0
20230126,8579033.5
20230127,10240771.5
20230128,9368232.0
20230129,8110235.0
20230130,10139412.5
20230131,10231299.0
20230301,9044205.5
20230302,10437081.5
20230303,10673222.5
20230304,9861538.0
20230305,8598121.0
20230306,10362467.0
20230307,10570765.0
20230308,10528594.5
20230309,10514905.0
20230310,10738287.5
20230311,10020282.5
20230312,8395749.5
20230313,10315313.0
20230314,10632683.0
20230315,10552295.5
20230316,10777083.5
20230317,11068717.5
20230318,10206927.0
20230319,8994898.0
20230320,10390066.5
20230321,10677385.0
20230322,10686486.5
20230323,10718849.5
20230324,10946860.0
20230325,10144244.0
20230326,9082466.0
20230327,10455640.5
20230328,10669700.5
20230329,10740479.5
20230330,10923378.0
20230331,11028183.0
20230401,10422255.5
20230402,9187408.5
20230403,10609114.0
20230404,10651748.0
20230405,9872639.5
20230406,10656021.5
20230407,11071343.5
20230408,10322699.0
20230409,9113583.0
20230410,10585283.0
20230411,10507119.5
20230412,10836965.0
20230413,10880526.0
20230414,11100922.0
20230415,10080202.0
20230416,8933818.0
20230417,10565992.5
20230418,10482123.5
20230419,10851100.5
20230420,10680653.5
20230421,11169087.5
20230422,10337669.5
20230423,8919256.0
20230424,10394731.5
20230425,10518501.0
20230426,10741115.5
20230427,10919195.5
20230428,11225968.5
20230429,9946498.0
20230430,9289238.0
20230501,9299054.0
20230502,10636512.0
20230503,10850826.0
20230504,11179747.0
20230505,8580464.5
20230506,9396963.5
20230507,9581132.5
20230508,10823583.5
20230509,10675743.0
20230510,10557994.5
20230511,10624562.0
20230512,10879523.5
20230513,10268094.5
20230514,9133398.5
20230515,10426251.0
20230516,10538132.0
20230517,10617101.5
20230518,10693201.0
20230519,10930182.5
20230520,10240074.0
20230521,9109438.0
20230522,10469720.0
20230523,10668261.5
20230524,10749651.0
20230525,10848320.5
20230526,11089801.0
20230527,9454341.0
20230528,8072151.5
20230529,8861602.5
20230530,10474269.0
20230531,10485224.0
20230601,10657334.0
20230602,10856674.5
20230603,10211358.5
20230604,8902826.0
20230605,10371689.5
20230606,8764677.5
20230607,10463806.5
20230608,10513681.5
20230609,10846959.5
20230610,9907668.0
20230611,8710968.5
20230612,10270002.5
20230613,10502071.5
20230614,10495645.0
20230615,10714923.0
20230616,11049511.0
20230617,10289355.0
20230618,9217491.5
20230619,10541178.0
20230620,10696514.0
20230621,10367162.5
20230622,10934694.5
20230623,11020413.5
20230624,10329797.0
20230625,9209570.5
20230626,10005689.5
20230627,10598277.5
20230628,10731373.5
20230629,9994506.5
20230630,10838894.5
20230701,10136001.0
20230702,8990565.5
20230703,10340769.5
20230704,10248406.0
20230705,10353771.5
20230706,10715377.0
20230707,10909487.0
20230708,9970155.5
20230709,8473463.0
20230710,10127887.5
20230711,9804859.0
20230712,10359506.5
20230713,9859082.5
20230714,9912495.5
20230715,9367185.0
20230716,8459119.5
20230717,10062624.5
20230718,10185189.5
20230719,10718847.5
20230720,10655912.5
20230721,10918430.5
20230722,10026040.5
20230723,8007600.5
20230724,10419025.0
20230725,10401905.0
20230726,10327833.5
20230727,10398262.0
20230728,10591381.5
20230729,9813418.5
20230730,8585296.5
20230731,10125959.0
20230801,10331756.5
20230802,10305085.0
20230803,10342054.0
20230804,10503225.0
20230805,9654058.0
20230806,8472750.5
20230807,10199497.0
20230808,10649724.0
20230809,10600853.5
20230810,8909948.0
20230811,10017909.0
20230812,9612392.5
20230813,8603871.5
20230814,10246888.0
20230815,8802497.0
20230816,10582299.5
20230817,10638372.0
20230818,10819982.5
20230819,10108734.0
20230820,8858997.0
20230821,10365924.5
20230822,10449707.0
20230823,10040030.0
20230824,10436519.0
20230825,10702131.0
20230826,9942006.0
20230827,8836700.5
20230828,9764910.5
20230829,9817501.5
20230830,10222477.5
20230831,10441085.5
20230901,7307369.0
20230902,7307369.0
20230903,7307369.0
20230904,7307369.0
20230905,7307369.0
20230906,7307369.0
20230907,7307369.0
20230908,7307369.0
20230909,7307369.0
20230910,7307369.0
20230911,7307369.0
20230912,7307369.0
20230913,7307369.0
20230914,7307369.0
20230915,7307369.0
20230916,7307369.0
20230917,7307369.0
20230918,7307369.0
20230919,7307369.0
20230920,7307369.0
20230921,7307369.0
20230922,7307369.0
20230923,7307369.0
20230924,7307369.0
20230925,7307369.0
20230926,7307369.0
20230927,7307369.0
20230928,7307369.0
20230929,7307369.0
20230930,7307369.0
20231001,7845226.0
20231002,8413864.5
20231003,7916490.0
20231004,9791662.0
20231005,10362643.5
20231006,10610570.0
20231007,9555167.0
20231008,8824720.5
20231009,8569846.0
20231010,10316181.0
20231011,10431711.0
20231012,10523136.5
20231013,10764633.0
20231014,9854282.0
20231015,9195177.5
20231016,10212210.5
20231017,10442769.5
20231018,10468649.5
20231019,10312089.5
20231020,10910590.5
20231021,10324263.0
20231022,9185005.0
20231023,10212533.0
20231024,10336292.5
20231025,10522464.5
20231026,10597636.0
20231027,10796086.5
20231028,10242735.5
20231029,9293693.5
20231030,10252590.0
20231031,10317702.0
20231101,10252833.5
20231102,10453762.5
20231103,10384569.5
20231104,9894665.5
20231105,8490183.5
20231106,9722716.5
20231107,10194233.5
20231108,10360650.0
20231109,10424002.0
20231110,10884428.5
20231111,10116136.0
20231112,9243135.5
20231113,10370501.5
20231114,10703693.5
20231115,10584348.5
20231116,10138568.0
20231117,10688268.0
20231118,10364170.0
20231119,9444706.5
20231120,10535654.5
20231121,10608818.5
20231122,10497475.5
20231123,10655296.0
20231124,10826879.0
20231125,10141738.0
20231126,9034684.5
20231127,10133168.5
20231128,10508308.0
20231129,10693014.0
20231130,10737735.5
20231201,10840378.0
20231202,10020345.5
20231203,8895233.0
20231204,10309180.5
20231205,10467393.5
20231206,10460465.0
20231207,10566115.5
20231208,10778499.0
20231209,9943196.5
20231210,8788117.0
20231211,9883075.5
20231212,10436974.0
20231213,10534641.0
20231214,10280305.0
20231215,10220511.5
20231216,9594514.5
20231217,8527210.5
20231218,10323094.0
20231219,10459159.0
20231220,10131763.0
20231221,10551828.0
20231222,10741122.0
20231223,9646631.0
20231224,8063588.0
20231225,7558327.0
20231226,10328251.0
20231227,10591537.0
20231228,10610666.0
20231229,10654951.0
20231230,7677503.0
20231231,7665747.0
